Model,Train_R2,Train_RMSE,Train_MAE,Test_R2,Test_RMSE,Test_MAE,R2_Difference,RMSE_Difference
Linear Regression,1.0,3.124052659870247e-11,2.4722261576921486e-11,1.0,3.0488459155821555e-11,2.393996311231464e-11,0.0,-7.520674428809155e-13
Ridge Regression,0.9999999067352079,3.967300248454907,2.97306235581442,0.9999999037866255,4.039963256495663,2.9837129210559414,2.9485823782593457e-09,0.07266300804075598
Decision Tree,0.9999999717489594,2.183501182418882,1.4133663228147644,0.9999942319867947,31.280437214322802,13.451978354440115,5.739762164669315e-06,29.09693603190392
Random Forest,0.9999982846049903,17.014464206380886,3.222519584332523,0.9999954959327064,27.64153310115089,7.613450205147339,2.78867228387103e-06,10.627068894770005
Gradient Boosting,0.9999262502102395,111.56207918846239,83.92194118397315,0.9999196286435429,116.76437008299276,88.0237534625409,6.621566696618508e-06,5.202290894530364
Support Vector Regression,0.04823688161947026,12673.618855947514,10077.191399702599,0.04380121104409873,12736.021582099862,10037.58013679779,0.004435670575371531,62.402726152347896
