Date,Area Name,Road/Intersection Name,Traffic Volume,Average Speed,Travel Time Index,Congestion Level,Road Capacity Utilization,Incident Reports,Weather Conditions,Roadwork and Construction Activity,Temperature,Humidity,Wind Speed,Rain Volume,Visibility,Free Flow Speed,Jam Factor,Confidence
2026-03-26,Electronic City,Hosur Road,104000,23.0,1.3014,23.3,23.33,0,Windy,No,30.56,32.0,9.39,0.0,6000.0,30.0,2.33,1.0
2026-03-26,Electronic City,Silk Board Junction,102535,19.0,1.4742,32.1,32.14,0,Windy,No,30.56,32.0,9.39,0.0,6000.0,28.0,3.21,1.0
2026-03-26,Hebbal,Ballari Road,90750,27.0,1.3333,25.0,25.0,0,Windy,No,30.56,32.0,9.39,0.0,6000.0,36.0,2.5,0.93
2026-03-26,Hebbal,Hebbal Flyover,117750,31.0,1.5473,35.4,35.42,0,Windy,No,30.56,32.0,9.39,0.0,6000.0,48.0,3.54,1.0
2026-03-26,Indiranagar,100 Feet Road,70285,15.0,1.4,28.6,28.57,0,Windy,No,30.56,32.0,9.39,0.0,6000.0,21.0,2.86,1.0
2026-03-26,Indiranagar,CMH Road,65249,19.0,1.4728,32.1,32.14,0,Windy,No,30.56,32.0,9.39,0.0,6000.0,28.0,3.21,1.0
2026-03-26,Jayanagar,Jayanagar 4th Block,60465,21.0,1.3787,27.6,27.59,0,Windy,No,30.56,32.0,9.39,0.0,6000.0,29.0,2.76,1.0
2026-03-26,Jayanagar,South End Circle,101896,18.0,1.6111,37.9,37.93,0,Windy,No,30.56,32.0,9.39,0.0,6000.0,29.0,3.79,0.9934
2026-03-26,Koramangala,Sarjapur Road,49605,32.0,1.156,13.5,13.51,0,Windy,No,30.56,32.0,9.39,0.0,6000.0,37.0,1.35,1.0
2026-03-26,Koramangala,Sony World Junction,67111,20.0,1.3512,25.9,25.93,0,Windy,No,30.56,32.0,9.39,0.0,6000.0,27.0,2.59,1.0
2026-03-26,M.G. Road,Anil Kumble Circle,97173,15.0,1.5345,34.8,34.78,0,Windy,No,30.56,32.0,9.39,0.0,6000.0,23.0,3.48,1.0
2026-03-26,M.G. Road,Trinity Circle,92142,24.0,1.4581,31.4,31.43,0,Windy,No,30.56,32.0,9.39,0.0,6000.0,35.0,3.14,1.0
2026-03-26,Whitefield,ITPL Main Road,60827,23.0,1.2608,20.7,20.69,0,Windy,No,30.56,32.0,9.39,0.0,6000.0,29.0,2.07,0.995
2026-03-26,Whitefield,Marathahalli Bridge,39600,26.0,1.0,0.0,0.0,0,Windy,No,30.56,32.0,9.39,0.0,6000.0,26.0,0.0,1.0
2026-03-26,Yeshwanthpur,Tumkur Road,43200,19.0,1.0,0.0,0.0,0,Windy,No,30.56,32.0,9.39,0.0,6000.0,19.0,0.0,1.0
2026-03-26,Yeshwanthpur,Yeshwanthpur Circle,87187,23.0,1.3914,28.1,28.12,0,Windy,No,30.56,32.0,9.39,0.0,6000.0,32.0,2.81,1.0
2026-03-30,Electronic City,Hosur Road,60981,29.4,1.062,4.66,4.55,0,Clear,No,30.17,38.91,5.46,0.0,7818.18,30.8,0.466,0.9998
2026-03-30,Electronic City,Silk Board Junction,86031,21.1,1.3411,22.19,22.14,0,Clear,No,30.17,38.91,5.46,0.0,7818.18,27.1,2.219,1.0
2026-03-30,Hebbal,Ballari Road,66553,32.1,1.1354,10.42,10.34,0,Clear,No,30.17,38.91,5.46,0.0,7818.18,35.8,1.042,0.9842
2026-03-30,Hebbal,Hebbal Flyover,73148,42.0,1.1471,10.63,10.64,0,Clear,No,30.17,38.91,5.46,0.0,7818.18,47.0,1.063,1.0
2026-03-30,Indiranagar,100 Feet Road,58777,17.5,1.2771,19.12,18.98,0,Clear,No,30.17,38.91,5.46,0.0,7818.18,21.6,1.912,1.0
2026-03-30,Indiranagar,CMH Road,54456,21.8,1.2987,21.85,21.86,0,Clear,No,30.17,38.91,5.46,0.0,7818.18,27.9,2.185,1.0
2026-03-30,Jayanagar,Jayanagar 4th Block,64827,20.0,1.5063,31.81,31.74,0,Clear,No,30.17,38.91,5.46,0.0,7818.18,29.3,3.181,0.9979
2026-03-30,Jayanagar,South End Circle,79812,22.5,1.3342,23.32,23.21,0,Clear,No,30.17,38.91,5.46,0.0,7818.18,29.3,2.332,0.9931
2026-03-30,Koramangala,Sarjapur Road,36676,35.3,1.0601,5.05,5.11,0,Clear,No,30.17,38.91,5.46,0.0,7818.18,37.2,0.505,1.0
2026-03-30,Koramangala,Sony World Junction,52551,22.5,1.1747,13.77,13.79,0,Clear,No,30.17,38.91,5.46,0.0,7818.18,26.1,1.377,1.0
2026-03-30,M.G. Road,Anil Kumble Circle,57052,20.8,1.1357,8.91,8.77,0,Clear,No,30.17,38.91,5.46,0.0,7818.18,22.8,0.891,1.0
2026-03-30,M.G. Road,Trinity Circle,68342,29.3,1.1983,15.43,15.56,0,Clear,No,30.17,38.91,5.46,0.0,7818.18,34.7,1.543,1.0
2026-03-30,Whitefield,ITPL Main Road,61657,23.9,1.3028,21.39,21.38,0,Clear,No,30.17,38.91,5.46,0.0,7818.18,30.4,2.139,0.9973
2026-03-30,Whitefield,Marathahalli Bridge,53870,24.5,1.1324,5.6,5.41,0,Clear,No,30.17,38.91,5.46,0.0,7818.18,25.9,0.56,1.0
2026-03-30,Yeshwanthpur,Tumkur Road,46247,18.7,1.0116,1.09,1.06,0,Clear,No,30.17,38.91,5.46,0.0,7818.18,18.9,0.109,0.9983
2026-03-30,Yeshwanthpur,Yeshwanthpur Circle,74153,25.7,1.2588,19.45,19.44,0,Clear,No,30.17,38.91,5.46,0.0,7818.18,31.9,1.945,1.0
2026-03-31,Electronic City,Hosur Road,63034,29.15,1.0663,5.3,5.2,0,Clear,No,27.41,50.0,4.38,0.0,7550.0,30.75,0.5305,0.9971
2026-03-31,Electronic City,Silk Board Junction,69361,23.75,1.168,12.02,12.04,0,Clear,No,27.41,50.0,4.38,0.0,7550.0,27.0,1.2015,1.0
2026-03-31,Hebbal,Ballari Road,68192,31.7,1.1564,11.42,11.33,0,Clear,No,27.41,50.0,4.38,0.0,7550.0,35.75,1.1415,0.9843
2026-03-31,Hebbal,Hebbal Flyover,64011,43.65,1.0988,7.2,7.23,0,Clear,No,27.41,50.0,4.38,0.0,7550.0,47.05,0.7205,0.9999
2026-03-31,Indiranagar,100 Feet Road,54672,18.45,1.2196,15.64,15.56,0,Clear,No,27.41,50.0,4.38,0.0,7550.0,21.85,1.5635,0.9999
2026-03-31,Indiranagar,CMH Road,45375,24.3,1.1833,13.21,13.21,0,Clear,No,27.41,50.0,4.38,0.0,7550.0,28.0,1.321,1.0
2026-03-31,Jayanagar,Jayanagar 4th Block,48527,24.8,1.2397,16.38,16.22,0,Clear,No,27.41,50.0,4.38,0.0,7550.0,29.6,1.6385,0.9997
2026-03-31,Jayanagar,South End Circle,61497,26.3,1.1541,11.2,11.0,0,Clear,No,27.41,50.0,4.38,0.0,7550.0,29.55,1.1205,0.9974
2026-03-31,Koramangala,Sarjapur Road,36934,35.2,1.0616,5.21,5.25,0,Clear,No,27.41,50.0,4.38,0.0,7550.0,37.15,0.521,1.0
2026-03-31,Koramangala,Sony World Junction,49153,23.15,1.1359,10.94,10.96,0,Clear,No,27.41,50.0,4.38,0.0,7550.0,26.0,1.0945,1.0
2026-03-31,M.G. Road,Anil Kumble Circle,63421,20.0,1.1799,12.42,12.28,0,Clear,No,27.41,50.0,4.38,0.0,7550.0,22.8,1.2425,1.0
2026-03-31,M.G. Road,Trinity Circle,62005,30.5,1.1472,11.19,11.34,0,Clear,No,27.41,50.0,4.38,0.0,7550.0,34.4,1.119,1.0
2026-03-31,Whitefield,ITPL Main Road,54580,26.2,1.2275,15.48,15.48,0,Clear,No,27.41,50.0,4.38,0.0,7550.0,31.0,1.548,0.9987
2026-03-31,Whitefield,Marathahalli Bridge,46199,25.35,1.0505,2.5,2.5,0,Clear,No,27.41,50.0,4.38,0.0,7550.0,26.0,0.25,1.0
2026-03-31,Yeshwanthpur,Tumkur Road,54538,18.3,1.049,3.9,3.94,0,Clear,No,27.41,50.0,4.38,0.0,7550.0,19.05,0.3895,0.9987
2026-03-31,Yeshwanthpur,Yeshwanthpur Circle,63103,28.05,1.163,12.1,12.07,0,Clear,No,27.41,50.0,4.38,0.0,7550.0,31.9,1.2095,1.0
2026-04-01,Electronic City,Hosur Road,67600,28.7,1.0898,6.79,6.67,0,Clear,No,26.85,56.05,5.63,0.0,6750.0,30.75,0.679,0.9995
2026-04-01,Electronic City,Silk Board Junction,70471,23.35,1.191,12.86,12.71,0,Clear,No,26.85,56.05,5.63,0.0,6750.0,26.75,1.2865,1.0
2026-04-01,Hebbal,Ballari Road,59141,33.15,1.099,7.48,7.4,0,Clear,No,26.85,56.05,5.63,0.0,6750.0,35.8,0.7475,0.9864
2026-04-01,Hebbal,Hebbal Flyover,70190,42.55,1.1278,9.38,9.37,0,Clear,No,26.85,56.05,5.63,0.0,6750.0,46.95,0.938,0.9999
2026-04-01,Indiranagar,100 Feet Road,52986,18.8,1.2036,14.2,14.16,0,Clear,No,26.85,56.05,5.63,0.0,6750.0,21.9,1.42,0.9999
2026-04-01,Indiranagar,CMH Road,45537,24.3,1.1869,13.32,13.37,0,Clear,No,26.85,56.05,5.63,0.0,6750.0,28.05,1.3315,1.0
2026-04-01,Jayanagar,Jayanagar 4th Block,49323,24.7,1.2577,17.08,16.97,0,Clear,No,26.85,56.05,5.63,0.0,6750.0,29.75,1.708,0.9993
2026-04-01,Jayanagar,South End Circle,63212,26.05,1.1765,12.35,12.14,0,Clear,No,26.85,56.05,5.63,0.0,6750.0,29.65,1.235,0.9963
2026-04-01,Koramangala,Sarjapur Road,39159,34.7,1.0774,6.42,6.47,0,Clear,No,26.85,56.05,5.63,0.0,6750.0,37.1,0.6425,1.0
2026-04-01,Koramangala,Sony World Junction,47226,23.55,1.1181,9.59,9.6,0,Clear,No,26.85,56.05,5.63,0.0,6750.0,26.05,0.959,1.0
2026-04-01,M.G. Road,Anil Kumble Circle,66334,19.6,1.2375,14.28,14.22,0,Clear,No,26.85,56.05,5.63,0.0,6750.0,22.85,1.428,1.0
2026-04-01,M.G. Road,Trinity Circle,60261,30.9,1.1339,10.0,10.17,0,Clear,No,26.85,56.05,5.63,0.0,6750.0,34.4,1.0,1.0
2026-04-01,Whitefield,ITPL Main Road,51121,27.05,1.1872,12.6,12.6,0,Clear,No,26.85,56.05,5.63,0.0,6750.0,30.95,1.2595,0.9992
2026-04-01,Whitefield,Marathahalli Bridge,39600,26.0,1.0,0.0,0.0,0,Clear,No,26.85,56.05,5.63,0.0,6750.0,26.0,0.0,1.0
2026-04-01,Yeshwanthpur,Tumkur Road,58239,18.15,1.0652,5.14,5.22,0,Clear,No,26.85,56.05,5.63,0.0,6750.0,19.15,0.5145,0.999
2026-04-01,Yeshwanthpur,Yeshwanthpur Circle,60517,28.6,1.1364,10.37,10.34,0,Clear,No,26.85,56.05,5.63,0.0,6750.0,31.9,1.037,1.0
2026-04-02,Electronic City,Hosur Road,61569,29.27,1.0648,4.88,4.73,0,Clear,No,26.34,54.23,4.38,0.0,7000.0,30.73,0.4882,0.9997
2026-04-02,Electronic City,Silk Board Junction,75228,22.64,1.2277,15.64,15.59,0,Clear,No,26.34,54.23,4.38,0.0,7000.0,26.82,1.5641,1.0
2026-04-02,Hebbal,Ballari Road,66020,32.27,1.1373,10.05,10.01,0,Clear,No,26.34,54.23,4.38,0.0,7000.0,35.86,1.005,0.9791
2026-04-02,Hebbal,Hebbal Flyover,72452,42.18,1.1523,10.25,10.25,0,Clear,No,26.34,54.23,4.38,0.0,7000.0,47.0,1.025,0.9998
2026-04-02,Indiranagar,100 Feet Road,51684,19.05,1.1787,13.11,13.07,0,Clear,No,26.34,54.23,4.38,0.0,7000.0,21.91,1.3114,1.0
2026-04-02,Indiranagar,CMH Road,45716,24.09,1.1842,13.56,13.54,0,Clear,No,26.34,54.23,4.38,0.0,7000.0,27.86,1.3559,1.0
2026-04-02,Jayanagar,Jayanagar 4th Block,52244,24.0,1.3249,19.8,19.76,0,Clear,No,26.34,54.23,4.38,0.0,7000.0,29.91,1.9795,0.9991
2026-04-02,Jayanagar,South End Circle,66195,25.14,1.1981,14.4,14.13,0,Clear,No,26.34,54.23,4.38,0.0,7000.0,29.27,1.44,0.9958
2026-04-02,Koramangala,Sarjapur Road,36290,35.32,1.0577,4.86,4.9,0,Clear,No,26.34,54.23,4.38,0.0,7000.0,37.14,0.4859,1.0
2026-04-02,Koramangala,Sony World Junction,49029,23.14,1.1387,10.86,10.86,0,Clear,No,26.34,54.23,4.38,0.0,7000.0,25.95,1.0864,1.0
2026-04-02,M.G. Road,Anil Kumble Circle,63190,20.09,1.2043,12.25,12.13,0,Clear,No,26.34,54.23,4.38,0.0,7000.0,22.86,1.2255,1.0
2026-04-02,M.G. Road,Trinity Circle,60831,30.82,1.1343,10.39,10.55,0,Clear,No,26.34,54.23,4.38,0.0,7000.0,34.45,1.0386,1.0
2026-04-02,Whitefield,ITPL Main Road,49900,27.41,1.1674,11.58,11.58,0,Clear,No,26.34,54.23,4.38,0.0,7000.0,31.0,1.1582,0.9995
2026-04-02,Whitefield,Marathahalli Bridge,39600,26.0,1.0,0.0,0.0,0,Clear,No,26.34,54.23,4.38,0.0,7000.0,26.0,0.0,1.0
2026-04-02,Yeshwanthpur,Tumkur Road,59696,17.95,1.0771,5.7,5.73,0,Clear,No,26.34,54.23,4.38,0.0,7000.0,19.05,0.5695,0.9855
2026-04-02,Yeshwanthpur,Yeshwanthpur Circle,62811,28.0,1.1619,11.93,11.87,0,Clear,No,26.34,54.23,4.38,0.0,7000.0,31.77,1.1927,1.0
2026-04-03,Electronic City,Hosur Road,52246,30.31,1.0232,1.82,1.75,0,Clear,No,27.82,51.92,3.24,0.0,7076.92,30.85,0.1823,1.0
2026-04-03,Electronic City,Silk Board Junction,66633,24.23,1.1395,10.37,10.38,0,Clear,No,27.82,51.92,3.24,0.0,7076.92,27.04,1.0373,1.0
2026-04-03,Hebbal,Ballari Road,68966,30.19,1.168,12.06,11.8,0,Clear,No,27.82,51.92,3.24,0.0,7076.92,34.23,1.2062,0.9594
2026-04-03,Hebbal,Hebbal Flyover,71670,42.42,1.1295,9.86,9.89,0,Clear,No,27.82,51.92,3.24,0.0,7076.92,47.08,0.9858,0.9999
2026-04-03,Indiranagar,100 Feet Road,55613,18.31,1.2355,16.39,16.34,0,Clear,No,27.82,51.92,3.24,0.0,7076.92,21.88,1.6392,0.9999
2026-04-03,Indiranagar,CMH Road,42377,24.96,1.1355,10.4,10.36,0,Clear,No,27.82,51.92,3.24,0.0,7076.92,27.85,1.0404,1.0
2026-04-03,Jayanagar,Jayanagar 4th Block,49909,24.42,1.269,17.72,17.53,0,Clear,No,27.82,51.92,3.24,0.0,7076.92,29.62,1.7715,0.9995
2026-04-03,Jayanagar,South End Circle,61279,26.54,1.1542,10.94,10.85,0,Clear,No,27.82,51.92,3.24,0.0,7076.92,29.77,1.0938,0.9978
2026-04-03,Koramangala,Sarjapur Road,30008,36.54,1.0173,1.42,1.45,0,Clear,No,27.82,51.92,3.24,0.0,7076.92,37.08,0.1419,1.0
2026-04-03,Koramangala,Sony World Junction,40728,24.38,1.0788,6.21,6.21,0,Clear,No,27.82,51.92,3.24,0.0,7076.92,26.0,0.6212,1.0
2026-04-03,M.G. Road,Anil Kumble Circle,49760,21.5,1.0786,5.86,5.73,0,Clear,No,27.82,51.92,3.24,0.0,7076.92,22.81,0.5862,1.0
2026-04-03,M.G. Road,Trinity Circle,51856,32.08,1.079,6.48,6.61,0,Clear,No,27.82,51.92,3.24,0.0,7076.92,34.35,0.6481,1.0
2026-04-03,Whitefield,ITPL Main Road,49101,27.62,1.1542,10.92,10.92,0,Clear,No,27.82,51.92,3.24,0.0,7076.92,31.0,1.0919,0.9994
2026-04-03,Whitefield,Marathahalli Bridge,39600,26.0,1.0,0.0,0.0,0,Clear,No,27.82,51.92,3.24,0.0,7076.92,26.0,0.0,1.0
2026-04-03,Yeshwanthpur,Tumkur Road,56581,18.15,1.063,4.63,4.65,0,Clear,No,27.82,51.92,3.24,0.0,7076.92,19.04,0.4627,0.9988
2026-04-03,Yeshwanthpur,Yeshwanthpur Circle,61847,28.27,1.1517,11.28,11.23,0,Clear,No,27.82,51.92,3.24,0.0,7076.92,31.85,1.1281,1.0
2026-04-04,Electronic City,Hosur Road,57570,29.9,1.047,3.48,3.45,0,Clear,No,27.44,62.41,3.55,0.0,6758.62,30.97,0.3479,0.9997
2026-04-04,Electronic City,Silk Board Junction,71415,23.41,1.1782,13.24,13.28,0,Clear,No,27.44,62.41,3.55,0.0,6758.62,27.0,1.3245,1.0
2026-04-04,Hebbal,Ballari Road,68136,31.41,1.1478,11.11,11.3,0,Clear,No,27.44,62.41,3.55,0.0,6758.62,35.41,1.1114,0.9583
2026-04-04,Hebbal,Hebbal Flyover,80920,40.0,1.225,14.97,14.96,0,Clear,No,27.44,62.41,3.55,0.0,6758.62,47.03,1.4966,0.9997
2026-04-04,Indiranagar,100 Feet Road,62392,17.0,1.3327,22.0,21.99,0,Clear,No,27.44,62.41,3.55,0.0,6758.62,21.79,2.1997,1.0
2026-04-04,Indiranagar,CMH Road,44641,24.59,1.1632,12.48,12.52,0,Clear,No,27.44,62.41,3.55,0.0,6758.62,28.1,1.2476,1.0
2026-04-04,Jayanagar,Jayanagar 4th Block,55975,22.69,1.3783,23.47,23.31,0,Clear,No,27.44,62.41,3.55,0.0,6758.62,29.59,2.3466,1.0
2026-04-04,Jayanagar,South End Circle,69590,24.62,1.2412,16.62,16.39,0,Clear,No,27.44,62.41,3.55,0.0,6758.62,29.45,1.6621,0.9965
2026-04-04,Koramangala,Sarjapur Road,41481,34.52,1.0914,7.66,7.74,0,Clear,No,27.44,62.41,3.55,0.0,6758.62,37.41,0.7655,1.0
2026-04-04,Koramangala,Sony World Junction,48238,23.38,1.1287,10.17,10.2,0,Clear,No,27.44,62.41,3.55,0.0,6758.62,26.03,1.0172,1.0
2026-04-04,M.G. Road,Anil Kumble Circle,73026,18.76,1.3293,18.38,18.68,0,Clear,No,27.44,62.41,3.55,0.0,6758.62,23.07,1.8383,1.0
2026-04-04,M.G. Road,Trinity Circle,64571,30.1,1.1634,12.92,13.05,0,Clear,No,27.44,62.41,3.55,0.0,6758.62,34.62,1.2924,1.0
2026-04-04,Whitefield,ITPL Main Road,56823,25.62,1.251,17.33,17.35,0,Clear,No,27.44,62.41,3.55,0.0,6758.62,31.0,1.7328,0.999
2026-04-04,Whitefield,Marathahalli Bridge,51536,24.76,1.0608,4.57,4.52,0,Clear,No,27.44,62.41,3.55,0.0,6758.62,25.93,0.4566,1.0
2026-04-04,Yeshwanthpur,Tumkur Road,66593,17.55,1.1188,8.05,8.12,0,Clear,No,27.44,62.41,3.55,0.0,6758.62,19.1,0.8048,0.9979
2026-04-04,Yeshwanthpur,Yeshwanthpur Circle,66915,27.21,1.2025,14.66,14.61,0,Clear,No,27.44,62.41,3.55,0.0,6758.62,31.86,1.4662,1.0
2026-04-05,Electronic City,Hosur Road,52845,30.37,1.0234,1.95,1.94,0,Clear,No,27.37,61.0,5.68,0.0,6533.33,30.97,0.1947,0.9961
2026-04-05,Electronic City,Silk Board Junction,49075,25.97,1.0439,3.64,3.59,0,Clear,No,27.37,61.0,5.68,0.0,6533.33,26.93,0.3637,1.0
2026-04-05,Hebbal,Ballari Road,61989,32.73,1.1137,8.57,8.48,0,Clear,No,27.37,61.0,5.68,0.0,6533.33,35.77,0.8573,0.9781
2026-04-05,Hebbal,Hebbal Flyover,53208,45.37,1.0424,3.47,3.48,0,Clear,No,27.37,61.0,5.68,0.0,6533.33,47.0,0.3473,1.0
2026-04-05,Indiranagar,100 Feet Road,55082,18.33,1.2378,16.05,15.9,0,Clear,No,27.37,61.0,5.68,0.0,6533.33,21.8,1.6053,1.0
2026-04-05,Indiranagar,CMH Road,38848,25.63,1.1003,8.16,8.12,0,Clear,No,27.37,61.0,5.68,0.0,6533.33,27.9,0.816,1.0
2026-04-05,Jayanagar,Jayanagar 4th Block,51364,24.0,1.3038,19.1,18.92,0,Clear,No,27.37,61.0,5.68,0.0,6533.33,29.6,1.91,0.9989
2026-04-05,Jayanagar,South End Circle,62026,26.03,1.1609,11.64,11.35,0,Clear,No,27.37,61.0,5.68,0.0,6533.33,29.37,1.164,0.9974
2026-04-05,Koramangala,Sarjapur Road,31449,36.33,1.0252,2.19,2.24,0,Clear,No,27.37,61.0,5.68,0.0,6533.33,37.17,0.2193,0.9998
2026-04-05,Koramangala,Sony World Junction,35208,25.1,1.0398,3.35,3.34,0,Clear,No,27.37,61.0,5.68,0.0,6533.33,25.97,0.3353,1.0
2026-04-05,M.G. Road,Anil Kumble Circle,62316,20.43,1.1652,11.37,11.54,0,Clear,No,27.37,61.0,5.68,0.0,6533.33,23.1,1.137,1.0
2026-04-05,M.G. Road,Trinity Circle,45814,32.83,1.047,4.01,4.09,0,Clear,No,27.37,61.0,5.68,0.0,6533.33,34.23,0.401,1.0
2026-04-05,Whitefield,ITPL Main Road,37255,29.67,1.0511,4.4,4.4,0,Clear,No,27.37,61.0,5.68,0.0,6533.33,31.03,0.4397,0.9995
2026-04-05,Whitefield,Marathahalli Bridge,47394,25.2,1.0505,2.97,2.95,0,Clear,No,27.37,61.0,5.68,0.0,6533.33,25.97,0.2973,1.0
2026-04-05,Yeshwanthpur,Tumkur Road,55283,18.27,1.0556,4.11,4.2,0,Clear,No,27.37,61.0,5.68,0.0,6533.33,19.07,0.4107,0.9944
2026-04-05,Yeshwanthpur,Yeshwanthpur Circle,57406,28.93,1.1156,9.01,8.92,0,Clear,No,27.37,61.0,5.68,0.0,6533.33,31.77,0.9007,0.9999
2026-04-06,Electronic City,Hosur Road,56028,29.96,1.0416,3.05,2.96,0,Clear,No,27.93,50.57,4.77,0.0,7913.04,30.87,0.3052,0.9997
2026-04-06,Electronic City,Silk Board Junction,71818,23.35,1.2082,13.54,13.53,0,Clear,No,27.93,50.57,4.77,0.0,7913.04,27.0,1.3539,1.0
2026-04-06,Hebbal,Ballari Road,67078,32.09,1.1484,10.69,10.65,0,Clear,No,27.93,50.57,4.77,0.0,7913.04,35.91,1.0687,0.987
2026-04-06,Hebbal,Hebbal Flyover,74481,41.65,1.1587,11.37,11.38,0,Clear,No,27.93,50.57,4.77,0.0,7913.04,47.0,1.1365,0.9998
2026-04-06,Indiranagar,100 Feet Road,51298,19.04,1.1787,12.87,12.75,0,Clear,No,27.93,50.57,4.77,0.0,7913.04,21.83,1.2865,0.9999
2026-04-06,Indiranagar,CMH Road,42895,25.0,1.1531,10.78,10.85,0,Clear,No,27.93,50.57,4.77,0.0,7913.04,28.04,1.0783,1.0
2026-04-06,Jayanagar,Jayanagar 4th Block,50074,24.48,1.2877,17.82,17.69,0,Clear,No,27.93,50.57,4.77,0.0,7913.04,29.74,1.7822,0.9988
2026-04-06,Jayanagar,South End Circle,63421,26.09,1.1783,12.39,12.28,0,Clear,No,27.93,50.57,4.77,0.0,7913.04,29.74,1.2391,0.9958
2026-04-06,Koramangala,Sarjapur Road,33981,35.78,1.0417,3.59,3.63,0,Clear,No,27.93,50.57,4.77,0.0,7913.04,37.13,0.3591,1.0
2026-04-06,Koramangala,Sony World Junction,42582,24.17,1.0924,7.14,7.18,0,Clear,No,27.93,50.57,4.77,0.0,7913.04,26.04,0.7139,1.0
2026-04-06,M.G. Road,Anil Kumble Circle,64281,20.04,1.2024,12.61,12.85,0,Clear,No,27.93,50.57,4.77,0.0,7913.04,23.0,1.2609,1.0
2026-04-06,M.G. Road,Trinity Circle,60719,30.83,1.133,10.34,10.48,0,Clear,No,27.93,50.57,4.77,0.0,7913.04,34.43,1.0339,1.0
2026-04-06,Whitefield,ITPL Main Road,50137,27.35,1.1731,11.78,11.78,0,Clear,No,27.93,50.57,4.77,0.0,7913.04,31.0,1.1783,0.9993
2026-04-06,Whitefield,Marathahalli Bridge,48002,25.13,1.0443,3.21,3.18,0,Clear,No,27.93,50.57,4.77,0.0,7913.04,25.96,0.3213,0.9983
2026-04-06,Yeshwanthpur,Tumkur Road,58288,18.09,1.0649,5.19,5.24,0,Clear,No,27.93,50.57,4.77,0.0,7913.04,19.09,0.5187,0.9969
2026-04-06,Yeshwanthpur,Yeshwanthpur Circle,61553,28.39,1.1465,11.07,11.04,0,Clear,No,27.93,50.57,4.77,0.0,7913.04,31.91,1.1065,0.9998
2026-04-07,Electronic City,Hosur Road,65063,28.95,1.0768,5.96,5.85,0,Clear,No,28.14,28.15,3.18,0.0,9600.0,30.75,0.5965,0.9926
2026-04-07,Electronic City,Silk Board Junction,70888,23.5,1.201,13.02,12.96,0,Clear,No,28.14,28.15,3.18,0.0,9600.0,27.0,1.302,1.0
2026-04-07,Hebbal,Ballari Road,66069,32.25,1.1318,10.09,10.04,0,Clear,No,28.14,28.15,3.18,0.0,9600.0,35.85,1.0085,0.9813
2026-04-07,Hebbal,Hebbal Flyover,73047,42.25,1.1555,10.47,10.58,0,Clear,No,28.14,28.15,3.18,0.0,9600.0,47.25,1.047,0.9998
2026-04-07,Indiranagar,100 Feet Road,53339,18.65,1.2165,14.59,14.45,0,Clear,No,28.14,28.15,3.18,0.0,9600.0,21.8,1.459,1.0
2026-04-07,Indiranagar,CMH Road,45512,24.35,1.1841,13.27,13.35,0,Clear,No,28.14,28.15,3.18,0.0,9600.0,28.1,1.327,1.0
2026-04-07,Jayanagar,Jayanagar 4th Block,49977,24.35,1.2931,17.88,17.6,0,Clear,No,28.14,28.15,3.18,0.0,9600.0,29.55,1.788,0.9993
2026-04-07,Jayanagar,South End Circle,65050,25.6,1.1844,13.56,13.37,0,Clear,No,28.14,28.15,3.18,0.0,9600.0,29.55,1.3555,0.9952
2026-04-07,Koramangala,Sarjapur Road,37166,35.2,1.0628,5.31,5.38,0,Clear,No,28.14,28.15,3.18,0.0,9600.0,37.2,0.531,0.9997
2026-04-07,Koramangala,Sony World Junction,47630,23.45,1.1264,9.8,9.81,0,Clear,No,28.14,28.15,3.18,0.0,9600.0,26.0,0.98,1.0
2026-04-07,M.G. Road,Anil Kumble Circle,51686,21.45,1.0882,6.52,6.54,0,Clear,No,28.14,28.15,3.18,0.0,9600.0,22.95,0.6515,1.0
2026-04-07,M.G. Road,Trinity Circle,63940,30.1,1.1658,12.44,12.63,0,Clear,No,28.14,28.15,3.18,0.0,9600.0,34.45,1.2445,1.0
2026-04-07,Whitefield,ITPL Main Road,53777,26.45,1.22,14.76,14.81,0,Clear,No,28.14,28.15,3.18,0.0,9600.0,31.05,1.4765,0.9988
2026-04-07,Whitefield,Marathahalli Bridge,49264,25.0,1.051,3.7,3.66,0,Clear,No,28.14,28.15,3.18,0.0,9600.0,25.95,0.3695,0.9995
2026-04-07,Yeshwanthpur,Tumkur Road,60495,18.0,1.0781,5.82,6.01,0,Clear,No,28.14,28.15,3.18,0.0,9600.0,19.15,0.5815,0.998
2026-04-07,Yeshwanthpur,Yeshwanthpur Circle,61037,28.4,1.1431,10.76,10.69,0,Clear,No,28.14,28.15,3.18,0.0,9600.0,31.8,1.0765,1.0
2026-04-08,Electronic City,Hosur Road,56881,29.95,1.0417,3.27,3.23,0,Clear,No,28.32,39.84,2.92,0.0,8631.58,30.95,0.3268,0.9993
2026-04-08,Electronic City,Silk Board Junction,71456,23.32,1.1957,13.34,13.31,0,Clear,No,28.32,39.84,2.92,0.0,8631.58,26.89,1.3337,1.0
2026-04-08,Hebbal,Ballari Road,66460,32.16,1.1394,10.37,10.28,0,Clear,No,28.32,39.84,2.92,0.0,8631.58,35.84,1.0368,0.9731
2026-04-08,Hebbal,Hebbal Flyover,74939,41.58,1.1636,11.6,11.63,0,Clear,No,28.32,39.84,2.92,0.0,8631.58,47.05,1.16,0.9998
2026-04-08,Indiranagar,100 Feet Road,53723,18.53,1.2089,14.86,14.77,0,Clear,No,28.32,39.84,2.92,0.0,8631.58,21.74,1.4858,1.0
2026-04-08,Indiranagar,CMH Road,48276,23.53,1.2309,15.93,15.98,0,Clear,No,28.32,39.84,2.92,0.0,8631.58,28.0,1.5926,1.0
2026-04-08,Jayanagar,Jayanagar 4th Block,51535,24.11,1.3095,19.19,19.08,0,Clear,No,28.32,39.84,2.92,0.0,8631.58,29.79,1.9195,0.9989
2026-04-08,Jayanagar,South End Circle,68387,24.79,1.2264,15.85,15.59,0,Clear,No,28.32,39.84,2.92,0.0,8631.58,29.37,1.5847,0.9955
2026-04-08,Koramangala,Sarjapur Road,37407,35.21,1.0638,5.45,5.51,0,Clear,No,28.32,39.84,2.92,0.0,8631.58,37.26,0.5447,1.0
2026-04-08,Koramangala,Sony World Junction,45866,23.74,1.1136,8.88,8.89,0,Clear,No,28.32,39.84,2.92,0.0,8631.58,26.05,0.8879,1.0
2026-04-08,M.G. Road,Anil Kumble Circle,56320,21.05,1.1185,8.45,8.47,0,Clear,No,28.32,39.84,2.92,0.0,8631.58,23.0,0.8453,1.0
2026-04-08,M.G. Road,Trinity Circle,65121,29.89,1.178,13.23,13.41,0,Clear,No,28.32,39.84,2.92,0.0,8631.58,34.53,1.3226,1.0
2026-04-08,Whitefield,ITPL Main Road,53346,26.47,1.2103,14.47,14.46,0,Clear,No,28.32,39.84,2.92,0.0,8631.58,30.95,1.4474,0.9994
2026-04-08,Whitefield,Marathahalli Bridge,43340,25.63,1.0197,1.42,1.42,0,Clear,No,28.32,39.84,2.92,0.0,8631.58,26.0,0.1416,1.0
2026-04-08,Yeshwanthpur,Tumkur Road,52773,18.37,1.0486,3.33,3.32,0,Clear,No,28.32,39.84,2.92,0.0,8631.58,19.0,0.3326,0.9999
2026-04-08,Yeshwanthpur,Yeshwanthpur Circle,64090,27.79,1.1767,12.75,12.73,0,Clear,No,28.32,39.84,2.92,0.0,8631.58,31.84,1.2747,1.0
2026-04-09,Electronic City,Hosur Road,59729,29.56,1.0588,4.24,4.14,0,Clear,No,28.24,50.61,4.37,0.02,8888.89,30.83,0.4244,0.9994
2026-04-09,Electronic City,Silk Board Junction,67154,24.11,1.1592,10.69,10.7,0,Clear,No,28.24,50.61,4.37,0.02,8888.89,27.0,1.0689,1.0
2026-04-09,Hebbal,Ballari Road,71859,30.83,1.1968,13.65,13.55,0,Clear,No,28.24,50.61,4.37,0.02,8888.89,35.67,1.365,0.9799
2026-04-09,Hebbal,Hebbal Flyover,71761,42.39,1.1479,9.88,9.92,0,Clear,No,28.24,50.61,4.37,0.02,8888.89,47.06,0.9878,0.9998
2026-04-09,Indiranagar,100 Feet Road,48213,19.61,1.1327,10.28,10.18,0,Clear,No,28.24,50.61,4.37,0.02,8888.89,21.83,1.0283,0.9997
2026-04-09,Indiranagar,CMH Road,45304,24.22,1.1805,13.17,13.15,0,Clear,No,28.24,50.61,4.37,0.02,8888.89,27.89,1.3167,1.0
2026-04-09,Jayanagar,Jayanagar 4th Block,52146,23.83,1.3469,19.87,19.66,0,Clear,No,28.24,50.61,4.37,0.02,8888.89,29.67,1.9872,0.9992
2026-04-09,Jayanagar,South End Circle,63609,25.89,1.1859,12.66,12.41,0,Clear,No,28.24,50.61,4.37,0.02,8888.89,29.56,1.2661,0.9964
2026-04-09,Koramangala,Sarjapur Road,34994,35.61,1.0472,4.14,4.19,0,Clear,No,28.24,50.61,4.37,0.02,8888.89,37.17,0.4144,1.0
2026-04-09,Koramangala,Sony World Junction,43128,24.11,1.0928,7.42,7.46,0,Clear,No,28.24,50.61,4.37,0.02,8888.89,26.06,0.7417,1.0
2026-04-09,M.G. Road,Anil Kumble Circle,64249,20.0,1.2256,12.87,12.83,0,Clear,No,28.24,50.61,4.37,0.02,8888.89,22.94,1.2867,1.0
2026-04-09,M.G. Road,Trinity Circle,61209,30.72,1.14,10.64,10.81,0,Clear,No,28.24,50.61,4.37,0.02,8888.89,34.44,1.0644,1.0
2026-04-09,Whitefield,ITPL Main Road,51942,26.83,1.1857,13.3,13.29,0,Clear,No,28.24,50.61,4.37,0.02,8888.89,30.94,1.33,0.9994
2026-04-09,Whitefield,Marathahalli Bridge,49753,25.0,1.0604,3.85,3.85,0,Clear,No,28.24,50.61,4.37,0.02,8888.89,26.0,0.385,1.0
2026-04-09,Yeshwanthpur,Tumkur Road,62455,17.83,1.0871,6.61,6.69,0,Clear,No,28.24,50.61,4.37,0.02,8888.89,19.11,0.6611,0.9984
2026-04-09,Yeshwanthpur,Yeshwanthpur Circle,62247,28.22,1.1589,11.54,11.5,0,Clear,No,28.24,50.61,4.37,0.02,8888.89,31.89,1.1539,0.9999
2026-04-10,Electronic City,Hosur Road,58411,29.75,1.0528,3.78,3.72,0,Clear,No,29.11,50.7,4.69,0.13,9000.0,30.9,0.3785,0.9995
2026-04-10,Electronic City,Silk Board Junction,70277,23.6,1.1818,12.58,12.59,0,Clear,No,29.11,50.7,4.69,0.13,9000.0,27.0,1.258,1.0
2026-04-10,Hebbal,Ballari Road,73466,30.6,1.1991,14.59,14.53,0,Clear,No,29.11,50.7,4.69,0.13,9000.0,35.8,1.4595,0.9733
2026-04-10,Hebbal,Hebbal Flyover,76763,41.1,1.2148,12.61,12.65,0,Clear,No,29.11,50.7,4.69,0.13,9000.0,47.05,1.261,0.9998
2026-04-10,Indiranagar,100 Feet Road,56045,18.2,1.2384,16.82,16.7,0,Clear,No,29.11,50.7,4.69,0.13,9000.0,21.85,1.682,0.9997
2026-04-10,Indiranagar,CMH Road,45911,24.2,1.1854,13.65,13.73,0,Clear,No,29.11,50.7,4.69,0.13,9000.0,28.05,1.3645,1.0
2026-04-10,Jayanagar,Jayanagar 4th Block,53352,23.4,1.3559,21.06,20.81,0,Clear,No,29.11,50.7,4.69,0.13,9000.0,29.55,2.106,0.9995
2026-04-10,Jayanagar,South End Circle,63081,25.9,1.1776,12.35,12.05,0,Clear,No,29.11,50.7,4.69,0.13,9000.0,29.45,1.235,0.9973
2026-04-10,Koramangala,Sarjapur Road,31544,36.2,1.0273,2.28,2.29,0,Clear,No,29.11,50.7,4.69,0.13,9000.0,37.05,0.228,1.0
2026-04-10,Koramangala,Sony World Junction,48509,23.2,1.1355,10.48,10.42,0,Clear,No,29.11,50.7,4.69,0.13,9000.0,25.9,1.048,1.0
2026-04-10,M.G. Road,Anil Kumble Circle,63995,20.0,1.2013,12.66,12.66,0,Clear,No,29.11,50.7,4.69,0.13,9000.0,22.9,1.2655,1.0
2026-04-10,M.G. Road,Trinity Circle,63913,30.15,1.1646,12.48,12.61,0,Clear,No,29.11,50.7,4.69,0.13,9000.0,34.5,1.2475,1.0
2026-04-10,Whitefield,ITPL Main Road,51290,27.05,1.1874,12.74,12.74,0,Clear,No,29.11,50.7,4.69,0.13,9000.0,31.0,1.2745,0.9994
2026-04-10,Whitefield,Marathahalli Bridge,42646,25.7,1.0154,1.16,1.15,0,Clear,No,29.11,50.7,4.69,0.13,9000.0,26.0,0.1155,1.0
2026-04-10,Yeshwanthpur,Tumkur Road,69450,17.45,1.1303,8.9,9.11,0,Clear,No,29.11,50.7,4.69,0.13,9000.0,19.2,0.8895,0.9989
2026-04-10,Yeshwanthpur,Yeshwanthpur Circle,64073,27.8,1.1765,12.76,12.72,0,Clear,No,29.11,50.7,4.69,0.13,9000.0,31.85,1.2755,0.9998
2026-04-11,Electronic City,Hosur Road,62193,29.26,1.064,5.04,4.93,0,Clear,No,29.81,48.15,4.45,0.0,9333.33,30.78,0.5037,0.999
2026-04-11,Electronic City,Silk Board Junction,66725,24.15,1.1356,10.47,10.44,0,Clear,No,29.81,48.15,4.45,0.0,9333.33,26.96,1.0467,1.0
2026-04-11,Hebbal,Ballari Road,66563,32.11,1.1411,10.4,10.34,0,Clear,No,29.81,48.15,4.45,0.0,9333.33,35.81,1.0404,0.9783
2026-04-11,Hebbal,Hebbal Flyover,86456,38.56,1.2605,18.03,18.03,0,Clear,No,29.81,48.15,4.45,0.0,9333.33,47.04,1.8026,0.9997
2026-04-11,Indiranagar,100 Feet Road,63864,16.78,1.3785,23.33,23.22,0,Clear,No,29.81,48.15,4.45,0.0,9333.33,21.85,2.3326,0.9998
2026-04-11,Indiranagar,CMH Road,45341,24.15,1.1715,13.2,13.18,0,Clear,No,29.81,48.15,4.45,0.0,9333.33,27.81,1.3204,1.0
2026-04-11,Jayanagar,Jayanagar 4th Block,55125,22.96,1.3715,22.66,22.5,0,Clear,No,29.81,48.15,4.45,0.0,9333.33,29.63,2.2663,1.0
2026-04-11,Jayanagar,South End Circle,69060,24.81,1.2389,16.23,16.04,0,Clear,No,29.81,48.15,4.45,0.0,9333.33,29.56,1.623,0.9957
2026-04-11,Koramangala,Sarjapur Road,39858,34.74,1.0796,6.79,6.85,0,Clear,No,29.81,48.15,4.45,0.0,9333.33,37.3,0.6793,1.0
2026-04-11,Koramangala,Sony World Junction,46877,23.52,1.1149,9.42,9.42,0,Clear,No,29.81,48.15,4.45,0.0,9333.33,25.96,0.9422,1.0
2026-04-11,M.G. Road,Anil Kumble Circle,71699,18.81,1.2869,17.88,17.8,0,Clear,No,29.81,48.15,4.45,0.0,9333.33,22.89,1.7881,1.0
2026-04-11,M.G. Road,Trinity Circle,61416,30.74,1.1344,10.81,10.94,0,Clear,No,29.81,48.15,4.45,0.0,9333.33,34.52,1.0811,1.0
2026-04-11,Whitefield,ITPL Main Road,52754,26.7,1.1941,13.93,13.96,0,Clear,No,29.81,48.15,4.45,0.0,9333.33,31.04,1.3926,0.9992
2026-04-11,Whitefield,Marathahalli Bridge,49768,24.96,1.0662,3.88,3.85,0,Clear,No,29.81,48.15,4.45,0.0,9333.33,25.96,0.3881,1.0
2026-04-11,Yeshwanthpur,Tumkur Road,78069,16.56,1.1876,13.31,13.37,0,Clear,No,29.81,48.15,4.45,0.0,9333.33,19.11,1.3315,0.9956
2026-04-11,Yeshwanthpur,Yeshwanthpur Circle,68344,26.93,1.2099,15.55,15.56,0,Clear,No,29.81,48.15,4.45,0.0,9333.33,31.89,1.5552,0.9998
2026-04-12,Electronic City,Hosur Road,51278,30.52,1.0186,1.46,1.44,0,Clear,No,28.98,41.19,5.4,0.0,8888.89,30.96,0.1459,0.9996
2026-04-12,Electronic City,Silk Board Junction,50102,25.93,1.0517,3.97,3.98,0,Clear,No,28.98,41.19,5.4,0.0,8888.89,27.0,0.3974,1.0
2026-04-12,Hebbal,Ballari Road,56202,33.67,1.0845,6.33,6.29,0,Clear,No,28.98,41.19,5.4,0.0,8888.89,35.93,0.6333,0.9823
2026-04-12,Hebbal,Hebbal Flyover,67859,43.11,1.132,8.49,8.56,0,Clear,No,28.98,41.19,5.4,0.0,8888.89,47.15,0.8485,0.9999
2026-04-12,Indiranagar,100 Feet Road,56851,17.96,1.2567,17.49,17.38,0,Clear,No,28.98,41.19,5.4,0.0,8888.89,21.74,1.7485,1.0
2026-04-12,Indiranagar,CMH Road,40755,25.41,1.1182,9.26,9.26,0,Clear,No,28.98,41.19,5.4,0.0,8888.89,28.0,0.9263,1.0
2026-04-12,Jayanagar,Jayanagar 4th Block,47563,25.22,1.2356,15.43,15.3,0,Clear,No,28.98,41.19,5.4,0.0,8888.89,29.78,1.5426,0.9995
2026-04-12,Jayanagar,South End Circle,63937,25.89,1.187,12.83,12.62,0,Clear,No,28.98,41.19,5.4,0.0,8888.89,29.63,1.2826,0.997
2026-04-12,Koramangala,Sarjapur Road,31364,36.3,1.0246,2.17,2.2,0,Clear,No,28.98,41.19,5.4,0.0,8888.89,37.11,0.2167,1.0
2026-04-12,Koramangala,Sony World Junction,38919,24.63,1.0642,5.27,5.27,0,Clear,No,28.98,41.19,5.4,0.0,8888.89,26.0,0.5267,1.0
2026-04-12,M.G. Road,Anil Kumble Circle,66601,19.59,1.2063,14.35,14.4,0,Clear,No,28.98,41.19,5.4,0.0,8888.89,22.89,1.4352,1.0
2026-04-12,M.G. Road,Trinity Circle,48454,32.48,1.0609,5.09,5.19,0,Clear,No,28.98,41.19,5.4,0.0,8888.89,34.26,0.5093,1.0
2026-04-12,Whitefield,ITPL Main Road,36149,29.78,1.0461,3.85,3.83,0,Clear,No,28.98,41.19,5.4,0.0,8888.89,30.96,0.3848,0.9997
2026-04-12,Whitefield,Marathahalli Bridge,44112,25.56,1.0228,1.71,1.71,0,Clear,No,28.98,41.19,5.4,0.0,8888.89,26.0,0.1707,1.0
2026-04-12,Yeshwanthpur,Tumkur Road,49923,18.59,1.027,2.3,2.33,0,Clear,No,28.98,41.19,5.4,0.0,8888.89,19.04,0.23,0.9961
2026-04-12,Yeshwanthpur,Yeshwanthpur Circle,60661,28.59,1.1375,10.47,10.44,0,Clear,No,28.98,41.19,5.4,0.0,8888.89,31.93,1.0467,1.0
2026-04-13,Electronic City,Hosur Road,58584,29.72,1.0522,3.83,3.78,0,Clear,No,28.75,44.94,3.91,0.0,8222.22,30.89,0.3833,0.9995
2026-04-13,Electronic City,Silk Board Junction,66545,24.11,1.1478,10.37,10.33,0,Clear,No,28.75,44.94,3.91,0.0,8222.22,26.89,1.0367,1.0
2026-04-13,Hebbal,Ballari Road,60096,33.0,1.1049,7.87,7.76,0,Clear,No,28.75,44.94,3.91,0.0,8222.22,35.78,0.7867,0.9883
2026-04-13,Hebbal,Hebbal Flyover,62604,43.83,1.0993,6.73,6.74,0,Clear,No,28.75,44.94,3.91,0.0,8222.22,47.0,0.6733,0.9999
2026-04-13,Indiranagar,100 Feet Road,43456,20.17,1.1143,7.77,7.63,0,Clear,No,28.75,44.94,3.91,0.0,8222.22,21.83,0.7772,1.0
2026-04-13,Indiranagar,CMH Road,42125,25.17,1.1384,10.08,10.12,0,Clear,No,28.75,44.94,3.91,0.0,8222.22,28.0,1.0083,1.0
2026-04-13,Jayanagar,Jayanagar 4th Block,48410,24.89,1.2538,16.26,16.1,0,Clear,No,28.75,44.94,3.91,0.0,8222.22,29.67,1.6256,0.999
2026-04-13,Jayanagar,South End Circle,60536,26.44,1.1537,10.66,10.36,0,Clear,No,28.75,44.94,3.91,0.0,8222.22,29.5,1.0661,0.9971
2026-04-13,Koramangala,Sarjapur Road,31728,36.22,1.0276,2.36,2.4,0,Clear,No,28.75,44.94,3.91,0.0,8222.22,37.11,0.2356,1.0
2026-04-13,Koramangala,Sony World Junction,42748,24.11,1.0947,7.27,7.26,0,Clear,No,28.75,44.94,3.91,0.0,8222.22,26.0,0.7267,1.0
2026-04-13,M.G. Road,Anil Kumble Circle,50563,21.5,1.0884,6.18,6.07,0,Clear,No,28.75,44.94,3.91,0.0,8222.22,22.89,0.6178,1.0
2026-04-13,M.G. Road,Trinity Circle,57324,31.33,1.1141,8.73,8.89,0,Clear,No,28.75,44.94,3.91,0.0,8222.22,34.39,0.8733,1.0
2026-04-13,Whitefield,ITPL Main Road,38090,29.5,1.0684,4.84,4.84,0,Clear,No,28.75,44.94,3.91,0.0,8222.22,31.0,0.4839,0.9998
2026-04-13,Whitefield,Marathahalli Bridge,44122,25.5,1.0274,1.78,1.71,0,Clear,No,28.75,44.94,3.91,0.0,8222.22,25.94,0.1778,1.0
2026-04-13,Yeshwanthpur,Tumkur Road,54955,18.28,1.0511,4.07,4.08,0,Clear,No,28.75,44.94,3.91,0.0,8222.22,19.06,0.4067,0.9955
2026-04-13,Yeshwanthpur,Yeshwanthpur Circle,60706,28.5,1.1437,10.52,10.47,0,Clear,No,28.75,44.94,3.91,0.0,8222.22,31.83,1.0522,1.0
2026-04-14,Electronic City,Hosur Road,62845,29.29,1.0702,5.22,5.14,0,Clear,No,29.37,37.29,4.42,0.0,9058.82,30.88,0.5218,0.9985
2026-04-14,Electronic City,Silk Board Junction,66395,24.24,1.139,10.23,10.24,0,Clear,No,29.37,37.29,4.42,0.0,9058.82,27.0,1.0229,1.0
2026-04-14,Hebbal,Ballari Road,66568,32.12,1.1366,10.39,10.34,0,Clear,No,29.37,37.29,4.42,0.0,9058.82,35.82,1.0388,0.9814
2026-04-14,Hebbal,Hebbal Flyover,66688,43.06,1.1078,8.18,8.16,0,Clear,No,29.37,37.29,4.42,0.0,9058.82,46.88,0.8182,0.9999
2026-04-14,Indiranagar,100 Feet Road,50959,19.0,1.1791,12.66,12.47,0,Clear,No,29.37,37.29,4.42,0.0,9058.82,21.71,1.2659,0.9998
2026-04-14,Indiranagar,CMH Road,43240,24.76,1.1512,11.2,11.18,0,Clear,No,29.37,37.29,4.42,0.0,9058.82,27.88,1.12,1.0
2026-04-14,Jayanagar,Jayanagar 4th Block,51870,23.71,1.2932,19.58,19.4,0,Clear,No,29.37,37.29,4.42,0.0,9058.82,29.41,1.9582,0.9991
2026-04-14,Jayanagar,South End Circle,65440,25.35,1.1963,13.93,13.63,0,Clear,No,29.37,37.29,4.42,0.0,9058.82,29.35,1.3929,0.9965
2026-04-14,Koramangala,Sarjapur Road,33141,35.94,1.0358,3.15,3.17,0,Clear,No,29.37,37.29,4.42,0.0,9058.82,37.12,0.3147,1.0
2026-04-14,Koramangala,Sony World Junction,43102,24.12,1.095,7.43,7.45,0,Clear,No,29.37,37.29,4.42,0.0,9058.82,26.06,0.7429,1.0
2026-04-14,M.G. Road,Anil Kumble Circle,58653,20.88,1.1354,9.38,9.44,0,Clear,No,29.37,37.29,4.42,0.0,9058.82,23.06,0.9376,1.0
2026-04-14,M.G. Road,Trinity Circle,60384,30.88,1.1285,10.12,10.26,0,Clear,No,29.37,37.29,4.42,0.0,9058.82,34.41,1.0124,1.0
2026-04-14,Whitefield,ITPL Main Road,49434,27.53,1.1552,11.21,11.2,0,Clear,No,29.37,37.29,4.42,0.0,9058.82,31.0,1.1206,0.9993
2026-04-14,Whitefield,Marathahalli Bridge,43183,25.65,1.0181,1.36,1.36,0,Clear,No,29.37,37.29,4.42,0.0,9058.82,26.0,0.1359,1.0
2026-04-14,Yeshwanthpur,Tumkur Road,43200,19.0,1.0,0.0,0.0,0,Clear,No,29.37,37.29,4.42,0.0,9058.82,19.0,0.0,1.0
2026-04-14,Yeshwanthpur,Yeshwanthpur Circle,60221,28.65,1.1317,10.18,10.15,0,Clear,No,29.37,37.29,4.42,0.0,9058.82,31.88,1.0182,1.0
2026-04-15,Electronic City,Hosur Road,53349,30.18,1.029,2.18,2.1,0,Clear,No,29.65,39.65,4.26,0.0,8823.53,30.82,0.2176,0.9999
2026-04-15,Electronic City,Silk Board Junction,74996,22.53,1.2366,15.51,15.45,0,Clear,No,29.65,39.65,4.26,0.0,8823.53,26.65,1.5512,1.0
2026-04-15,Hebbal,Ballari Road,67411,31.88,1.1478,10.96,10.86,0,Clear,No,29.65,39.65,4.26,0.0,8823.53,35.76,1.0959,0.9779
2026-04-15,Hebbal,Hebbal Flyover,74648,41.76,1.1644,11.39,11.47,0,Clear,No,29.65,39.65,4.26,0.0,8823.53,47.18,1.1394,0.9998
2026-04-15,Indiranagar,100 Feet Road,52864,18.71,1.2051,14.24,14.05,0,Clear,No,29.65,39.65,4.26,0.0,8823.53,21.76,1.4241,0.9999
2026-04-15,Indiranagar,CMH Road,44763,24.41,1.1699,12.61,12.63,0,Clear,No,29.65,39.65,4.26,0.0,8823.53,27.94,1.2612,1.0
2026-04-15,Jayanagar,Jayanagar 4th Block,52710,23.47,1.3242,20.36,20.2,0,Clear,No,29.65,39.65,4.26,0.0,8823.53,29.41,2.0359,0.9993
2026-04-15,Jayanagar,South End Circle,66640,25.47,1.2034,14.53,14.43,0,Clear,No,29.65,39.65,4.26,0.0,8823.53,29.76,1.4529,0.9962
2026-04-15,Koramangala,Sarjapur Road,33977,35.94,1.0404,3.59,3.63,0,Clear,No,29.65,39.65,4.26,0.0,8823.53,37.29,0.3588,1.0
2026-04-15,Koramangala,Sony World Junction,47436,23.53,1.1217,9.65,9.71,0,Clear,No,29.65,39.65,4.26,0.0,8823.53,26.06,0.9647,1.0
2026-04-15,M.G. Road,Anil Kumble Circle,76679,18.24,1.3943,20.83,21.12,0,Clear,No,29.65,39.65,4.26,0.0,8823.53,23.12,2.0829,0.9984
2026-04-15,M.G. Road,Trinity Circle,66392,29.71,1.188,14.12,14.26,0,Clear,No,29.65,39.65,4.26,0.0,8823.53,34.65,1.4124,1.0
2026-04-15,Whitefield,ITPL Main Road,52622,26.71,1.1997,13.86,13.85,0,Clear,No,29.65,39.65,4.26,0.0,8823.53,31.0,1.3859,0.9993
2026-04-15,Whitefield,Marathahalli Bridge,47382,25.18,1.0432,3.01,2.95,0,Clear,No,29.65,39.65,4.26,0.0,8823.53,25.94,0.3012,0.9994
2026-04-15,Yeshwanthpur,Tumkur Road,53899,18.29,1.0456,3.72,3.72,0,Clear,No,29.65,39.65,4.26,0.0,8823.53,19.0,0.3724,0.9968
2026-04-15,Yeshwanthpur,Yeshwanthpur Circle,64613,27.76,1.1768,13.08,13.08,0,Clear,No,29.65,39.65,4.26,0.0,8823.53,31.94,1.3076,0.9998
2026-04-16,Electronic City,Hosur Road,57497,29.82,1.0445,3.49,3.43,0,Clear,No,29.88,37.94,5.35,0.0,9411.76,30.88,0.3494,0.9999
2026-04-16,Electronic City,Silk Board Junction,70440,23.47,1.2064,12.8,12.69,0,Clear,No,29.88,37.94,5.35,0.0,9411.76,26.88,1.28,1.0
2026-04-16,Hebbal,Ballari Road,65482,32.47,1.1315,9.81,9.8,0,Clear,No,29.88,37.94,5.35,0.0,9411.76,36.0,0.9806,0.9891
2026-04-16,Hebbal,Hebbal Flyover,80550,40.12,1.2199,14.72,14.75,0,Clear,No,29.88,37.94,5.35,0.0,9411.76,47.06,1.4724,0.9998
2026-04-16,Indiranagar,100 Feet Road,45878,19.88,1.1165,8.98,8.89,0,Clear,No,29.88,37.94,5.35,0.0,9411.76,21.82,0.8982,0.9997
2026-04-16,Indiranagar,CMH Road,46089,24.06,1.1935,13.9,13.89,0,Clear,No,29.88,37.94,5.35,0.0,9411.76,27.94,1.39,1.0
2026-04-16,Jayanagar,Jayanagar 4th Block,53516,23.06,1.3478,20.85,20.97,0,Clear,No,29.88,37.94,5.35,0.0,9411.76,29.18,2.0847,0.9994
2026-04-16,Jayanagar,South End Circle,64383,25.76,1.1872,13.14,12.92,0,Clear,No,29.88,37.94,5.35,0.0,9411.76,29.59,1.3135,0.9981
2026-04-16,Koramangala,Sarjapur Road,33864,36.59,1.0414,3.59,3.57,0,Clear,No,29.88,37.94,5.35,0.0,9411.76,37.94,0.3588,1.0
2026-04-16,Koramangala,Sony World Junction,47913,23.41,1.1254,9.94,9.95,0,Clear,No,29.88,37.94,5.35,0.0,9411.76,26.0,0.9935,1.0
2026-04-16,M.G. Road,Anil Kumble Circle,66811,19.71,1.2734,14.32,14.54,0,Clear,No,29.88,37.94,5.35,0.0,9411.76,23.06,1.4318,1.0
2026-04-16,M.G. Road,Trinity Circle,63939,30.53,1.1666,12.61,12.63,0,Clear,No,29.88,37.94,5.35,0.0,9411.76,34.94,1.2606,1.0
2026-04-16,Whitefield,ITPL Main Road,48045,27.94,1.1441,10.03,10.04,0,Clear,No,29.88,37.94,5.35,0.0,9411.76,31.06,1.0029,0.9996
2026-04-16,Whitefield,Marathahalli Bridge,42593,25.65,1.0155,1.18,1.13,0,Clear,No,29.88,37.94,5.35,0.0,9411.76,25.94,0.1176,1.0
2026-04-16,Yeshwanthpur,Tumkur Road,53833,18.41,1.0514,3.53,3.69,0,Clear,No,29.88,37.94,5.35,0.0,9411.76,19.12,0.3529,0.999
2026-04-16,Yeshwanthpur,Yeshwanthpur Circle,64889,27.71,1.1806,13.25,13.26,0,Clear,No,29.88,37.94,5.35,0.0,9411.76,31.94,1.3253,0.9996
2026-04-17,Electronic City,Hosur Road,62455,29.44,1.0731,5.02,5.02,0,Clear,No,29.66,42.67,5.17,0.0,8444.44,31.0,0.5017,0.994
2026-04-17,Electronic City,Silk Board Junction,62103,24.44,1.1307,8.71,8.52,0,Clear,No,29.66,42.67,5.17,0.0,8444.44,26.72,0.8711,1.0
2026-04-17,Hebbal,Ballari Road,68145,31.83,1.1589,11.36,11.3,0,Clear,No,29.66,42.67,5.17,0.0,8444.44,35.89,1.1361,0.9808
2026-04-17,Hebbal,Hebbal Flyover,84778,39.06,1.2722,17.08,17.1,0,Clear,No,29.66,42.67,5.17,0.0,8444.44,47.11,1.7083,0.9999
2026-04-17,Indiranagar,100 Feet Road,52082,18.67,1.1842,13.62,13.4,0,Clear,No,29.66,42.67,5.17,0.0,8444.44,21.56,1.3622,0.9999
2026-04-17,Indiranagar,CMH Road,45304,24.22,1.178,13.16,13.15,0,Clear,No,29.66,42.67,5.17,0.0,8444.44,27.89,1.3156,1.0
2026-04-17,Jayanagar,Jayanagar 4th Block,51461,23.67,1.279,18.89,19.01,0,Clear,No,29.66,42.67,5.17,0.0,8444.44,29.22,1.8889,0.9986
2026-04-17,Jayanagar,South End Circle,61666,26.22,1.1638,11.39,11.11,0,Clear,No,29.66,42.67,5.17,0.0,8444.44,29.5,1.1389,0.9967
2026-04-17,Koramangala,Sarjapur Road,34570,36.44,1.0494,3.97,3.95,0,Clear,No,29.66,42.67,5.17,0.0,8444.44,37.94,0.3967,1.0
2026-04-17,Koramangala,Sony World Junction,47671,23.44,1.123,9.82,9.83,0,Clear,No,29.66,42.67,5.17,0.0,8444.44,26.0,0.9822,1.0
2026-04-17,M.G. Road,Anil Kumble Circle,60731,20.39,1.1424,10.62,10.49,0,Clear,No,29.66,42.67,5.17,0.0,8444.44,22.78,1.0622,1.0
2026-04-17,M.G. Road,Trinity Circle,61666,31.11,1.1471,11.11,11.11,0,Clear,No,29.66,42.67,5.17,0.0,8444.44,35.0,1.1106,1.0
2026-04-17,Whitefield,ITPL Main Road,51456,27.06,1.1901,12.83,12.88,0,Clear,No,29.66,42.67,5.17,0.0,8444.44,31.06,1.2833,0.9993
2026-04-17,Whitefield,Marathahalli Bridge,45818,25.33,1.0317,2.39,2.36,0,Clear,No,29.66,42.67,5.17,0.0,8444.44,25.94,0.2394,0.9972
2026-04-17,Yeshwanthpur,Tumkur Road,78069,16.56,1.2075,13.33,13.37,0,Clear,No,29.66,42.67,5.17,0.0,8444.44,19.11,1.3333,0.9865
2026-04-17,Yeshwanthpur,Yeshwanthpur Circle,62539,28.11,1.1539,11.73,11.69,0,Clear,No,29.66,42.67,5.17,0.0,8444.44,31.83,1.1733,0.9999
2026-04-18,Electronic City,Hosur Road,70188,28.43,1.1049,7.64,7.5,0,Clear,No,29.76,44.52,5.73,0.0,8086.96,30.74,0.7643,0.9999
2026-04-18,Electronic City,Silk Board Junction,58854,24.87,1.1022,7.37,7.29,0,Clear,No,29.76,44.52,5.73,0.0,8086.96,26.83,0.7374,1.0
2026-04-18,Hebbal,Ballari Road,67500,31.96,1.1462,10.95,10.91,0,Clear,No,29.76,44.52,5.73,0.0,8086.96,35.87,1.0952,0.9655
2026-04-18,Hebbal,Hebbal Flyover,83999,39.35,1.2517,16.59,16.67,0,Clear,No,29.76,44.52,5.73,0.0,8086.96,47.22,1.6587,0.9999
2026-04-18,Indiranagar,100 Feet Road,60627,17.17,1.3205,20.66,20.52,0,Clear,No,29.76,44.52,5.73,0.0,8086.96,21.61,2.0657,0.9998
2026-04-18,Indiranagar,CMH Road,43402,24.83,1.1456,11.29,11.34,0,Clear,No,29.76,44.52,5.73,0.0,8086.96,28.0,1.1291,1.0
2026-04-18,Jayanagar,Jayanagar 4th Block,56388,22.39,1.3937,23.53,23.7,0,Clear,No,29.76,44.52,5.73,0.0,8086.96,29.35,2.3526,0.9999
2026-04-18,Jayanagar,South End Circle,67411,25.0,1.2169,15.17,14.94,0,Clear,No,29.76,44.52,5.73,0.0,8086.96,29.39,1.5174,0.9963
2026-04-18,Koramangala,Sarjapur Road,40747,35.13,1.0897,7.36,7.34,0,Clear,No,29.76,44.52,5.73,0.0,8086.96,37.91,0.7361,1.0
2026-04-18,Koramangala,Sony World Junction,49600,23.13,1.1443,11.31,11.33,0,Clear,No,29.76,44.52,5.73,0.0,8086.96,26.09,1.1313,1.0
2026-04-18,M.G. Road,Anil Kumble Circle,77584,18.17,1.4849,21.52,21.72,0,Clear,No,29.76,44.52,5.73,0.0,8086.96,23.22,2.1517,0.9985
2026-04-18,M.G. Road,Trinity Circle,63119,30.7,1.1553,12.11,12.08,0,Clear,No,29.76,44.52,5.73,0.0,8086.96,34.91,1.2113,1.0
2026-04-18,Whitefield,ITPL Main Road,51842,26.87,1.1788,13.25,13.2,0,Clear,No,29.76,44.52,5.73,0.0,8086.96,30.96,1.3248,0.999
2026-04-18,Whitefield,Marathahalli Bridge,44029,25.48,1.0228,1.74,1.68,0,Clear,No,29.76,44.52,5.73,0.0,8086.96,25.91,0.1739,1.0
2026-04-18,Yeshwanthpur,Tumkur Road,96663,14.7,1.4114,23.5,23.7,0,Clear,No,29.76,44.52,5.73,0.0,8086.96,19.26,2.3504,0.9965
2026-04-18,Yeshwanthpur,Yeshwanthpur Circle,69897,26.65,1.2319,16.58,16.6,0,Clear,No,29.76,44.52,5.73,0.0,8086.96,31.96,1.6578,1.0
2026-04-19,Electronic City,Hosur Road,53107,30.29,1.0252,2.06,2.02,0,Clear,No,29.06,35.71,4.4,0.0,8916.67,30.92,0.2058,0.9937
2026-04-19,Electronic City,Silk Board Junction,43680,26.54,1.0181,1.56,1.55,0,Clear,No,29.06,35.71,4.4,0.0,8916.67,26.96,0.1558,1.0
2026-04-19,Hebbal,Ballari Road,67000,31.96,1.1439,10.69,10.61,0,Clear,No,29.06,35.71,4.4,0.0,8916.67,35.75,1.0687,0.9786
2026-04-19,Hebbal,Hebbal Flyover,65843,43.46,1.0967,7.82,7.86,0,Clear,No,29.06,35.71,4.4,0.0,8916.67,47.17,0.7821,1.0
2026-04-19,Indiranagar,100 Feet Road,52488,18.83,1.1994,13.88,13.74,0,Clear,No,29.06,35.71,4.4,0.0,8916.67,21.83,1.3879,1.0
2026-04-19,Indiranagar,CMH Road,37468,25.92,1.0891,7.31,7.3,0,Clear,No,29.06,35.71,4.4,0.0,8916.67,27.96,0.7313,1.0
2026-04-19,Jayanagar,Jayanagar 4th Block,52946,23.38,1.3308,20.18,20.43,0,Clear,No,29.06,35.71,4.4,0.0,8916.67,29.38,2.0183,0.9998
2026-04-19,Jayanagar,South End Circle,61969,26.46,1.1616,11.42,11.31,0,Clear,No,29.06,35.71,4.4,0.0,8916.67,29.83,1.1421,0.9976
2026-04-19,Koramangala,Sarjapur Road,33360,36.75,1.0392,3.29,3.29,0,Clear,No,29.06,35.71,4.4,0.0,8916.67,38.0,0.3292,1.0
2026-04-19,Koramangala,Sony World Junction,40473,24.46,1.0718,6.06,6.08,0,Clear,No,29.06,35.71,4.4,0.0,8916.67,26.04,0.6063,1.0
2026-04-19,M.G. Road,Anil Kumble Circle,66506,19.67,1.2299,14.34,14.34,0,Clear,No,29.06,35.71,4.4,0.0,8916.67,22.96,1.4337,1.0
2026-04-19,M.G. Road,Trinity Circle,51178,32.71,1.0754,6.34,6.32,0,Clear,No,29.06,35.71,4.4,0.0,8916.67,34.92,0.6342,1.0
2026-04-19,Whitefield,ITPL Main Road,38065,29.58,1.0584,4.8,4.83,0,Clear,No,29.06,35.71,4.4,0.0,8916.67,31.08,0.48,0.9997
2026-04-19,Whitefield,Marathahalli Bridge,46792,25.29,1.0797,2.73,2.72,0,Clear,No,29.06,35.71,4.4,0.0,8916.67,26.0,0.2725,0.9967
2026-04-19,Yeshwanthpur,Tumkur Road,57662,18.12,1.0679,4.96,5.02,0,Clear,No,29.06,35.71,4.4,0.0,8916.67,19.08,0.4958,0.9943
2026-04-19,Yeshwanthpur,Yeshwanthpur Circle,54582,29.29,1.0982,7.83,7.74,0,Clear,No,29.06,35.71,4.4,0.0,8916.67,31.75,0.7829,1.0
2026-04-20,Electronic City,Hosur Road,54094,30.17,1.0332,2.41,2.34,0,Clear,No,28.86,41.83,3.97,0.0,9222.22,30.89,0.2406,0.9999
2026-04-20,Electronic City,Silk Board Junction,66922,24.0,1.158,10.64,10.56,0,Clear,No,28.86,41.83,3.97,0.0,9222.22,26.83,1.0644,1.0
2026-04-20,Hebbal,Ballari Road,54151,33.33,1.0731,5.75,5.51,0,Clear,No,28.86,41.83,3.97,0.0,9222.22,35.28,0.575,0.9713
2026-04-20,Hebbal,Hebbal Flyover,72466,42.28,1.1373,10.25,10.26,0,Clear,No,28.86,41.83,3.97,0.0,9222.22,47.11,1.025,0.9998
2026-04-20,Indiranagar,100 Feet Road,39007,20.78,1.0652,5.36,5.32,0,Clear,No,28.86,41.83,3.97,0.0,9222.22,21.94,0.5356,1.0
2026-04-20,Indiranagar,CMH Road,40259,25.39,1.1149,8.97,8.96,0,Clear,No,28.86,41.83,3.97,0.0,9222.22,27.89,0.8972,1.0
2026-04-20,Jayanagar,Jayanagar 4th Block,46958,24.78,1.227,14.68,14.72,0,Clear,No,28.86,41.83,3.97,0.0,9222.22,29.06,1.4683,0.9986
2026-04-20,Jayanagar,South End Circle,62943,26.17,1.17,12.08,11.96,0,Clear,No,28.86,41.83,3.97,0.0,9222.22,29.72,1.2078,0.9972
2026-04-20,Koramangala,Sarjapur Road,36160,36.17,1.0564,4.83,4.82,0,Clear,No,28.86,41.83,3.97,0.0,9222.22,38.0,0.4833,1.0
2026-04-20,Koramangala,Sony World Junction,43189,24.0,1.0922,7.51,7.49,0,Clear,No,28.86,41.83,3.97,0.0,9222.22,25.94,0.7511,1.0
2026-04-20,M.G. Road,Anil Kumble Circle,60980,20.5,1.1583,10.67,10.65,0,Clear,No,28.86,41.83,3.97,0.0,9222.22,22.94,1.0667,1.0
2026-04-20,M.G. Road,Trinity Circle,56952,31.94,1.1144,8.73,8.73,0,Clear,No,28.86,41.83,3.97,0.0,9222.22,35.0,0.8728,1.0
2026-04-20,Whitefield,ITPL Main Road,42588,28.72,1.0944,7.22,7.18,0,Clear,No,28.86,41.83,3.97,0.0,9222.22,30.94,0.7222,0.9997
2026-04-20,Whitefield,Marathahalli Bridge,43548,25.61,1.0208,1.49,1.5,0,Clear,No,28.86,41.83,3.97,0.0,9222.22,26.0,0.1494,1.0
2026-04-20,Yeshwanthpur,Tumkur Road,74689,17.11,1.1625,11.48,11.49,0,Clear,No,28.86,41.83,3.97,0.0,9222.22,19.33,1.1483,0.9684
2026-04-20,Yeshwanthpur,Yeshwanthpur Circle,60209,28.56,1.1349,10.21,10.14,0,Clear,No,28.86,41.83,3.97,0.0,9222.22,31.78,1.0211,1.0
2026-04-21,Electronic City,Hosur Road,51212,30.5,1.0195,1.46,1.41,0,Clear,No,29.47,43.69,4.29,0.0,8875.0,30.94,0.1456,1.0
2026-04-21,Electronic City,Silk Board Junction,69407,23.69,1.1763,12.08,12.06,0,Clear,No,29.47,43.69,4.29,0.0,8875.0,26.94,1.2081,1.0
2026-04-21,Hebbal,Ballari Road,69300,31.62,1.1658,12.0,12.0,0,Clear,No,29.47,43.69,4.29,0.0,8875.0,35.94,1.2,0.9749
2026-04-21,Hebbal,Hebbal Flyover,74318,41.75,1.1576,11.27,11.29,0,Clear,No,29.47,43.69,4.29,0.0,8875.0,47.06,1.1269,0.9998
2026-04-21,Indiranagar,100 Feet Road,49565,19.12,1.1497,11.5,11.3,0,Clear,No,29.47,43.69,4.29,0.0,8875.0,21.56,1.15,1.0
2026-04-21,Indiranagar,CMH Road,44213,24.5,1.1635,12.09,12.11,0,Clear,No,29.47,43.69,4.29,0.0,8875.0,27.88,1.2094,1.0
2026-04-21,Jayanagar,Jayanagar 4th Block,52141,23.5,1.3077,19.53,19.66,0,Clear,No,29.47,43.69,4.29,0.0,8875.0,29.25,1.9525,0.9991
2026-04-21,Jayanagar,South End Circle,66974,25.12,1.2068,14.87,14.65,0,Clear,No,29.47,43.69,4.29,0.0,8875.0,29.44,1.4869,0.9951
2026-04-21,Koramangala,Sarjapur Road,33659,36.69,1.0402,3.46,3.45,0,Clear,No,29.47,43.69,4.29,0.0,8875.0,38.0,0.3456,1.0
2026-04-21,Koramangala,Sony World Junction,47723,23.44,1.1215,9.82,9.86,0,Clear,No,29.47,43.69,4.29,0.0,8875.0,26.0,0.9819,1.0
2026-04-21,M.G. Road,Anil Kumble Circle,56926,20.94,1.1193,8.71,8.72,0,Clear,No,29.47,43.69,4.29,0.0,8875.0,22.94,0.8712,1.0
2026-04-21,M.G. Road,Trinity Circle,63449,30.75,1.1602,12.28,12.3,0,Clear,No,29.47,43.69,4.29,0.0,8875.0,35.06,1.2275,1.0
2026-04-21,Whitefield,ITPL Main Road,51060,27.0,1.1755,12.58,12.55,0,Clear,No,29.47,43.69,4.29,0.0,8875.0,30.88,1.2581,0.9994
2026-04-21,Whitefield,Marathahalli Bridge,49778,24.94,1.0589,3.92,3.86,0,Clear,No,29.47,43.69,4.29,0.0,8875.0,25.94,0.3925,0.9994
2026-04-21,Yeshwanthpur,Tumkur Road,54494,18.38,1.0497,3.88,3.92,0,Clear,No,29.47,43.69,4.29,0.0,8875.0,19.12,0.3881,0.9981
2026-04-21,Yeshwanthpur,Yeshwanthpur Circle,61208,28.38,1.1412,10.84,10.81,0,Clear,No,29.47,43.69,4.29,0.0,8875.0,31.81,1.0844,1.0
2026-04-22,Electronic City,Hosur Road,55810,29.89,1.0381,2.99,2.89,0,Clear,No,28.91,42.89,4.31,0.0,8444.44,30.78,0.2989,0.9975
2026-04-22,Electronic City,Silk Board Junction,48853,26.0,1.0478,3.55,3.51,0,Clear,No,28.91,42.89,4.31,0.0,8444.44,26.94,0.355,1.0
2026-04-22,Hebbal,Ballari Road,65346,32.39,1.1251,9.79,9.75,0,Clear,No,28.91,42.89,4.31,0.0,8444.44,35.89,0.9794,0.9757
2026-04-22,Hebbal,Hebbal Flyover,75413,41.56,1.1777,11.81,11.9,0,Clear,No,28.91,42.89,4.31,0.0,8444.44,47.17,1.1806,0.9999
2026-04-22,Indiranagar,100 Feet Road,46387,19.83,1.126,9.24,9.16,0,Clear,No,28.91,42.89,4.31,0.0,8444.44,21.83,0.9244,0.9999
2026-04-22,Indiranagar,CMH Road,44183,24.67,1.1651,11.99,12.08,0,Clear,No,28.91,42.89,4.31,0.0,8444.44,28.06,1.1994,1.0
2026-04-22,Jayanagar,Jayanagar 4th Block,49397,24.33,1.2779,16.81,17.05,0,Clear,No,28.91,42.89,4.31,0.0,8444.44,29.33,1.6811,0.9997
2026-04-22,Jayanagar,South End Circle,64172,25.78,1.1892,13.02,12.78,0,Clear,No,28.91,42.89,4.31,0.0,8444.44,29.56,1.3017,0.9965
2026-04-22,Koramangala,Sarjapur Road,36439,36.06,1.0604,5.0,4.98,0,Clear,No,28.91,42.89,4.31,0.0,8444.44,37.94,0.5,1.0
2026-04-22,Koramangala,Sony World Junction,53872,22.22,1.2052,14.81,14.89,0,Clear,No,28.91,42.89,4.31,0.0,8444.44,26.11,1.4806,1.0
2026-04-22,M.G. Road,Anil Kumble Circle,66532,19.56,1.2135,14.47,14.36,0,Clear,No,28.91,42.89,4.31,0.0,8444.44,22.83,1.4467,1.0
2026-04-22,M.G. Road,Trinity Circle,62408,30.89,1.1546,11.62,11.61,0,Clear,No,28.91,42.89,4.31,0.0,8444.44,34.94,1.1617,1.0
2026-04-22,Whitefield,ITPL Main Road,49524,27.56,1.1637,11.22,11.27,0,Clear,No,28.91,42.89,4.31,0.0,8444.44,31.06,1.1222,0.9994
2026-04-22,Whitefield,Marathahalli Bridge,39600,26.0,1.0,0.0,0.0,0,Clear,No,28.91,42.89,4.31,0.0,8444.44,26.0,0.0,1.0
2026-04-22,Yeshwanthpur,Tumkur Road,60042,17.89,1.0855,5.85,5.85,0,Clear,No,28.91,42.89,4.31,0.0,8444.44,19.0,0.585,0.9972
2026-04-22,Yeshwanthpur,Yeshwanthpur Circle,61724,28.33,1.1529,11.19,11.15,0,Clear,No,28.91,42.89,4.31,0.0,8444.44,31.89,1.1194,1.0
2026-04-23,Electronic City,Hosur Road,56905,29.88,1.047,3.33,3.24,0,Clear,No,29.52,38.31,4.9,0.0,8250.0,30.88,0.3331,0.9999
2026-04-23,Electronic City,Silk Board Junction,53106,25.5,1.0644,5.13,5.12,0,Clear,No,29.52,38.31,4.9,0.0,8250.0,26.88,0.5131,1.0
2026-04-23,Hebbal,Ballari Road,73891,30.62,1.2103,14.81,14.78,0,Clear,No,29.52,38.31,4.9,0.0,8250.0,35.94,1.4812,0.9721
2026-04-23,Hebbal,Hebbal Flyover,82370,39.75,1.2437,15.68,15.76,0,Clear,No,29.52,38.31,4.9,0.0,8250.0,47.19,1.5675,0.9997
2026-04-23,Indiranagar,100 Feet Road,42593,20.19,1.094,7.29,7.18,0,Clear,No,29.52,38.31,4.9,0.0,8250.0,21.75,0.7288,0.9998
2026-04-23,Indiranagar,CMH Road,44361,24.62,1.1712,12.2,12.25,0,Clear,No,29.52,38.31,4.9,0.0,8250.0,28.06,1.22,1.0
2026-04-23,Jayanagar,Jayanagar 4th Block,50489,24.06,1.295,17.84,18.09,0,Clear,No,29.52,38.31,4.9,0.0,8250.0,29.38,1.7838,0.9998
2026-04-23,Jayanagar,South End Circle,62834,25.94,1.165,12.12,11.89,0,Clear,No,29.52,38.31,4.9,0.0,8250.0,29.44,1.2119,0.9961
2026-04-23,Koramangala,Sarjapur Road,34259,36.56,1.0436,3.78,3.78,0,Clear,No,29.52,38.31,4.9,0.0,8250.0,38.0,0.3781,1.0
2026-04-23,Koramangala,Sony World Junction,49269,23.12,1.1407,11.06,11.06,0,Clear,No,29.52,38.31,4.9,0.0,8250.0,26.0,1.1056,1.0
2026-04-23,M.G. Road,Anil Kumble Circle,61849,20.25,1.166,11.34,11.23,0,Clear,No,29.52,38.31,4.9,0.0,8250.0,22.81,1.1338,1.0
2026-04-23,M.G. Road,Trinity Circle,61100,31.19,1.143,10.73,10.73,0,Clear,No,29.52,38.31,4.9,0.0,8250.0,34.94,1.0731,1.0
2026-04-23,Whitefield,ITPL Main Road,43896,28.56,1.1097,7.86,7.86,0,Clear,No,29.52,38.31,4.9,0.0,8250.0,31.0,0.7862,0.9996
2026-04-23,Whitefield,Marathahalli Bridge,52926,24.69,1.0707,5.05,5.05,0,Clear,No,29.52,38.31,4.9,0.0,8250.0,26.0,0.505,0.9975
2026-04-23,Yeshwanthpur,Tumkur Road,62964,17.81,1.0958,6.76,6.86,0,Clear,No,29.52,38.31,4.9,0.0,8250.0,19.12,0.6762,0.9985
2026-04-23,Yeshwanthpur,Yeshwanthpur Circle,64628,27.81,1.1813,13.09,13.09,0,Clear,No,29.52,38.31,4.9,0.0,8250.0,32.0,1.3087,1.0
2026-04-24,Electronic City,Hosur Road,58685,29.71,1.0542,3.86,3.81,0,Clear,No,29.06,50.47,6.26,0.0,6823.53,30.88,0.3865,0.9986
2026-04-24,Electronic City,Silk Board Junction,53464,25.47,1.0668,5.3,5.25,0,Clear,No,29.06,50.47,6.26,0.0,6823.53,26.88,0.53,1.0
2026-04-24,Hebbal,Ballari Road,72221,30.94,1.1844,13.81,13.77,0,Clear,No,29.06,50.47,6.26,0.0,6823.53,35.88,1.3806,0.9632
2026-04-24,Hebbal,Hebbal Flyover,83850,39.35,1.2389,16.52,16.58,0,Clear,No,29.06,50.47,6.26,0.0,6823.53,47.18,1.6518,0.9998
2026-04-24,Indiranagar,100 Feet Road,54688,18.18,1.2259,15.83,15.57,0,Clear,No,29.06,50.47,6.26,0.0,6823.53,21.53,1.5829,0.9997
2026-04-24,Indiranagar,CMH Road,43827,24.76,1.1601,11.7,11.74,0,Clear,No,29.06,50.47,6.26,0.0,6823.53,28.06,1.17,1.0
2026-04-24,Jayanagar,Jayanagar 4th Block,54810,22.88,1.3614,22.0,22.2,0,Clear,No,29.06,50.47,6.26,0.0,6823.53,29.41,2.2,1.0
2026-04-24,Jayanagar,South End Circle,66513,25.29,1.2094,14.58,14.34,0,Clear,No,29.06,50.47,6.26,0.0,6823.53,29.53,1.4582,0.9961
2026-04-24,Koramangala,Sarjapur Road,34418,36.53,1.0446,3.88,3.87,0,Clear,No,29.06,50.47,6.26,0.0,6823.53,38.0,0.3876,1.0
2026-04-24,Koramangala,Sony World Junction,48545,23.18,1.1343,10.51,10.45,0,Clear,No,29.06,50.47,6.26,0.0,6823.53,25.88,1.0512,1.0
2026-04-24,M.G. Road,Anil Kumble Circle,69427,19.35,1.2412,16.1,16.28,0,Clear,No,29.06,50.47,6.26,0.0,6823.53,23.12,1.61,0.998
2026-04-24,M.G. Road,Trinity Circle,57781,31.82,1.1163,9.08,9.08,0,Clear,No,29.06,50.47,6.26,0.0,6823.53,35.0,0.9082,1.0
2026-04-24,Whitefield,ITPL Main Road,47744,27.94,1.133,9.86,9.87,0,Clear,No,29.06,50.47,6.26,0.0,6823.53,31.0,0.9865,0.9993
2026-04-24,Whitefield,Marathahalli Bridge,39600,26.0,1.0,0.0,0.0,0,Clear,No,29.06,50.47,6.26,0.0,6823.53,26.0,0.0,1.0
2026-04-24,Yeshwanthpur,Tumkur Road,61752,17.94,1.0835,6.27,6.44,0,Clear,No,29.06,50.47,6.26,0.0,6823.53,19.18,0.6271,0.9981
2026-04-24,Yeshwanthpur,Yeshwanthpur Circle,66546,27.35,1.2005,14.37,14.36,0,Clear,No,29.06,50.47,6.26,0.0,6823.53,31.94,1.4371,1.0
2026-04-25,Electronic City,Hosur Road,68116,28.57,1.0925,6.98,6.83,0,Windy,No,29.82,45.36,9.6,0.0,6818.18,30.67,0.6981,0.9982
2026-04-25,Electronic City,Silk Board Junction,52358,25.6,1.0574,4.86,4.83,0,Windy,No,29.82,45.36,9.6,0.0,6818.18,26.9,0.486,1.0
2026-04-25,Hebbal,Ballari Road,69942,31.5,1.1686,12.41,12.39,0,Windy,No,29.82,45.36,9.6,0.0,6818.18,35.95,1.2409,0.9666
2026-04-25,Hebbal,Hebbal Flyover,91630,37.32,1.3265,20.85,20.91,0,Windy,No,29.82,45.36,9.6,0.0,6818.18,47.18,2.0855,0.9999
2026-04-25,Indiranagar,100 Feet Road,58343,17.68,1.2865,18.82,18.62,0,Windy,No,29.82,45.36,9.6,0.0,6818.18,21.73,1.8818,0.9998
2026-04-25,Indiranagar,CMH Road,43999,24.67,1.151,11.87,11.9,0,Windy,No,29.82,45.36,9.6,0.0,6818.18,28.0,1.1871,1.0
2026-04-25,Jayanagar,Jayanagar 4th Block,54815,22.77,1.3609,22.06,22.2,0,Windy,No,29.82,45.36,9.6,0.0,6818.18,29.27,2.2064,0.9999
2026-04-25,Jayanagar,South End Circle,72867,24.0,1.2826,18.8,18.58,0,Windy,No,29.82,45.36,9.6,0.0,6818.18,29.48,1.8795,0.995
2026-04-25,Koramangala,Sarjapur Road,38560,35.67,1.0739,6.14,6.14,0,Windy,No,29.82,45.36,9.6,0.0,6818.18,38.0,0.6143,1.0
2026-04-25,Koramangala,Sony World Junction,48330,23.29,1.1281,10.28,10.28,0,Windy,No,29.82,45.36,9.6,0.0,6818.18,25.95,1.0276,1.0
2026-04-25,M.G. Road,Anil Kumble Circle,80330,17.62,1.3842,23.44,23.55,0,Windy,No,29.82,45.36,9.6,0.0,6818.18,23.05,2.3438,1.0
2026-04-25,M.G. Road,Trinity Circle,63367,30.71,1.1516,12.24,12.24,0,Windy,No,29.82,45.36,9.6,0.0,6818.18,35.0,1.2238,1.0
2026-04-25,Whitefield,ITPL Main Road,48883,27.71,1.1371,10.73,10.74,0,Windy,No,29.82,45.36,9.6,0.0,6818.18,31.05,1.0729,0.9995
2026-04-25,Whitefield,Marathahalli Bridge,52702,24.62,1.087,5.06,4.96,0,Windy,No,29.82,45.36,9.6,0.0,6818.18,25.9,0.5057,1.0
2026-04-25,Yeshwanthpur,Tumkur Road,79905,16.43,1.2044,14.21,14.39,0,Windy,No,29.82,45.36,9.6,0.0,6818.18,19.19,1.421,0.997
2026-04-25,Yeshwanthpur,Yeshwanthpur Circle,71609,26.14,1.2526,17.79,17.74,0,Windy,No,29.82,45.36,9.6,0.0,6818.18,31.77,1.7791,1.0
2026-04-26,Electronic City,Hosur Road,47676,30.87,1.0031,0.29,0.28,0,Windy,No,29.72,48.52,8.38,0.0,6695.65,30.96,0.0291,0.9996
2026-04-26,Electronic City,Silk Board Junction,43426,26.61,1.0175,1.45,1.45,0,Windy,No,29.72,48.52,8.38,0.0,6695.65,27.0,0.1448,1.0
2026-04-26,Hebbal,Ballari Road,63251,32.7,1.1179,8.97,8.96,0,Windy,No,29.72,48.52,8.38,0.0,6695.65,35.91,0.8974,0.9766
2026-04-26,Hebbal,Hebbal Flyover,73723,42.04,1.1743,10.8,10.96,0,Windy,No,29.72,48.52,8.38,0.0,6695.65,47.22,1.0796,1.0
2026-04-26,Indiranagar,100 Feet Road,53280,18.61,1.2129,14.57,14.4,0,Windy,No,29.72,48.52,8.38,0.0,6695.65,21.74,1.457,1.0
2026-04-26,Indiranagar,CMH Road,32493,26.83,1.0537,4.32,4.34,0,Windy,No,29.72,48.52,8.38,0.0,6695.65,28.04,0.4317,1.0
2026-04-26,Jayanagar,Jayanagar 4th Block,50350,24.04,1.279,17.77,17.95,0,Windy,No,29.72,48.52,8.38,0.0,6695.65,29.3,1.7765,0.9993
2026-04-26,Jayanagar,South End Circle,64134,25.87,1.1851,12.95,12.76,0,Windy,No,29.72,48.52,8.38,0.0,6695.65,29.65,1.2948,0.996
2026-04-26,Koramangala,Sarjapur Road,30699,37.3,1.0213,1.83,1.83,0,Windy,No,29.72,48.52,8.38,0.0,6695.65,38.0,0.1835,1.0
2026-04-26,Koramangala,Sony World Junction,44211,23.91,1.0957,8.01,8.03,0,Windy,No,29.72,48.52,8.38,0.0,6695.65,26.0,0.8013,1.0
2026-04-26,M.G. Road,Anil Kumble Circle,67456,19.26,1.2053,14.73,14.97,0,Windy,No,29.72,48.52,8.38,0.0,6695.65,22.65,1.4735,0.9919
2026-04-26,M.G. Road,Trinity Circle,53590,32.43,1.0859,7.33,7.33,0,Windy,No,29.72,48.52,8.38,0.0,6695.65,35.0,0.7326,1.0
2026-04-26,Whitefield,ITPL Main Road,34462,30.04,1.0363,2.97,2.95,0,Windy,No,29.72,48.52,8.38,0.0,6695.65,30.96,0.2965,0.9997
2026-04-26,Whitefield,Marathahalli Bridge,45348,25.39,1.031,2.21,2.18,0,Windy,No,29.72,48.52,8.38,0.0,6695.65,25.96,0.2209,1.0
2026-04-26,Yeshwanthpur,Tumkur Road,54378,18.3,1.0519,3.87,3.88,0,Windy,No,29.72,48.52,8.38,0.0,6695.65,19.04,0.387,0.9978
2026-04-26,Yeshwanthpur,Yeshwanthpur Circle,59076,28.61,1.1202,9.64,9.62,0,Windy,No,29.72,48.52,8.38,0.0,6695.65,31.65,0.9639,0.9976
2026-04-27,Electronic City,Hosur Road,56312,29.81,1.0395,3.17,3.05,0,Clear,No,28.83,53.56,6.64,0.0,7125.0,30.75,0.3169,0.9986
2026-04-27,Electronic City,Silk Board Junction,48074,26.13,1.0391,3.21,3.21,0,Clear,No,28.83,53.56,6.64,0.0,7125.0,27.0,0.3207,1.0
2026-04-27,Hebbal,Ballari Road,59801,33.19,1.1043,7.69,7.65,0,Clear,No,28.83,53.56,6.64,0.0,7125.0,35.94,0.7694,0.9814
2026-04-27,Hebbal,Hebbal Flyover,69555,42.81,1.1462,9.09,9.15,0,Clear,No,28.83,53.56,6.64,0.0,7125.0,47.12,0.9088,0.9999
2026-04-27,Indiranagar,100 Feet Road,44204,20.06,1.1261,8.02,8.02,0,Clear,No,28.83,53.56,6.64,0.0,7125.0,21.81,0.8019,0.9998
2026-04-27,Indiranagar,CMH Road,39824,25.56,1.1175,8.71,8.71,0,Clear,No,28.83,53.56,6.64,0.0,7125.0,28.0,0.8706,1.0
2026-04-27,Jayanagar,Jayanagar 4th Block,47878,24.69,1.2632,15.39,15.6,0,Clear,No,28.83,53.56,6.64,0.0,7125.0,29.25,1.5388,0.999
2026-04-27,Jayanagar,South End Circle,54694,27.38,1.1116,7.99,7.79,0,Clear,No,28.83,53.56,6.64,0.0,7125.0,29.69,0.7994,0.9975
2026-04-27,Koramangala,Sarjapur Road,32460,36.94,1.0328,2.8,2.8,0,Clear,No,28.83,53.56,6.64,0.0,7125.0,38.0,0.28,1.0
2026-04-27,Koramangala,Sony World Junction,42584,24.13,1.089,7.17,7.18,0,Clear,No,28.83,53.56,6.64,0.0,7125.0,26.0,0.7173,1.0
2026-04-27,M.G. Road,Anil Kumble Circle,45155,22.06,1.0499,3.86,3.81,0,Clear,No,28.83,53.56,6.64,0.0,7125.0,22.94,0.3862,1.0
2026-04-27,M.G. Road,Trinity Circle,57028,31.93,1.1141,8.75,8.76,0,Clear,No,28.83,53.56,6.64,0.0,7125.0,35.0,0.8753,1.0
2026-04-27,Whitefield,ITPL Main Road,43282,28.6,1.1029,7.55,7.54,0,Clear,No,28.83,53.56,6.64,0.0,7125.0,30.93,0.7553,0.9995
2026-04-27,Whitefield,Marathahalli Bridge,48422,25.07,1.0475,3.41,3.34,0,Clear,No,28.83,53.56,6.64,0.0,7125.0,25.93,0.3407,0.998
2026-04-27,Yeshwanthpur,Tumkur Road,46220,18.87,1.0111,1.0,1.05,0,Clear,No,28.83,53.56,6.64,0.0,7125.0,19.07,0.1,1.0
2026-04-27,Yeshwanthpur,Yeshwanthpur Circle,60031,28.73,1.1365,10.05,10.02,0,Clear,No,28.83,53.56,6.64,0.0,7125.0,31.93,1.0047,1.0
2026-04-28,Electronic City,Hosur Road,56889,29.92,1.0424,3.28,3.23,0,Clear,No,29.18,59.54,6.11,0.0,6615.38,30.92,0.3277,0.9938
2026-04-28,Electronic City,Silk Board Junction,52422,25.62,1.0562,4.86,4.86,0,Clear,No,29.18,59.54,6.11,0.0,6615.38,26.92,0.4862,1.0
2026-04-28,Hebbal,Ballari Road,55994,33.69,1.08,6.25,6.21,0,Clear,No,29.18,59.54,6.11,0.0,6615.38,35.92,0.6254,0.9925
2026-04-28,Hebbal,Hebbal Flyover,81941,39.77,1.2334,15.48,15.52,0,Clear,No,29.18,59.54,6.11,0.0,6615.38,47.08,1.5485,0.9999
2026-04-28,Indiranagar,100 Feet Road,45761,19.85,1.1149,8.88,8.83,0,Clear,No,29.18,59.54,6.11,0.0,6615.38,21.77,0.8885,1.0
2026-04-28,Indiranagar,CMH Road,40849,25.46,1.1248,9.25,9.32,0,Clear,No,29.18,59.54,6.11,0.0,6615.38,28.08,0.9246,1.0
2026-04-28,Jayanagar,Jayanagar 4th Block,50791,23.92,1.3006,18.15,18.37,0,Clear,No,29.18,59.54,6.11,0.0,6615.38,29.31,1.8146,0.9994
2026-04-28,Jayanagar,South End Circle,63311,26.0,1.1754,12.36,12.21,0,Clear,No,29.18,59.54,6.11,0.0,6615.38,29.62,1.2362,0.9962
2026-04-28,Koramangala,Sarjapur Road,35113,36.38,1.0526,4.26,4.25,0,Clear,No,29.18,59.54,6.11,0.0,6615.38,38.0,0.4262,1.0
2026-04-28,Koramangala,Sony World Junction,44137,23.92,1.0987,7.98,7.99,0,Clear,No,29.18,59.54,6.11,0.0,6615.38,26.0,0.7985,1.0
2026-04-28,M.G. Road,Anil Kumble Circle,68154,19.38,1.2373,15.42,15.44,0,Clear,No,29.18,59.54,6.11,0.0,6615.38,22.92,1.5423,1.0
2026-04-28,M.G. Road,Trinity Circle,61153,31.23,1.1445,10.77,10.77,0,Clear,No,29.18,59.54,6.11,0.0,6615.38,35.0,1.0769,1.0
2026-04-28,Whitefield,ITPL Main Road,49697,27.46,1.1565,11.43,11.41,0,Clear,No,29.18,59.54,6.11,0.0,6615.38,31.0,1.1431,0.9994
2026-04-28,Whitefield,Marathahalli Bridge,39600,26.0,1.0,0.0,0.0,0,Clear,No,29.18,59.54,6.11,0.0,6615.38,26.0,0.0,1.0
2026-04-28,Yeshwanthpur,Tumkur Road,74322,16.92,1.1943,11.25,11.29,0,Clear,No,29.18,59.54,6.11,0.0,6615.38,19.08,1.1246,0.9994
2026-04-28,Yeshwanthpur,Yeshwanthpur Circle,64471,27.85,1.1733,12.98,12.98,0,Clear,No,29.18,59.54,6.11,0.0,6615.38,32.0,1.2977,1.0
2026-04-29,Electronic City,Hosur Road,60458,29.64,1.0727,4.38,4.38,0,Clear,No,28.94,57.79,5.6,0.0,6785.71,31.0,0.4379,0.9703
2026-04-29,Electronic City,Silk Board Junction,66219,24.07,1.1703,10.31,10.13,0,Clear,No,28.94,57.79,5.6,0.0,6785.71,26.79,1.0314,1.0
2026-04-29,Hebbal,Ballari Road,74936,29.79,1.2455,15.57,15.42,0,Clear,No,28.94,57.79,5.6,0.0,6785.71,35.21,1.5571,0.9684
2026-04-29,Hebbal,Hebbal Flyover,81000,40.07,1.2066,14.98,15.0,0,Clear,No,28.94,57.79,5.6,0.0,6785.71,47.14,1.4979,0.9995
2026-04-29,Indiranagar,100 Feet Road,50257,19.07,1.1758,12.11,11.88,0,Clear,No,28.94,57.79,5.6,0.0,6785.71,21.64,1.2107,0.9996
2026-04-29,Indiranagar,CMH Road,46996,23.93,1.2365,14.66,14.76,0,Clear,No,28.94,57.79,5.6,0.0,6785.71,28.07,1.4657,0.9998
2026-04-29,Jayanagar,Jayanagar 4th Block,46389,25.07,1.2083,14.04,14.18,0,Clear,No,28.94,57.79,5.6,0.0,6785.71,29.21,1.4036,0.9997
2026-04-29,Jayanagar,South End Circle,63886,25.79,1.1909,12.89,12.59,0,Clear,No,28.94,57.79,5.6,0.0,6785.71,29.5,1.2893,0.9963
2026-04-29,Koramangala,Sarjapur Road,38674,35.64,1.0782,6.2,6.2,0,Clear,No,28.94,57.79,5.6,0.0,6785.71,38.0,0.62,1.0
2026-04-29,Koramangala,Sony World Junction,51164,22.71,1.1765,12.62,12.64,0,Clear,No,28.94,57.79,5.6,0.0,6785.71,26.0,1.2621,0.9998
2026-04-29,M.G. Road,Anil Kumble Circle,79365,17.79,1.7582,22.88,22.91,0,Clear,No,28.94,57.79,5.6,0.0,6785.71,23.07,2.2879,1.0
2026-04-29,M.G. Road,Trinity Circle,65204,30.29,1.1884,13.46,13.47,0,Clear,No,28.94,57.79,5.6,0.0,6785.71,35.0,1.3464,1.0
2026-04-29,Whitefield,ITPL Main Road,52866,26.64,1.2374,14.06,14.06,0,Clear,No,28.94,57.79,5.6,0.0,6785.71,31.0,1.4057,0.9993
2026-04-29,Whitefield,Marathahalli Bridge,49028,25.07,1.0722,3.57,3.57,0,Clear,No,28.94,57.79,5.6,0.0,6785.71,26.0,0.3571,0.9986
2026-04-29,Yeshwanthpur,Tumkur Road,62688,17.71,1.1203,6.94,6.77,0,Clear,No,28.94,57.79,5.6,0.0,6785.71,19.0,0.6936,0.9947
2026-04-29,Yeshwanthpur,Yeshwanthpur Circle,73523,25.86,1.3269,18.94,19.02,0,Clear,No,28.94,57.79,5.6,0.0,6785.71,31.93,1.8943,0.9977
2026-04-30,Electronic City,Hosur Road,59217,29.69,1.0566,4.05,3.98,0,Clear,No,27.23,64.54,4.8,0.0,6692.31,30.92,0.4046,0.9992
2026-04-30,Electronic City,Silk Board Junction,67363,24.08,1.1626,10.82,10.83,0,Clear,No,27.23,64.54,4.8,0.0,6692.31,27.0,1.0815,1.0
2026-04-30,Hebbal,Ballari Road,80238,29.23,1.2591,18.65,18.63,0,Clear,No,27.23,64.54,4.8,0.0,6692.31,35.92,1.8654,0.968
2026-04-30,Hebbal,Hebbal Flyover,79170,40.69,1.2095,13.87,13.98,0,Clear,No,27.23,64.54,4.8,0.0,6692.31,47.31,1.3869,1.0
2026-04-30,Indiranagar,100 Feet Road,48720,19.46,1.1446,10.78,10.6,0,Clear,No,27.23,64.54,4.8,0.0,6692.31,21.77,1.0777,0.9998
2026-04-30,Indiranagar,CMH Road,46500,24.0,1.1976,14.25,14.29,0,Clear,No,27.23,64.54,4.8,0.0,6692.31,28.0,1.4254,1.0
2026-04-30,Jayanagar,Jayanagar 4th Block,51118,23.77,1.3195,18.53,18.68,0,Clear,No,27.23,64.54,4.8,0.0,6692.31,29.23,1.8531,0.9994
2026-04-30,Jayanagar,South End Circle,67150,25.31,1.2139,14.9,14.77,0,Clear,No,27.23,64.54,4.8,0.0,6692.31,29.69,1.49,0.9956
2026-04-30,Koramangala,Sarjapur Road,33636,36.69,1.0413,3.44,3.44,0,Clear,No,27.23,64.54,4.8,0.0,6692.31,38.0,0.3438,1.0
2026-04-30,Koramangala,Sony World Junction,51221,22.77,1.1766,12.62,12.68,0,Clear,No,27.23,64.54,4.8,0.0,6692.31,26.08,1.2615,1.0
2026-04-30,M.G. Road,Anil Kumble Circle,64565,20.0,1.1903,12.98,13.04,0,Clear,No,27.23,64.54,4.8,0.0,6692.31,23.0,1.2977,1.0
2026-04-30,M.G. Road,Trinity Circle,62511,30.85,1.1536,11.68,11.67,0,Clear,No,27.23,64.54,4.8,0.0,6692.31,34.92,1.1685,1.0
2026-04-30,Whitefield,ITPL Main Road,48835,27.62,1.1427,10.72,10.7,0,Clear,No,27.23,64.54,4.8,0.0,6692.31,30.92,1.0715,0.9994
2026-04-30,Whitefield,Marathahalli Bridge,45067,25.46,1.0287,2.07,2.07,0,Clear,No,27.23,64.54,4.8,0.0,6692.31,26.0,0.2069,1.0
2026-04-30,Yeshwanthpur,Tumkur Road,84960,15.92,1.2902,16.98,17.2,0,Clear,No,27.23,64.54,4.8,0.0,6692.31,19.23,1.6977,0.9944
2026-04-30,Yeshwanthpur,Yeshwanthpur Circle,67771,27.08,1.2158,15.19,15.18,0,Clear,No,27.23,64.54,4.8,0.0,6692.31,31.92,1.5192,1.0
2026-05-01,Electronic City,Hosur Road,46800,31.0,1.0,0.0,0.0,0,Clear,No,27.26,64.94,4.8,0.0,7375.0,31.0,0.0,1.0
2026-05-01,Electronic City,Silk Board Junction,57363,25.12,1.0901,6.74,6.73,0,Clear,No,27.26,64.94,4.8,0.0,7375.0,26.94,0.6744,1.0
2026-05-01,Hebbal,Ballari Road,67641,31.88,1.1497,11.04,10.99,0,Clear,No,27.26,64.94,4.8,0.0,7375.0,35.81,1.1044,0.9839
2026-05-01,Hebbal,Hebbal Flyover,64589,43.62,1.0922,7.4,7.43,0,Clear,No,27.26,64.94,4.8,0.0,7375.0,47.12,0.74,0.9997
2026-05-01,Indiranagar,100 Feet Road,50827,19.06,1.1679,12.46,12.36,0,Clear,No,27.26,64.94,4.8,0.0,7375.0,21.75,1.2462,1.0
2026-05-01,Indiranagar,CMH Road,42353,24.94,1.1417,10.43,10.34,0,Clear,No,27.26,64.94,4.8,0.0,7375.0,27.81,1.0431,1.0
2026-05-01,Jayanagar,Jayanagar 4th Block,55782,22.44,1.3707,23.04,23.13,0,Clear,No,27.26,64.94,4.8,0.0,7375.0,29.19,2.3038,0.9985
2026-05-01,Jayanagar,South End Circle,56253,27.12,1.1252,8.69,8.44,0,Clear,No,27.26,64.94,4.8,0.0,7375.0,29.62,0.8688,0.9965
2026-05-01,Koramangala,Sarjapur Road,29760,37.5,1.0151,1.32,1.32,0,Clear,No,27.26,64.94,4.8,0.0,7375.0,38.0,0.1319,0.9997
2026-05-01,Koramangala,Sony World Junction,48115,23.38,1.1256,10.09,10.1,0,Clear,No,27.26,64.94,4.8,0.0,7375.0,26.0,1.0094,1.0
2026-05-01,M.G. Road,Anil Kumble Circle,64726,19.81,1.2151,13.19,13.15,0,Clear,No,27.26,64.94,4.8,0.0,7375.0,22.81,1.3194,1.0
2026-05-01,M.G. Road,Trinity Circle,53999,32.38,1.0913,7.49,7.5,0,Clear,No,27.26,64.94,4.8,0.0,7375.0,35.0,0.7494,1.0
2026-05-01,Whitefield,ITPL Main Road,41574,28.94,1.0822,6.66,6.65,0,Clear,No,27.26,64.94,4.8,0.0,7375.0,31.0,0.6656,0.9991
2026-05-01,Whitefield,Marathahalli Bridge,48484,25.12,1.0467,3.36,3.37,0,Clear,No,27.26,64.94,4.8,0.0,7375.0,26.0,0.3362,0.9969
2026-05-01,Yeshwanthpur,Tumkur Road,58308,18.06,1.0675,5.16,5.25,0,Clear,No,27.26,64.94,4.8,0.0,7375.0,19.06,0.5156,0.9902
2026-05-01,Yeshwanthpur,Yeshwanthpur Circle,58117,28.94,1.1212,9.25,9.22,0,Clear,No,27.26,64.94,4.8,0.0,7375.0,31.88,0.925,1.0
2026-05-02,Electronic City,Hosur Road,56916,29.84,1.0434,3.34,3.24,0,Clear,No,28.89,57.84,7.59,0.0,6947.37,30.84,0.3337,0.9996
2026-05-02,Electronic City,Silk Board Junction,47850,26.11,1.0373,3.14,3.12,0,Clear,No,28.89,57.84,7.59,0.0,6947.37,26.95,0.3137,1.0
2026-05-02,Hebbal,Ballari Road,70884,31.11,1.1719,13.03,12.96,0,Clear,No,28.89,57.84,7.59,0.0,6947.37,35.74,1.3026,0.9711
2026-05-02,Hebbal,Hebbal Flyover,79771,40.32,1.2073,14.3,14.32,0,Clear,No,28.89,57.84,7.59,0.0,6947.37,47.05,1.43,1.0
2026-05-02,Indiranagar,100 Feet Road,58843,17.68,1.3,19.15,19.04,0,Clear,No,28.89,57.84,7.59,0.0,6947.37,21.84,1.9147,1.0
2026-05-02,Indiranagar,CMH Road,43210,24.74,1.1451,11.19,11.15,0,Clear,No,28.89,57.84,7.59,0.0,6947.37,27.84,1.1189,1.0
2026-05-02,Jayanagar,Jayanagar 4th Block,57137,22.16,1.4278,24.22,24.42,0,Clear,No,28.89,57.84,7.59,0.0,6947.37,29.32,2.4221,0.9999
2026-05-02,Jayanagar,South End Circle,68429,24.74,1.2301,15.86,15.62,0,Clear,No,28.89,57.84,7.59,0.0,6947.37,29.32,1.5858,0.9962
2026-05-02,Koramangala,Sarjapur Road,36202,36.16,1.0605,4.85,4.85,0,Clear,No,28.89,57.84,7.59,0.0,6947.37,38.0,0.4847,1.0
2026-05-02,Koramangala,Sony World Junction,49170,23.05,1.1407,11.0,10.98,0,Clear,No,28.89,57.84,7.59,0.0,6947.37,25.89,1.1,1.0
2026-05-02,M.G. Road,Anil Kumble Circle,65785,19.63,1.2077,13.97,13.86,0,Clear,No,28.89,57.84,7.59,0.0,6947.37,22.79,1.3974,1.0
2026-05-02,M.G. Road,Trinity Circle,61490,31.11,1.138,10.99,10.99,0,Clear,No,28.89,57.84,7.59,0.0,6947.37,34.95,1.0995,1.0
2026-05-02,Whitefield,ITPL Main Road,48653,27.68,1.1348,10.56,10.54,0,Clear,No,28.89,57.84,7.59,0.0,6947.37,30.95,1.0558,0.9991
2026-05-02,Whitefield,Marathahalli Bridge,46547,25.32,1.0364,2.63,2.63,0,Clear,No,28.89,57.84,7.59,0.0,6947.37,26.0,0.2632,0.9989
2026-05-02,Yeshwanthpur,Tumkur Road,83347,16.21,1.2271,15.99,16.3,0,Clear,No,28.89,57.84,7.59,0.0,6947.37,19.37,1.5989,0.9891
2026-05-02,Yeshwanthpur,Yeshwanthpur Circle,68190,27.05,1.2228,15.46,15.46,0,Clear,No,28.89,57.84,7.59,0.0,6947.37,32.0,1.5458,1.0
2026-05-03,Electronic City,Hosur Road,49824,30.65,1.0129,1.0,0.97,0,Clear,No,28.71,60.25,5.18,0.0,6700.0,30.95,0.1,0.9995
2026-05-03,Electronic City,Silk Board Junction,39600,27.0,1.0,0.0,0.0,0,Clear,No,28.71,60.25,5.18,0.0,6700.0,27.0,0.0,1.0
2026-05-03,Hebbal,Ballari Road,74157,30.45,1.2241,14.98,14.94,0,Clear,No,28.71,60.25,5.18,0.0,6700.0,35.8,1.4985,0.979
2026-05-03,Hebbal,Hebbal Flyover,70933,42.7,1.12,9.57,9.63,0,Clear,No,28.71,60.25,5.18,0.0,6700.0,47.25,0.957,1.0
2026-05-03,Indiranagar,100 Feet Road,48193,19.45,1.1388,10.33,10.16,0,Clear,No,28.71,60.25,5.18,0.0,6700.0,21.65,1.033,1.0
2026-05-03,Indiranagar,CMH Road,32726,26.65,1.0563,4.52,4.48,0,Clear,No,28.71,60.25,5.18,0.0,6700.0,27.9,0.452,1.0
2026-05-03,Jayanagar,Jayanagar 4th Block,50493,24.0,1.2723,17.9,18.09,0,Clear,No,28.71,60.25,5.18,0.0,6700.0,29.3,1.79,0.9997
2026-05-03,Jayanagar,South End Circle,63496,25.95,1.172,12.5,12.33,0,Clear,No,28.71,60.25,5.18,0.0,6700.0,29.6,1.25,0.997
2026-05-03,Koramangala,Sarjapur Road,32159,37.0,1.032,2.63,2.63,0,Clear,No,28.71,60.25,5.18,0.0,6700.0,38.0,0.2635,1.0
2026-05-03,Koramangala,Sony World Junction,45447,23.7,1.1025,8.67,8.67,0,Clear,No,28.71,60.25,5.18,0.0,6700.0,25.95,0.867,1.0
2026-05-03,M.G. Road,Anil Kumble Circle,62245,20.4,1.1683,11.48,11.5,0,Clear,No,28.71,60.25,5.18,0.0,6700.0,23.05,1.1475,1.0
2026-05-03,M.G. Road,Trinity Circle,53854,32.35,1.0892,7.45,7.44,0,Clear,No,28.71,60.25,5.18,0.0,6700.0,34.95,0.745,1.0
2026-05-03,Whitefield,ITPL Main Road,33437,30.3,1.0285,2.38,2.42,0,Clear,No,28.71,60.25,5.18,0.0,6700.0,31.05,0.2385,0.9999
2026-05-03,Whitefield,Marathahalli Bridge,43669,25.55,1.0247,1.6,1.54,0,Clear,No,28.71,60.25,5.18,0.0,6700.0,25.95,0.16,1.0
2026-05-03,Yeshwanthpur,Tumkur Road,56016,18.25,1.0577,4.46,4.45,0,Clear,No,28.71,60.25,5.18,0.0,6700.0,19.1,0.4455,0.997
2026-05-03,Yeshwanthpur,Yeshwanthpur Circle,63075,28.1,1.163,12.07,12.05,0,Clear,No,28.71,60.25,5.18,0.0,6700.0,31.95,1.2065,1.0
2026-05-04,Electronic City,Hosur Road,51843,30.43,1.0187,1.63,1.62,0,Clear,No,27.14,67.0,6.59,0.0,7571.43,30.93,0.1629,0.9866
2026-05-04,Electronic City,Silk Board Junction,45217,26.29,1.0269,2.18,2.13,0,Clear,No,27.14,67.0,6.59,0.0,7571.43,26.86,0.2179,1.0
2026-05-04,Hebbal,Ballari Road,73398,30.79,1.2347,14.46,14.48,0,Clear,No,27.14,67.0,6.59,0.0,7571.43,36.0,1.4457,0.9874
2026-05-04,Hebbal,Hebbal Flyover,72300,42.29,1.147,10.14,10.17,0,Clear,No,27.14,67.0,6.59,0.0,7571.43,47.07,1.0143,1.0
2026-05-04,Indiranagar,100 Feet Road,46542,19.64,1.1276,9.46,9.24,0,Clear,No,27.14,67.0,6.59,0.0,7571.43,21.64,0.9457,0.9998
2026-05-04,Indiranagar,CMH Road,39379,25.57,1.1133,8.47,8.44,0,Clear,No,27.14,67.0,6.59,0.0,7571.43,27.93,0.8471,1.0
2026-05-04,Jayanagar,Jayanagar 4th Block,46865,25.0,1.2245,14.46,14.63,0,Clear,No,27.14,67.0,6.59,0.0,7571.43,29.29,1.4464,0.9995
2026-05-04,Jayanagar,South End Circle,59132,26.79,1.1429,9.88,9.64,0,Clear,No,27.14,67.0,6.59,0.0,7571.43,29.64,0.9879,0.9975
2026-05-04,Koramangala,Sarjapur Road,35245,36.36,1.0512,4.32,4.32,0,Clear,No,27.14,67.0,6.59,0.0,7571.43,38.0,0.4321,1.0
2026-05-04,Koramangala,Sony World Junction,43569,24.0,1.0974,7.69,7.69,0,Clear,No,27.14,67.0,6.59,0.0,7571.43,26.0,0.7686,1.0
2026-05-04,M.G. Road,Anil Kumble Circle,55439,21.07,1.1323,8.16,8.1,0,Clear,No,27.14,67.0,6.59,0.0,7571.43,22.93,0.8164,1.0
2026-05-04,M.G. Road,Trinity Circle,60580,31.43,1.142,10.34,10.39,0,Clear,No,27.14,67.0,6.59,0.0,7571.43,35.07,1.0336,1.0
2026-05-04,Whitefield,ITPL Main Road,37668,29.5,1.06,4.66,4.62,0,Clear,No,27.14,67.0,6.59,0.0,7571.43,30.93,0.4657,0.9996
2026-05-04,Whitefield,Marathahalli Bridge,46145,25.29,1.0423,2.57,2.48,0,Clear,No,27.14,67.0,6.59,0.0,7571.43,25.93,0.2571,1.0
2026-05-04,Yeshwanthpur,Tumkur Road,49671,18.64,1.0266,2.16,2.25,0,Clear,No,27.14,67.0,6.59,0.0,7571.43,19.07,0.2164,0.9977
2026-05-04,Yeshwanthpur,Yeshwanthpur Circle,59677,28.71,1.1426,9.94,9.87,0,Clear,No,27.14,67.0,6.59,0.0,7571.43,31.86,0.9943,1.0
2026-05-05,Electronic City,Hosur Road,59217,29.69,1.0506,4.02,3.98,0,Windy,No,27.35,59.31,8.25,0.0,7538.46,30.92,0.4023,0.9862
2026-05-05,Electronic City,Silk Board Junction,50190,25.77,1.0478,4.04,4.01,0,Windy,No,27.35,59.31,8.25,0.0,7538.46,26.85,0.4038,1.0
2026-05-05,Hebbal,Ballari Road,64473,32.54,1.1315,9.46,9.42,0,Windy,No,27.35,59.31,8.25,0.0,7538.46,35.92,0.9462,0.9936
2026-05-05,Hebbal,Hebbal Flyover,78451,40.62,1.2281,13.59,13.58,0,Windy,No,27.35,59.31,8.25,0.0,7538.46,47.0,1.3592,0.9998
2026-05-05,Indiranagar,100 Feet Road,50840,19.08,1.1812,12.5,12.37,0,Windy,No,27.35,59.31,8.25,0.0,7538.46,21.77,1.25,0.9998
2026-05-05,Indiranagar,CMH Road,45634,24.23,1.1982,13.42,13.46,0,Windy,No,27.35,59.31,8.25,0.0,7538.46,28.0,1.3415,0.9999
2026-05-05,Jayanagar,Jayanagar 4th Block,50191,24.15,1.2668,17.58,17.8,0,Windy,No,27.35,59.31,8.25,0.0,7538.46,29.38,1.7577,0.9997
2026-05-05,Jayanagar,South End Circle,63798,25.77,1.1854,12.84,12.53,0,Windy,No,27.35,59.31,8.25,0.0,7538.46,29.46,1.2838,0.9959
2026-05-05,Koramangala,Sarjapur Road,43269,34.62,1.1094,8.74,8.72,0,Windy,No,27.35,59.31,8.25,0.0,7538.46,37.92,0.8738,0.9999
2026-05-05,Koramangala,Sony World Junction,44658,23.92,1.1054,8.22,8.26,0,Windy,No,27.35,59.31,8.25,0.0,7538.46,26.08,0.8215,1.0
2026-05-05,M.G. Road,Anil Kumble Circle,60000,20.77,1.1524,9.85,10.0,0,Windy,No,27.35,59.31,8.25,0.0,7538.46,23.08,0.9854,1.0
2026-05-05,M.G. Road,Trinity Circle,62841,30.77,1.166,11.95,11.89,0,Windy,No,27.35,59.31,8.25,0.0,7538.46,34.92,1.1946,1.0
2026-05-05,Whitefield,ITPL Main Road,51522,26.92,1.1783,12.98,12.94,0,Windy,No,27.35,59.31,8.25,0.0,7538.46,30.92,1.2977,0.999
2026-05-05,Whitefield,Marathahalli Bridge,39600,26.0,1.0,0.0,0.0,0,Windy,No,27.35,59.31,8.25,0.0,7538.46,26.0,0.0,1.0
2026-05-05,Yeshwanthpur,Tumkur Road,46697,18.77,1.0133,1.22,1.21,0,Windy,No,27.35,59.31,8.25,0.0,7538.46,19.0,0.1215,0.9978
2026-05-05,Yeshwanthpur,Yeshwanthpur Circle,63840,27.85,1.1666,12.58,12.56,0,Windy,No,27.35,59.31,8.25,0.0,7538.46,31.85,1.2585,1.0
2026-05-06,Electronic City,Hosur Road,63874,29.23,1.0895,5.56,5.47,0,Clear,No,25.78,70.77,6.78,0.02,6769.23,30.92,0.5562,1.0
2026-05-06,Electronic City,Silk Board Junction,50160,25.85,1.0506,4.02,4.0,0,Clear,No,25.78,70.77,6.78,0.02,6769.23,26.92,0.4015,1.0
2026-05-06,Hebbal,Ballari Road,69682,31.46,1.1869,12.38,12.23,0,Clear,No,25.78,70.77,6.78,0.02,6769.23,35.85,1.2385,0.9817
2026-05-06,Hebbal,Hebbal Flyover,78371,40.77,1.2058,13.46,13.54,0,Clear,No,25.78,70.77,6.78,0.02,6769.23,47.15,1.3462,1.0
2026-05-06,Indiranagar,100 Feet Road,47729,19.69,1.1389,9.94,9.86,0,Clear,No,25.78,70.77,6.78,0.02,6769.23,21.85,0.9938,0.9998
2026-05-06,Indiranagar,CMH Road,42750,25.0,1.1403,10.68,10.71,0,Clear,No,25.78,70.77,6.78,0.02,6769.23,28.0,1.0677,1.0
2026-05-06,Jayanagar,Jayanagar 4th Block,49137,24.38,1.2614,16.6,16.8,0,Clear,No,25.78,70.77,6.78,0.02,6769.23,29.31,1.66,0.9988
2026-05-06,Jayanagar,South End Circle,59565,26.85,1.1362,9.9,9.82,0,Clear,No,25.78,70.77,6.78,0.02,6769.23,29.77,0.99,0.9972
2026-05-06,Koramangala,Sarjapur Road,38829,35.54,1.0756,6.31,6.29,0,Clear,No,25.78,70.77,6.78,0.02,6769.23,37.92,0.6308,1.0
2026-05-06,Koramangala,Sony World Junction,42473,24.08,1.0901,7.14,7.12,0,Clear,No,25.78,70.77,6.78,0.02,6769.23,25.92,0.7138,1.0
2026-05-06,M.G. Road,Anil Kumble Circle,56800,21.08,1.1213,8.58,8.67,0,Clear,No,25.78,70.77,6.78,0.02,6769.23,23.08,0.8577,1.0
2026-05-06,M.G. Road,Trinity Circle,60824,31.31,1.1403,10.55,10.55,0,Clear,No,25.78,70.77,6.78,0.02,6769.23,35.0,1.0546,1.0
2026-05-06,Whitefield,ITPL Main Road,49697,27.46,1.157,11.42,11.41,0,Clear,No,25.78,70.77,6.78,0.02,6769.23,31.0,1.1423,0.9995
2026-05-06,Whitefield,Marathahalli Bridge,49000,25.0,1.0489,3.62,3.56,0,Clear,No,25.78,70.77,6.78,0.02,6769.23,25.92,0.3623,1.0
2026-05-06,Yeshwanthpur,Tumkur Road,49029,18.62,1.0275,2.02,2.02,0,Clear,No,25.78,70.77,6.78,0.02,6769.23,19.0,0.2023,0.9974
2026-05-06,Yeshwanthpur,Yeshwanthpur Circle,59653,28.85,1.1351,9.86,9.86,0,Clear,No,25.78,70.77,6.78,0.02,6769.23,32.0,0.9862,1.0
2026-05-07,Electronic City,Hosur Road,50163,30.58,1.013,1.11,1.08,0,Clear,No,26.79,66.17,5.06,0.0,6583.33,30.92,0.1108,0.9996
2026-05-07,Electronic City,Silk Board Junction,58398,25.0,1.0935,7.17,7.12,0,Clear,No,26.79,66.17,5.06,0.0,6583.33,26.92,0.7167,1.0
2026-05-07,Hebbal,Ballari Road,74269,30.67,1.1976,14.96,15.01,0,Clear,No,26.79,66.17,5.06,0.0,6583.33,36.08,1.4958,0.9829
2026-05-07,Hebbal,Hebbal Flyover,78849,40.58,1.1906,13.77,13.81,0,Clear,No,26.79,66.17,5.06,0.0,6583.33,47.08,1.3767,1.0
2026-05-07,Indiranagar,100 Feet Road,48319,19.67,1.1346,10.33,10.27,0,Clear,No,26.79,66.17,5.06,0.0,6583.33,21.92,1.0333,1.0
2026-05-07,Indiranagar,CMH Road,45604,24.17,1.1993,13.36,13.43,0,Clear,No,26.79,66.17,5.06,0.0,6583.33,27.92,1.3358,1.0
2026-05-07,Jayanagar,Jayanagar 4th Block,54468,22.92,1.3825,21.61,21.87,0,Clear,No,26.79,66.17,5.06,0.0,6583.33,29.33,2.1608,1.0
2026-05-07,Jayanagar,South End Circle,63487,26.08,1.1707,12.43,12.32,0,Clear,No,26.79,66.17,5.06,0.0,6583.33,29.75,1.2433,0.9964
2026-05-07,Koramangala,Sarjapur Road,34960,36.42,1.0483,4.17,4.17,0,Clear,No,26.79,66.17,5.06,0.0,6583.33,38.0,0.4167,1.0
2026-05-07,Koramangala,Sony World Junction,44851,23.75,1.1084,8.4,8.36,0,Clear,No,26.79,66.17,5.06,0.0,6583.33,25.92,0.84,0.9979
2026-05-07,M.G. Road,Anil Kumble Circle,57818,20.83,1.1374,9.12,9.09,0,Clear,No,26.79,66.17,5.06,0.0,6583.33,22.92,0.9125,1.0
2026-05-07,M.G. Road,Trinity Circle,62857,30.83,1.1579,11.91,11.9,0,Clear,No,26.79,66.17,5.06,0.0,6583.33,35.0,1.1908,1.0
2026-05-07,Whitefield,ITPL Main Road,45832,28.25,1.1275,8.87,8.87,0,Clear,No,26.79,66.17,5.06,0.0,6583.33,31.0,0.8875,0.9994
2026-05-07,Whitefield,Marathahalli Bridge,52374,24.58,1.0764,5.0,4.84,0,Clear,No,26.79,66.17,5.06,0.0,6583.33,25.83,0.5,0.9992
2026-05-07,Yeshwanthpur,Tumkur Road,45737,18.75,1.0108,0.93,0.88,0,Clear,No,26.79,66.17,5.06,0.0,6583.33,18.92,0.0925,0.9992
2026-05-07,Yeshwanthpur,Yeshwanthpur Circle,60665,28.58,1.1423,10.48,10.44,0,Clear,No,26.79,66.17,5.06,0.0,6583.33,31.92,1.0475,1.0
2026-05-08,Electronic City,Hosur Road,58955,29.6,1.0521,3.97,3.9,0,Clear,No,26.92,68.2,6.87,0.0,6666.67,30.8,0.3967,0.9989
2026-05-08,Electronic City,Silk Board Junction,52046,25.6,1.0574,4.77,4.71,0,Clear,No,26.92,68.2,6.87,0.0,6666.67,26.87,0.4773,1.0
2026-05-08,Hebbal,Ballari Road,68138,31.93,1.1515,11.3,11.3,0,Clear,No,26.92,68.2,6.87,0.0,6666.67,36.0,1.13,0.9891
2026-05-08,Hebbal,Hebbal Flyover,74680,41.6,1.1679,11.48,11.49,0,Clear,No,26.92,68.2,6.87,0.0,6666.67,47.0,1.148,1.0
2026-05-08,Indiranagar,100 Feet Road,52048,19.0,1.1828,13.4,13.37,0,Clear,No,26.92,68.2,6.87,0.0,6666.67,21.93,1.34,0.9998
2026-05-08,Indiranagar,CMH Road,45250,24.33,1.1714,13.09,13.1,0,Clear,No,26.92,68.2,6.87,0.0,6666.67,28.0,1.3093,1.0
2026-05-08,Jayanagar,Jayanagar 4th Block,55527,22.47,1.3805,22.81,22.88,0,Clear,No,26.92,68.2,6.87,0.0,6666.67,29.13,2.2807,0.9998
2026-05-08,Jayanagar,South End Circle,67058,25.13,1.2116,14.91,14.71,0,Clear,No,26.92,68.2,6.87,0.0,6666.67,29.47,1.4907,0.9958
2026-05-08,Koramangala,Sarjapur Road,34400,36.53,1.0454,3.87,3.86,0,Clear,No,26.92,68.2,6.87,0.0,6666.67,38.0,0.3867,1.0
2026-05-08,Koramangala,Sony World Junction,50153,22.93,1.152,11.8,11.79,0,Clear,No,26.92,68.2,6.87,0.0,6666.67,26.0,1.18,1.0
2026-05-08,M.G. Road,Anil Kumble Circle,55365,21.27,1.1177,7.89,8.07,0,Clear,No,26.92,68.2,6.87,0.0,6666.67,23.13,0.7893,1.0
2026-05-08,M.G. Road,Trinity Circle,62714,30.87,1.1527,11.82,11.81,0,Clear,No,26.92,68.2,6.87,0.0,6666.67,35.0,1.182,1.0
2026-05-08,Whitefield,ITPL Main Road,46141,28.2,1.1195,9.03,9.03,0,Clear,No,26.92,68.2,6.87,0.0,6666.67,31.0,0.9033,0.9995
2026-05-08,Whitefield,Marathahalli Bridge,47065,25.2,1.0548,2.93,2.83,0,Clear,No,26.92,68.2,6.87,0.0,6666.67,25.93,0.2933,1.0
2026-05-08,Yeshwanthpur,Tumkur Road,53305,18.33,1.0485,3.51,3.51,0,Clear,No,26.92,68.2,6.87,0.0,6666.67,19.0,0.3513,0.9993
2026-05-08,Yeshwanthpur,Yeshwanthpur Circle,64999,27.73,1.1797,13.33,13.33,0,Clear,No,26.92,68.2,6.87,0.0,6666.67,32.0,1.3333,1.0
2026-05-09,Electronic City,Hosur Road,67111,28.72,1.0907,6.68,6.51,0,Clear,No,25.68,71.28,6.71,0.02,6555.56,30.72,0.6678,0.9996
2026-05-09,Electronic City,Silk Board Junction,47204,26.22,1.0357,2.88,2.88,0,Clear,No,25.68,71.28,6.71,0.02,6555.56,27.0,0.2878,1.0
2026-05-09,Hebbal,Ballari Road,61192,33.06,1.103,8.16,8.18,0,Clear,No,25.68,71.28,6.71,0.02,6555.56,36.0,0.8156,0.976
2026-05-09,Hebbal,Hebbal Flyover,77321,41.06,1.1756,12.91,12.96,0,Clear,No,25.68,71.28,6.71,0.02,6555.56,47.17,1.2911,1.0
2026-05-09,Indiranagar,100 Feet Road,58900,17.67,1.293,19.15,19.08,0,Clear,No,25.68,71.28,6.71,0.02,6555.56,21.83,1.915,0.9992
2026-05-09,Indiranagar,CMH Road,46708,23.94,1.2009,14.44,14.48,0,Clear,No,25.68,71.28,6.71,0.02,6555.56,28.0,1.4439,1.0
2026-05-09,Jayanagar,Jayanagar 4th Block,55391,22.44,1.3736,22.67,22.75,0,Clear,No,25.68,71.28,6.71,0.02,6555.56,29.06,2.2667,1.0
2026-05-09,Jayanagar,South End Circle,66910,25.33,1.2131,14.75,14.61,0,Clear,No,25.68,71.28,6.71,0.02,6555.56,29.67,1.475,0.9961
2026-05-09,Koramangala,Sarjapur Road,39911,35.33,1.0828,6.9,6.88,0,Clear,No,25.68,71.28,6.71,0.02,6555.56,37.94,0.69,1.0
2026-05-09,Koramangala,Sony World Junction,48793,23.28,1.1308,10.63,10.66,0,Clear,No,25.68,71.28,6.71,0.02,6555.56,26.06,1.0633,1.0
2026-05-09,M.G. Road,Anil Kumble Circle,56970,20.89,1.1154,8.72,8.74,0,Clear,No,25.68,71.28,6.71,0.02,6555.56,22.89,0.8717,1.0
2026-05-09,M.G. Road,Trinity Circle,62380,30.94,1.1502,11.59,11.59,0,Clear,No,25.68,71.28,6.71,0.02,6555.56,35.0,1.1589,1.0
2026-05-09,Whitefield,ITPL Main Road,53634,26.44,1.208,14.66,14.7,0,Clear,No,25.68,71.28,6.71,0.02,6555.56,31.0,1.4661,0.9992
2026-05-09,Whitefield,Marathahalli Bridge,43557,25.56,1.0225,1.56,1.5,0,Clear,No,25.68,71.28,6.71,0.02,6555.56,25.94,0.1556,1.0
2026-05-09,Yeshwanthpur,Tumkur Road,67479,17.5,1.1169,8.35,8.43,0,Clear,No,25.68,71.28,6.71,0.02,6555.56,19.11,0.835,0.9964
2026-05-09,Yeshwanthpur,Yeshwanthpur Circle,65716,27.39,1.1886,13.86,13.81,0,Clear,No,25.68,71.28,6.71,0.02,6555.56,31.78,1.3856,0.9998
2026-05-10,Electronic City,Hosur Road,57442,29.89,1.0442,3.43,3.41,0,Clear,No,26.82,64.89,7.77,0.0,7111.11,30.94,0.3428,0.9991
2026-05-10,Electronic City,Silk Board Junction,41772,26.78,1.0096,0.82,0.82,0,Clear,No,26.82,64.89,7.77,0.0,7111.11,27.0,0.0822,1.0
2026-05-10,Hebbal,Ballari Road,60001,33.17,1.1039,7.74,7.73,0,Clear,No,26.82,64.89,7.77,0.0,7111.11,35.94,0.7744,0.9773
2026-05-10,Hebbal,Hebbal Flyover,62218,44.0,1.0822,6.57,6.6,0,Clear,No,26.82,64.89,7.77,0.0,7111.11,47.11,0.6572,1.0
2026-05-10,Indiranagar,100 Feet Road,51345,18.94,1.1885,12.99,12.79,0,Clear,No,26.82,64.89,7.77,0.0,7111.11,21.72,1.2989,0.9999
2026-05-10,Indiranagar,CMH Road,38019,25.56,1.1003,7.76,7.63,0,Clear,No,26.82,64.89,7.77,0.0,7111.11,27.67,0.7756,1.0
2026-05-10,Jayanagar,Jayanagar 4th Block,49665,24.17,1.2512,17.19,17.3,0,Clear,No,26.82,64.89,7.77,0.0,7111.11,29.22,1.7194,0.9998
2026-05-10,Jayanagar,South End Circle,61761,26.06,1.1535,11.44,11.17,0,Clear,No,26.82,64.89,7.77,0.0,7111.11,29.33,1.1439,0.9967
2026-05-10,Koramangala,Sarjapur Road,35359,36.33,1.0518,4.39,4.39,0,Clear,No,26.82,64.89,7.77,0.0,7111.11,38.0,0.4389,1.0
2026-05-10,Koramangala,Sony World Junction,42748,24.11,1.0905,7.26,7.26,0,Clear,No,26.82,64.89,7.77,0.0,7111.11,26.0,0.7261,1.0
2026-05-10,M.G. Road,Anil Kumble Circle,52975,21.17,1.0963,7.24,7.07,0,Clear,No,26.82,64.89,7.77,0.0,7111.11,22.78,0.7244,1.0
2026-05-10,M.G. Road,Trinity Circle,54285,32.33,1.0915,7.62,7.62,0,Clear,No,26.82,64.89,7.77,0.0,7111.11,35.0,0.7622,1.0
2026-05-10,Whitefield,ITPL Main Road,40864,29.0,1.0764,6.31,6.28,0,Clear,No,26.82,64.89,7.77,0.0,7111.11,30.94,0.6311,0.9997
2026-05-10,Whitefield,Marathahalli Bridge,47531,25.11,1.0456,3.11,3.0,0,Clear,No,26.82,64.89,7.77,0.0,7111.11,25.89,0.3111,1.0
2026-05-10,Yeshwanthpur,Tumkur Road,54115,18.33,1.0479,3.74,3.79,0,Clear,No,26.82,64.89,7.77,0.0,7111.11,19.06,0.3744,0.9967
2026-05-10,Yeshwanthpur,Yeshwanthpur Circle,57398,28.94,1.1149,8.99,8.92,0,Clear,No,26.82,64.89,7.77,0.0,7111.11,31.78,0.8994,1.0
2026-05-11,Electronic City,Hosur Road,55949,30.09,1.0435,2.94,2.93,0,Clear,No,26.55,65.0,5.57,0.0,6363.64,31.0,0.2936,1.0
2026-05-11,Electronic City,Silk Board Junction,49377,26.0,1.0448,3.7,3.7,0,Clear,No,26.55,65.0,5.57,0.0,6363.64,27.0,0.37,1.0
2026-05-11,Hebbal,Ballari Road,63051,32.64,1.1219,8.97,8.88,0,Clear,No,26.55,65.0,5.57,0.0,6363.64,35.82,0.8973,0.9864
2026-05-11,Hebbal,Hebbal Flyover,59911,44.27,1.0895,5.8,5.8,0,Clear,No,26.55,65.0,5.57,0.0,6363.64,47.0,0.58,0.9999
2026-05-11,Indiranagar,100 Feet Road,47920,19.73,1.1461,10.09,9.96,0,Clear,No,26.55,65.0,5.57,0.0,6363.64,21.91,1.0091,0.9996
2026-05-11,Indiranagar,CMH Road,41510,25.36,1.1329,9.64,9.71,0,Clear,No,26.55,65.0,5.57,0.0,6363.64,28.09,0.9636,1.0
2026-05-11,Jayanagar,Jayanagar 4th Block,47478,24.82,1.2272,15.0,15.22,0,Clear,No,26.55,65.0,5.57,0.0,6363.64,29.27,1.5,1.0
2026-05-11,Jayanagar,South End Circle,62484,26.18,1.1663,11.83,11.66,0,Clear,No,26.55,65.0,5.57,0.0,6363.64,29.64,1.1827,0.9968
2026-05-11,Koramangala,Sarjapur Road,32159,37.0,1.0307,2.64,2.63,0,Clear,No,26.55,65.0,5.57,0.0,6363.64,38.0,0.2636,1.0
2026-05-11,Koramangala,Sony World Junction,46193,23.73,1.1325,9.02,9.06,0,Clear,No,26.55,65.0,5.57,0.0,6363.64,26.09,0.9018,1.0
2026-05-11,M.G. Road,Anil Kumble Circle,56787,21.09,1.1265,8.57,8.66,0,Clear,No,26.55,65.0,5.57,0.0,6363.64,23.09,0.8573,1.0
2026-05-11,M.G. Road,Trinity Circle,56624,31.91,1.1144,8.58,8.59,0,Clear,No,26.55,65.0,5.57,0.0,6363.64,34.91,0.8582,1.0
2026-05-11,Whitefield,ITPL Main Road,42917,28.64,1.1036,7.42,7.35,0,Clear,No,26.55,65.0,5.57,0.0,6363.64,30.91,0.7418,0.9995
2026-05-11,Whitefield,Marathahalli Bridge,39600,26.0,1.0,0.0,0.0,0,Clear,No,26.55,65.0,5.57,0.0,6363.64,26.0,0.0,1.0
2026-05-11,Yeshwanthpur,Tumkur Road,62399,17.82,1.086,6.65,6.67,0,Clear,No,26.55,65.0,5.57,0.0,6363.64,19.09,0.6655,0.971
2026-05-11,Yeshwanthpur,Yeshwanthpur Circle,59116,29.0,1.134,9.59,9.63,0,Clear,No,26.55,65.0,5.57,0.0,6363.64,32.09,0.9591,1.0
2026-05-12,Electronic City,Hosur Road,54368,30.17,1.0368,2.5,2.43,0,Clear,No,27.4,60.08,6.95,0.0,6666.67,30.92,0.25,0.9992
2026-05-12,Electronic City,Silk Board Junction,51007,25.83,1.0635,4.32,4.32,0,Clear,No,27.4,60.08,6.95,0.0,6666.67,27.0,0.4317,1.0
2026-05-12,Hebbal,Ballari Road,59813,33.17,1.1046,7.7,7.66,0,Clear,No,27.4,60.08,6.95,0.0,6666.67,35.92,0.77,0.9876
2026-05-12,Hebbal,Hebbal Flyover,68221,42.92,1.1326,8.68,8.69,0,Clear,No,27.4,60.08,6.95,0.0,6666.67,47.0,0.8683,0.9999
2026-05-12,Indiranagar,100 Feet Road,46455,19.75,1.1239,9.36,9.2,0,Clear,No,27.4,60.08,6.95,0.0,6666.67,21.75,0.9358,0.9996
2026-05-12,Indiranagar,CMH Road,44977,24.33,1.1873,12.74,12.84,0,Clear,No,27.4,60.08,6.95,0.0,6666.67,27.92,1.2742,1.0
2026-05-12,Jayanagar,Jayanagar 4th Block,50153,23.92,1.279,17.68,17.77,0,Clear,No,27.4,60.08,6.95,0.0,6666.67,29.08,1.7683,0.9996
2026-05-12,Jayanagar,South End Circle,56957,27.0,1.1303,8.98,8.73,0,Clear,No,27.4,60.08,6.95,0.0,6666.67,29.58,0.8975,0.997
2026-05-12,Koramangala,Sarjapur Road,32960,36.83,1.0353,3.08,3.07,0,Clear,No,27.4,60.08,6.95,0.0,6666.67,38.0,0.3075,1.0
2026-05-12,Koramangala,Sony World Junction,48268,23.42,1.1338,10.13,10.22,0,Clear,No,27.4,60.08,6.95,0.0,6666.67,26.08,1.0133,1.0
2026-05-12,M.G. Road,Anil Kumble Circle,49862,21.75,1.0784,5.72,5.78,0,Clear,No,27.4,60.08,6.95,0.0,6666.67,23.08,0.5717,1.0
2026-05-12,M.G. Road,Trinity Circle,60254,30.92,1.1346,9.99,10.17,0,Clear,No,27.4,60.08,6.95,0.0,6666.67,34.42,0.9992,1.0
2026-05-12,Whitefield,ITPL Main Road,48258,27.83,1.141,10.22,10.22,0,Clear,No,27.4,60.08,6.95,0.0,6666.67,31.0,1.0225,0.9994
2026-05-12,Whitefield,Marathahalli Bridge,46390,25.25,1.0411,2.67,2.57,0,Clear,No,27.4,60.08,6.95,0.0,6666.67,25.92,0.2667,1.0
2026-05-12,Yeshwanthpur,Tumkur Road,66037,17.42,1.1041,7.99,7.93,0,Clear,No,27.4,60.08,6.95,0.0,6666.67,18.92,0.7992,0.9948
2026-05-12,Yeshwanthpur,Yeshwanthpur Circle,59812,28.75,1.1338,9.93,9.92,0,Clear,No,27.4,60.08,6.95,0.0,6666.67,31.92,0.9933,1.0
2026-05-13,Electronic City,Hosur Road,46800,31.0,1.0,0.0,0.0,0,Clear,No,28.04,57.0,5.89,0.0,6727.27,31.0,0.0,1.0
2026-05-13,Electronic City,Silk Board Junction,52086,25.64,1.0587,4.76,4.73,0,Clear,No,28.04,57.0,5.89,0.0,6727.27,26.91,0.4764,1.0
2026-05-13,Hebbal,Ballari Road,62556,30.55,1.1262,9.41,8.7,0,Clear,No,28.04,57.0,5.89,0.0,6727.27,33.45,0.9409,0.9579
2026-05-13,Hebbal,Hebbal Flyover,80358,40.27,1.2031,14.6,14.64,0,Clear,No,28.04,57.0,5.89,0.0,6727.27,47.18,1.46,0.999
2026-05-13,Indiranagar,100 Feet Road,45741,19.73,1.126,9.09,8.82,0,Clear,No,28.04,57.0,5.89,0.0,6727.27,21.64,0.9091,1.0
2026-05-13,Indiranagar,CMH Road,44196,24.45,1.1725,12.2,12.09,0,Clear,No,28.04,57.0,5.89,0.0,6727.27,27.82,1.22,1.0
2026-05-13,Jayanagar,Jayanagar 4th Block,50296,24.18,1.2908,17.59,17.9,0,Clear,No,28.04,57.0,5.89,0.0,6727.27,29.45,1.7591,1.0
2026-05-13,Jayanagar,South End Circle,57284,27.09,1.1227,9.02,8.87,0,Clear,No,28.04,57.0,5.89,0.0,6727.27,29.73,0.9018,0.9976
2026-05-13,Koramangala,Sarjapur Road,41323,35.09,1.0925,7.66,7.66,0,Clear,No,28.04,57.0,5.89,0.0,6727.27,38.0,0.7664,1.0
2026-05-13,Koramangala,Sony World Junction,44240,23.91,1.1048,8.05,8.04,0,Clear,No,28.04,57.0,5.89,0.0,6727.27,26.0,0.8045,1.0
2026-05-13,M.G. Road,Anil Kumble Circle,69308,19.27,1.2563,16.15,16.21,0,Clear,No,28.04,57.0,5.89,0.0,6727.27,23.0,1.6145,1.0
2026-05-13,M.G. Road,Trinity Circle,61226,30.73,1.139,10.65,10.82,0,Clear,No,28.04,57.0,5.89,0.0,6727.27,34.45,1.0645,1.0
2026-05-13,Whitefield,ITPL Main Road,51483,27.0,1.1967,12.82,12.9,0,Clear,No,28.04,57.0,5.89,0.0,6727.27,31.0,1.2818,0.9998
2026-05-13,Whitefield,Marathahalli Bridge,49753,25.0,1.0679,3.85,3.85,0,Clear,No,28.04,57.0,5.89,0.0,6727.27,26.0,0.3845,1.0
2026-05-13,Yeshwanthpur,Tumkur Road,69257,17.36,1.1246,8.99,9.05,0,Clear,No,28.04,57.0,5.89,0.0,6727.27,19.09,0.8991,0.9956
2026-05-13,Yeshwanthpur,Yeshwanthpur Circle,63750,28.0,1.1732,12.49,12.5,0,Clear,No,28.04,57.0,5.89,0.0,6727.27,32.0,1.2491,1.0
2026-05-14,Electronic City,Hosur Road,52305,30.36,1.0235,1.82,1.76,0,Windy,No,28.21,58.73,8.25,0.0,6636.36,30.91,0.1818,0.9991
2026-05-14,Electronic City,Silk Board Junction,46711,26.27,1.0323,2.69,2.69,0,Windy,No,28.21,58.73,8.25,0.0,6636.36,27.0,0.2691,1.0
2026-05-14,Hebbal,Ballari Road,61041,32.91,1.107,8.2,8.12,0,Windy,No,28.21,58.73,8.25,0.0,6636.36,35.82,0.82,0.9871
2026-05-14,Hebbal,Hebbal Flyover,80358,40.27,1.2447,14.55,14.64,0,Windy,No,28.21,58.73,8.25,0.0,6636.36,47.18,1.4555,0.9998
2026-05-14,Indiranagar,100 Feet Road,48499,19.55,1.1399,10.55,10.42,0,Windy,No,28.21,58.73,8.25,0.0,6636.36,21.82,1.0545,1.0
2026-05-14,Indiranagar,CMH Road,43772,24.73,1.1601,11.69,11.69,0,Windy,No,28.21,58.73,8.25,0.0,6636.36,28.0,1.1691,1.0
2026-05-14,Jayanagar,Jayanagar 4th Block,50144,24.0,1.2931,17.64,17.76,0,Windy,No,28.21,58.73,8.25,0.0,6636.36,29.18,1.7636,1.0
2026-05-14,Jayanagar,South End Circle,55877,27.18,1.1142,8.46,8.28,0,Windy,No,28.21,58.73,8.25,0.0,6636.36,29.64,0.8464,0.9974
2026-05-14,Koramangala,Sarjapur Road,37420,35.82,1.0656,5.53,5.52,0,Windy,No,28.21,58.73,8.25,0.0,6636.36,37.91,0.5527,1.0
2026-05-14,Koramangala,Sony World Junction,51104,22.73,1.1686,12.57,12.59,0,Windy,No,28.21,58.73,8.25,0.0,6636.36,26.0,1.2573,1.0
2026-05-14,M.G. Road,Anil Kumble Circle,65000,20.09,1.1853,13.15,13.33,0,Windy,No,28.21,58.73,8.25,0.0,6636.36,23.18,1.3145,1.0
2026-05-14,M.G. Road,Trinity Circle,63205,30.27,1.1606,11.95,12.14,0,Windy,No,28.21,58.73,8.25,0.0,6636.36,34.45,1.1955,1.0
2026-05-14,Whitefield,ITPL Main Road,51483,27.0,1.1897,12.91,12.9,0,Windy,No,28.21,58.73,8.25,0.0,6636.36,31.0,1.2909,0.9996
2026-05-14,Whitefield,Marathahalli Bridge,39600,26.0,1.0,0.0,0.0,0,Windy,No,28.21,58.73,8.25,0.0,6636.36,26.0,0.0,1.0
2026-05-14,Yeshwanthpur,Tumkur Road,65247,17.55,1.095,7.65,7.66,0,Windy,No,28.21,58.73,8.25,0.0,6636.36,19.0,0.7655,0.9977
2026-05-14,Yeshwanthpur,Yeshwanthpur Circle,62045,28.36,1.1528,11.36,11.36,0,Windy,No,28.21,58.73,8.25,0.0,6636.36,32.0,1.1364,1.0
2026-05-15,Electronic City,Hosur Road,64508,29.08,1.072,5.72,5.68,0,Clear,No,27.32,65.0,7.08,0.0,7000.0,30.83,0.5725,0.9961
2026-05-15,Electronic City,Silk Board Junction,60719,24.92,1.1105,7.99,8.0,0,Clear,No,27.32,65.0,7.08,0.0,7000.0,27.08,0.7992,1.0
2026-05-15,Hebbal,Ballari Road,62158,33.0,1.1161,8.49,8.55,0,Clear,No,27.32,65.0,7.08,0.0,7000.0,36.08,0.8492,0.9852
2026-05-15,Hebbal,Hebbal Flyover,65707,43.25,1.1203,7.85,7.82,0,Clear,No,27.32,65.0,7.08,0.0,7000.0,46.92,0.785,1.0
2026-05-15,Indiranagar,100 Feet Road,51692,18.83,1.1914,13.31,13.08,0,Clear,No,27.32,65.0,7.08,0.0,7000.0,21.67,1.3308,1.0
2026-05-15,Indiranagar,CMH Road,39700,25.58,1.1171,8.63,8.63,0,Clear,No,27.32,65.0,7.08,0.0,7000.0,28.0,0.8633,1.0
2026-05-15,Jayanagar,Jayanagar 4th Block,50700,23.83,1.2904,18.16,18.29,0,Clear,No,27.32,65.0,7.08,0.0,7000.0,29.17,1.8158,0.9997
2026-05-15,Jayanagar,South End Circle,62372,26.08,1.1699,11.86,11.58,0,Clear,No,27.32,65.0,7.08,0.0,7000.0,29.5,1.1858,0.9967
2026-05-15,Koramangala,Sarjapur Road,38160,35.75,1.0693,5.93,5.92,0,Clear,No,27.32,65.0,7.08,0.0,7000.0,38.0,0.5925,1.0
2026-05-15,Koramangala,Sony World Junction,43522,24.08,1.099,7.62,7.67,0,Clear,No,27.32,65.0,7.08,0.0,7000.0,26.08,0.7617,1.0
2026-05-15,M.G. Road,Anil Kumble Circle,66195,19.75,1.2063,14.12,14.13,0,Clear,No,27.32,65.0,7.08,0.0,7000.0,23.0,1.4125,1.0
2026-05-15,M.G. Road,Trinity Circle,62028,30.58,1.1509,11.18,11.35,0,Clear,No,27.32,65.0,7.08,0.0,7000.0,34.5,1.1183,1.0
2026-05-15,Whitefield,ITPL Main Road,46348,28.17,1.15,9.14,9.14,0,Clear,No,27.32,65.0,7.08,0.0,7000.0,31.0,0.9142,0.9998
2026-05-15,Whitefield,Marathahalli Bridge,58275,24.08,1.2053,7.27,7.07,0,Clear,No,27.32,65.0,7.08,0.0,7000.0,25.92,0.7267,1.0
2026-05-15,Yeshwanthpur,Tumkur Road,66991,17.58,1.1075,8.21,8.26,0,Clear,No,27.32,65.0,7.08,0.0,7000.0,19.17,0.8208,0.9955
2026-05-15,Yeshwanthpur,Yeshwanthpur Circle,63407,28.0,1.1708,12.3,12.27,0,Clear,No,27.32,65.0,7.08,0.0,7000.0,31.92,1.23,1.0
2026-05-16,Electronic City,Hosur Road,52731,30.35,1.0233,1.93,1.9,0,Clear,No,28.33,63.35,5.19,0.0,6352.94,30.94,0.1929,0.9939
2026-05-16,Electronic City,Silk Board Junction,53434,25.53,1.0688,5.29,5.24,0,Clear,No,28.33,63.35,5.19,0.0,6352.94,26.94,0.5294,1.0
2026-05-16,Hebbal,Ballari Road,66811,32.12,1.1412,10.54,10.49,0,Clear,No,28.33,63.35,5.19,0.0,6352.94,35.88,1.0541,0.9725
2026-05-16,Hebbal,Hebbal Flyover,74475,41.71,1.1576,11.35,11.38,0,Clear,No,28.33,63.35,5.19,0.0,6352.94,47.06,1.1353,1.0
2026-05-16,Indiranagar,100 Feet Road,55837,18.12,1.254,16.74,16.53,0,Clear,No,28.33,63.35,5.19,0.0,6352.94,21.71,1.6735,0.9998
2026-05-16,Indiranagar,CMH Road,42506,25.12,1.1279,10.43,10.48,0,Clear,No,28.33,63.35,5.19,0.0,6352.94,28.06,1.0429,1.0
2026-05-16,Jayanagar,Jayanagar 4th Block,51530,23.71,1.293,18.89,19.08,0,Clear,No,28.33,63.35,5.19,0.0,6352.94,29.29,1.8888,0.9999
2026-05-16,Jayanagar,South End Circle,53514,27.65,1.0948,7.36,7.3,0,Clear,No,28.33,63.35,5.19,0.0,6352.94,29.82,0.7359,0.9975
2026-05-16,Koramangala,Sarjapur Road,47082,33.71,1.1497,11.29,11.3,0,Clear,No,28.33,63.35,5.19,0.0,6352.94,38.0,1.1294,1.0
2026-05-16,Koramangala,Sony World Junction,48460,23.35,1.1365,10.35,10.38,0,Clear,No,28.33,63.35,5.19,0.0,6352.94,26.06,1.0353,1.0
2026-05-16,M.G. Road,Anil Kumble Circle,50117,21.65,1.0797,5.84,5.88,0,Clear,No,28.33,63.35,5.19,0.0,6352.94,23.0,0.5841,1.0
2026-05-16,M.G. Road,Trinity Circle,62120,30.59,1.142,11.26,11.41,0,Clear,No,28.33,63.35,5.19,0.0,6352.94,34.53,1.1259,1.0
2026-05-16,Whitefield,ITPL Main Road,49028,27.53,1.1414,10.86,10.86,0,Clear,No,28.33,63.35,5.19,0.0,6352.94,30.88,1.0859,0.9994
2026-05-16,Whitefield,Marathahalli Bridge,61901,23.59,1.1318,8.61,8.45,0,Clear,No,28.33,63.35,5.19,0.0,6352.94,25.76,0.8606,0.9953
2026-05-16,Yeshwanthpur,Tumkur Road,57466,18.06,1.0615,4.95,4.95,0,Clear,No,28.33,63.35,5.19,0.0,6352.94,19.0,0.4953,0.9981
2026-05-16,Yeshwanthpur,Yeshwanthpur Circle,66072,27.35,1.1957,14.08,14.05,0,Clear,No,28.33,63.35,5.19,0.0,6352.94,31.82,1.4082,1.0
2026-05-17,Electronic City,Hosur Road,49321,30.69,1.0097,0.83,0.81,0,Clear,No,27.86,65.38,5.7,0.16,6250.0,30.94,0.0831,0.9994
2026-05-17,Electronic City,Silk Board Junction,48766,26.06,1.0431,3.47,3.47,0,Clear,No,27.86,65.38,5.7,0.16,6250.0,27.0,0.3469,1.0
2026-05-17,Hebbal,Ballari Road,56157,33.62,1.0901,6.34,6.27,0,Clear,No,27.86,65.38,5.7,0.16,6250.0,35.88,0.6338,0.9903
2026-05-17,Hebbal,Hebbal Flyover,54674,45.19,1.0502,3.96,3.98,0,Clear,No,27.86,65.38,5.7,0.16,6250.0,47.06,0.3956,1.0
2026-05-17,Indiranagar,100 Feet Road,52000,18.69,1.1985,13.6,13.33,0,Clear,No,27.86,65.38,5.7,0.16,6250.0,21.56,1.36,0.9997
2026-05-17,Indiranagar,CMH Road,36148,26.0,1.0818,6.56,6.52,0,Clear,No,27.86,65.38,5.7,0.16,6250.0,27.81,0.6562,1.0
2026-05-17,Jayanagar,Jayanagar 4th Block,50305,24.06,1.2669,17.79,17.91,0,Clear,No,27.86,65.38,5.7,0.16,6250.0,29.31,1.7788,0.9999
2026-05-17,Jayanagar,South End Circle,62405,26.19,1.1577,11.74,11.6,0,Clear,No,27.86,65.38,5.7,0.16,6250.0,29.62,1.1744,0.995
2026-05-17,Koramangala,Sarjapur Road,33069,36.75,1.0381,3.14,3.13,0,Clear,No,27.86,65.38,5.7,0.16,6250.0,37.94,0.3144,1.0
2026-05-17,Koramangala,Sony World Junction,41723,24.25,1.0815,6.72,6.73,0,Clear,No,27.86,65.38,5.7,0.16,6250.0,26.0,0.6725,1.0
2026-05-17,M.G. Road,Anil Kumble Circle,54211,21.31,1.0944,7.53,7.59,0,Clear,No,27.86,65.38,5.7,0.16,6250.0,23.06,0.7531,1.0
2026-05-17,M.G. Road,Trinity Circle,56036,31.56,1.0983,8.24,8.35,0,Clear,No,27.86,65.38,5.7,0.16,6250.0,34.44,0.8238,1.0
2026-05-17,Whitefield,ITPL Main Road,38496,29.38,1.0623,5.07,5.05,0,Clear,No,27.86,65.38,5.7,0.16,6250.0,30.94,0.5069,0.9997
2026-05-17,Whitefield,Marathahalli Bridge,49119,25.06,1.0515,3.61,3.61,0,Clear,No,27.86,65.38,5.7,0.16,6250.0,26.0,0.3606,1.0
2026-05-17,Yeshwanthpur,Tumkur Road,47936,18.69,1.0224,1.64,1.64,0,Clear,No,27.86,65.38,5.7,0.16,6250.0,19.0,0.1644,0.9991
2026-05-17,Yeshwanthpur,Yeshwanthpur Circle,58544,28.94,1.1208,9.42,9.39,0,Clear,No,27.86,65.38,5.7,0.16,6250.0,31.94,0.9425,0.9999
2026-05-18,Electronic City,Hosur Road,51845,30.42,1.0215,1.67,1.62,0,Clear,No,24.55,82.5,5.93,0.01,6666.67,30.92,0.1667,0.9992
2026-05-18,Electronic City,Silk Board Junction,44519,26.33,1.0257,1.98,1.86,0,Clear,No,24.55,82.5,5.93,0.01,6666.67,26.83,0.1975,1.0
2026-05-18,Hebbal,Ballari Road,57975,33.42,1.1007,7.0,6.96,0,Clear,No,24.55,82.5,5.93,0.01,6666.67,35.92,0.7,0.9905
2026-05-18,Hebbal,Hebbal Flyover,75625,41.5,1.2668,11.88,12.01,0,Clear,No,24.55,82.5,5.93,0.01,6666.67,47.17,1.1883,0.9998
2026-05-18,Indiranagar,100 Feet Road,39098,20.58,1.078,5.56,5.36,0,Clear,No,24.55,82.5,5.93,0.01,6666.67,21.75,0.5558,1.0
2026-05-18,Indiranagar,CMH Road,37271,25.83,1.1091,7.3,7.19,0,Clear,No,24.55,82.5,5.93,0.01,6666.67,27.83,0.73,1.0
2026-05-18,Jayanagar,Jayanagar 4th Block,41040,26.42,1.1501,9.27,9.43,0,Clear,No,24.55,82.5,5.93,0.01,6666.67,29.17,0.9267,0.9995
2026-05-18,Jayanagar,South End Circle,48701,28.33,1.0828,5.38,5.29,0,Clear,No,24.55,82.5,5.93,0.01,6666.67,29.92,0.5383,1.0
2026-05-18,Koramangala,Sarjapur Road,34560,36.5,1.0493,3.94,3.95,0,Clear,No,24.55,82.5,5.93,0.01,6666.67,38.0,0.3942,1.0
2026-05-18,Koramangala,Sony World Junction,48268,23.42,1.1324,10.18,10.22,0,Clear,No,24.55,82.5,5.93,0.01,6666.67,26.08,1.0183,1.0
2026-05-18,M.G. Road,Anil Kumble Circle,59563,20.67,1.1758,9.9,9.82,0,Clear,No,24.55,82.5,5.93,0.01,6666.67,22.92,0.99,1.0
2026-05-18,M.G. Road,Trinity Circle,57605,31.17,1.1321,8.92,9.0,0,Clear,No,24.55,82.5,5.93,0.01,6666.67,34.25,0.8917,1.0
2026-05-18,Whitefield,ITPL Main Road,49584,27.42,1.2039,11.44,11.32,0,Clear,No,24.55,82.5,5.93,0.01,6666.67,30.92,1.1442,0.9994
2026-05-18,Whitefield,Marathahalli Bridge,39600,26.0,1.0,0.0,0.0,0,Clear,No,24.55,82.5,5.93,0.01,6666.67,26.0,0.0,1.0
2026-05-18,Yeshwanthpur,Tumkur Road,54568,18.25,1.0529,3.95,3.95,0,Clear,No,24.55,82.5,5.93,0.01,6666.67,19.0,0.395,0.9959
2026-05-18,Yeshwanthpur,Yeshwanthpur Circle,57305,29.08,1.1267,8.89,8.88,0,Clear,No,24.55,82.5,5.93,0.01,6666.67,31.92,0.8892,0.9998
2026-05-19,Electronic City,Hosur Road,55887,30.0,1.0442,3.0,2.91,0,Clear,No,25.03,82.9,7.96,0.0,6366.2,30.9,0.3,1.0
2026-05-19,Electronic City,Silk Board Junction,51333,25.8,1.0595,4.44,4.44,0,Clear,No,25.03,82.9,7.96,0.0,6366.2,27.0,0.444,1.0
2026-05-19,Hebbal,Ballari Road,65338,32.4,1.1334,9.77,9.75,0,Clear,No,25.03,82.9,7.96,0.0,6366.2,35.9,0.977,0.9794
2026-05-19,Hebbal,Hebbal Flyover,69492,42.8,1.1544,9.12,9.13,0,Clear,No,25.03,82.9,7.96,0.0,6366.2,47.1,0.912,0.9999
2026-05-19,Indiranagar,100 Feet Road,41130,20.4,1.0856,6.55,6.42,0,Clear,No,25.03,82.9,7.96,0.0,6366.2,21.8,0.655,1.0
2026-05-19,Indiranagar,CMH Road,37800,25.9,1.1003,7.45,7.5,0,Clear,No,25.03,82.9,7.96,0.0,6366.2,28.0,0.745,1.0
2026-05-19,Jayanagar,Jayanagar 4th Block,45211,25.3,1.2269,12.95,13.06,0,Clear,No,25.03,82.9,7.96,0.0,6366.2,29.1,1.295,1.0
2026-05-19,Jayanagar,South End Circle,50545,27.9,1.0962,6.31,6.06,0,Clear,No,25.03,82.9,7.96,0.0,6366.2,29.7,0.631,0.9986
2026-05-19,Koramangala,Sarjapur Road,36479,36.1,1.0614,5.0,5.0,0,Clear,No,25.03,82.9,7.96,0.0,6366.2,38.0,0.5,1.0
2026-05-19,Koramangala,Sony World Junction,47926,23.5,1.1297,9.83,9.96,0,Clear,No,25.03,82.9,7.96,0.0,6366.2,26.1,0.983,1.0
2026-05-19,M.G. Road,Anil Kumble Circle,60131,20.5,1.1531,10.19,10.09,0,Clear,No,25.03,82.9,7.96,0.0,6366.2,22.8,1.019,1.0
2026-05-19,M.G. Road,Trinity Circle,58456,31.0,1.1351,9.25,9.36,0,Clear,No,25.03,82.9,7.96,0.0,6366.2,34.2,0.925,1.0
2026-05-19,Whitefield,ITPL Main Road,48000,27.9,1.1562,10.0,10.0,0,Clear,No,25.03,82.9,7.96,0.0,6366.2,31.0,1.0,0.9995
2026-05-19,Whitefield,Marathahalli Bridge,39600,26.0,1.0,0.0,0.0,0,Clear,No,25.03,82.9,7.96,0.0,6366.2,26.0,0.0,1.0
2026-05-19,Yeshwanthpur,Tumkur Road,50778,18.5,1.0358,2.63,2.63,0,Clear,No,25.03,82.9,7.96,0.0,6366.2,19.0,0.263,0.9992
2026-05-19,Yeshwanthpur,Yeshwanthpur Circle,57818,29.0,1.1233,9.12,9.09,0,Clear,No,25.03,82.9,7.96,0.0,6366.2,31.9,0.912,1.0
2026-05-20,Electronic City,Hosur Road,53533,30.22,1.0286,2.22,2.16,0,Clear,No,26.05,74.89,6.83,0.0,6888.89,30.89,0.2222,1.0
2026-05-20,Electronic City,Silk Board Junction,43945,26.56,1.0192,1.64,1.65,0,Clear,No,26.05,74.89,6.83,0.0,6888.89,27.0,0.1644,1.0
2026-05-20,Hebbal,Ballari Road,66922,32.0,1.1415,10.64,10.56,0,Clear,No,26.05,74.89,6.83,0.0,6888.89,35.78,1.0644,0.9852
2026-05-20,Hebbal,Hebbal Flyover,77349,41.0,1.1884,12.93,12.97,0,Clear,No,26.05,74.89,6.83,0.0,6888.89,47.11,1.2933,0.9999
2026-05-20,Indiranagar,100 Feet Road,53846,18.44,1.2117,14.98,14.87,0,Clear,No,26.05,74.89,6.83,0.0,6888.89,21.67,1.4978,0.9997
2026-05-20,Indiranagar,CMH Road,46620,23.78,1.2005,14.47,14.4,0,Clear,No,26.05,74.89,6.83,0.0,6888.89,27.78,1.4467,1.0
2026-05-20,Jayanagar,Jayanagar 4th Block,50264,24.0,1.3007,17.68,17.87,0,Clear,No,26.05,74.89,6.83,0.0,6888.89,29.22,1.7678,1.0
2026-05-20,Jayanagar,South End Circle,68207,24.89,1.2228,15.73,15.47,0,Clear,No,26.05,74.89,6.83,0.0,6888.89,29.44,1.5733,0.9956
2026-05-20,Koramangala,Sarjapur Road,41226,35.11,1.0882,7.61,7.6,0,Clear,No,26.05,74.89,6.83,0.0,6888.89,38.0,0.7611,1.0
2026-05-20,Koramangala,Sony World Junction,47591,23.56,1.1305,9.67,9.79,0,Clear,No,26.05,74.89,6.83,0.0,6888.89,26.11,0.9667,1.0
2026-05-20,M.G. Road,Anil Kumble Circle,52231,21.44,1.0897,6.77,6.76,0,Clear,No,26.05,74.89,6.83,0.0,6888.89,23.0,0.6767,1.0
2026-05-20,M.G. Road,Trinity Circle,66221,29.67,1.1922,13.97,14.15,0,Clear,No,26.05,74.89,6.83,0.0,6888.89,34.56,1.3967,1.0
2026-05-20,Whitefield,ITPL Main Road,54129,26.22,1.2291,15.21,15.11,0,Clear,No,26.05,74.89,6.83,0.0,6888.89,30.89,1.5211,0.9987
2026-05-20,Whitefield,Marathahalli Bridge,52063,24.67,1.0632,4.8,4.72,0,Clear,No,26.05,74.89,6.83,0.0,6888.89,25.89,0.48,0.9956
2026-05-20,Yeshwanthpur,Tumkur Road,48252,18.67,1.0208,1.76,1.75,0,Clear,No,26.05,74.89,6.83,0.0,6888.89,19.0,0.1756,0.9877
2026-05-20,Yeshwanthpur,Yeshwanthpur Circle,61666,28.44,1.1487,11.11,11.11,0,Clear,No,26.05,74.89,6.83,0.0,6888.89,32.0,1.1111,1.0
2026-05-21,Electronic City,Hosur Road,57870,29.9,1.0443,3.55,3.55,0,Clear,No,26.02,76.9,7.01,0.45,7300.0,31.0,0.355,0.9893
2026-05-21,Electronic City,Silk Board Junction,51333,25.8,1.0595,4.44,4.44,0,Clear,No,26.02,76.9,7.01,0.45,7300.0,27.0,0.444,1.0
2026-05-21,Hebbal,Ballari Road,59510,33.1,1.1046,7.64,7.54,0,Clear,No,26.02,76.9,7.01,0.45,7300.0,35.8,0.764,0.9842
2026-05-21,Hebbal,Hebbal Flyover,75019,41.6,1.1748,11.65,11.68,0,Clear,No,26.02,76.9,7.01,0.45,7300.0,47.1,1.165,0.9999
2026-05-21,Indiranagar,100 Feet Road,49271,19.3,1.1918,11.16,11.06,0,Clear,No,26.02,76.9,7.01,0.45,7300.0,21.7,1.116,0.9999
2026-05-21,Indiranagar,CMH Road,45801,24.1,1.2356,13.62,13.62,0,Clear,No,26.02,76.9,7.01,0.45,7300.0,27.9,1.362,1.0
2026-05-21,Jayanagar,Jayanagar 4th Block,51277,23.7,1.2848,18.75,18.84,0,Clear,No,26.02,76.9,7.01,0.45,7300.0,29.2,1.875,0.999
2026-05-21,Jayanagar,South End Circle,64696,25.8,1.2137,13.38,13.13,0,Clear,No,26.02,76.9,7.01,0.45,7300.0,29.7,1.338,0.9973
2026-05-21,Koramangala,Sarjapur Road,33599,36.7,1.0413,3.42,3.42,0,Clear,No,26.02,76.9,7.01,0.45,7300.0,38.0,0.342,1.0
2026-05-21,Koramangala,Sony World Junction,50712,22.9,1.1632,12.15,12.26,0,Clear,No,26.02,76.9,7.01,0.45,7300.0,26.1,1.215,1.0
2026-05-21,M.G. Road,Anil Kumble Circle,53662,21.4,1.1115,7.23,7.36,0,Clear,No,26.02,76.9,7.01,0.45,7300.0,23.1,0.723,1.0
2026-05-21,M.G. Road,Trinity Circle,63695,30.2,1.1697,12.28,12.46,0,Clear,No,26.02,76.9,7.01,0.45,7300.0,34.5,1.228,1.0
2026-05-21,Whitefield,ITPL Main Road,53806,26.4,1.2236,14.87,14.84,0,Clear,No,26.02,76.9,7.01,0.45,7300.0,31.0,1.487,0.9993
2026-05-21,Whitefield,Marathahalli Bridge,46735,25.2,1.0405,2.8,2.7,0,Clear,No,26.02,76.9,7.01,0.45,7300.0,25.9,0.28,1.0
2026-05-21,Yeshwanthpur,Tumkur Road,58278,18.1,1.0837,5.03,5.24,0,Clear,No,26.02,76.9,7.01,0.45,7300.0,19.1,0.503,0.9967
2026-05-21,Yeshwanthpur,Yeshwanthpur Circle,61037,28.4,1.1526,10.77,10.69,0,Clear,No,26.02,76.9,7.01,0.45,7300.0,31.8,1.077,1.0
2026-05-22,Electronic City,Hosur Road,65033,29.0,1.0905,6.0,5.84,0,Windy,No,25.26,78.7,8.06,0.06,8100.0,30.8,0.6,1.0
2026-05-22,Electronic City,Silk Board Junction,46444,26.3,1.0352,2.59,2.59,0,Windy,No,25.26,78.7,8.06,0.06,8100.0,27.0,0.259,1.0
2026-05-22,Hebbal,Ballari Road,70583,31.4,1.1784,12.71,12.78,0,Windy,No,25.26,78.7,8.06,0.06,8100.0,36.0,1.271,0.9756
2026-05-22,Hebbal,Hebbal Flyover,78788,40.7,1.2315,13.67,13.77,0,Windy,No,25.26,78.7,8.06,0.06,8100.0,47.2,1.367,0.9999
2026-05-22,Indiranagar,100 Feet Road,60109,17.5,1.3204,20.17,20.09,0,Windy,No,25.26,78.7,8.06,0.06,8100.0,21.9,2.017,0.9996
2026-05-22,Indiranagar,CMH Road,45699,24.3,1.1864,13.44,13.52,0,Windy,No,25.26,78.7,8.06,0.06,8100.0,28.1,1.344,1.0
2026-05-22,Jayanagar,Jayanagar 4th Block,53075,23.2,1.3481,20.4,20.55,0,Windy,No,25.26,78.7,8.06,0.06,8100.0,29.2,2.04,1.0
2026-05-22,Jayanagar,South End Circle,47199,28.6,1.0615,4.67,4.67,0,Windy,No,25.26,78.7,8.06,0.06,8100.0,30.0,0.467,0.999
2026-05-22,Koramangala,Sarjapur Road,40320,35.3,1.0855,7.12,7.11,0,Windy,No,25.26,78.7,8.06,0.06,8100.0,38.0,0.712,1.0
2026-05-22,Koramangala,Sony World Junction,50656,23.0,1.1602,12.08,12.21,0,Windy,No,25.26,78.7,8.06,0.06,8100.0,26.2,1.208,1.0
2026-05-22,M.G. Road,Anil Kumble Circle,62030,20.3,1.1647,11.32,11.35,0,Windy,No,25.26,78.7,8.06,0.06,8100.0,22.9,1.132,1.0
2026-05-22,M.G. Road,Trinity Circle,66304,29.6,1.1927,14.1,14.2,0,Windy,No,25.26,78.7,8.06,0.06,8100.0,34.5,1.41,1.0
2026-05-22,Whitefield,ITPL Main Road,51922,26.8,1.21,13.3,13.27,0,Windy,No,25.26,78.7,8.06,0.06,8100.0,30.9,1.33,0.9986
2026-05-22,Whitefield,Marathahalli Bridge,39600,26.0,1.0,0.0,0.0,0,Windy,No,25.26,78.7,8.06,0.06,8100.0,26.0,0.0,1.0
2026-05-22,Yeshwanthpur,Tumkur Road,70200,17.4,1.1181,9.18,9.38,0,Windy,No,25.26,78.7,8.06,0.06,8100.0,19.2,0.918,0.9962
2026-05-22,Yeshwanthpur,Yeshwanthpur Circle,63396,27.9,1.1674,12.31,12.26,0,Windy,No,25.26,78.7,8.06,0.06,8100.0,31.8,1.231,1.0
2026-05-23,Electronic City,Hosur Road,61931,29.43,1.0642,4.89,4.85,0,Clear,No,25.42,80.14,4.19,0.0,8214.29,30.93,0.4886,1.0
2026-05-23,Electronic City,Silk Board Junction,62647,24.64,1.1131,8.72,8.73,0,Clear,No,25.42,80.14,4.19,0.0,8214.29,27.0,0.8721,1.0
2026-05-23,Hebbal,Ballari Road,61118,33.0,1.1024,8.16,8.15,0,Clear,No,25.42,80.14,4.19,0.0,8214.29,35.93,0.8164,0.9786
2026-05-23,Hebbal,Hebbal Flyover,82320,39.79,1.2616,15.61,15.73,0,Clear,No,25.42,80.14,4.19,0.0,8214.29,47.21,1.5614,1.0
2026-05-23,Indiranagar,100 Feet Road,58426,17.71,1.3111,18.89,18.69,0,Clear,No,25.42,80.14,4.19,0.0,8214.29,21.79,1.8893,0.9998
2026-05-23,Indiranagar,CMH Road,43615,24.64,1.1529,11.6,11.54,0,Clear,No,25.42,80.14,4.19,0.0,8214.29,27.86,1.16,1.0
2026-05-23,Jayanagar,Jayanagar 4th Block,51011,23.79,1.2949,18.44,18.58,0,Clear,No,25.42,80.14,4.19,0.0,8214.29,29.21,1.8436,1.0
2026-05-23,Jayanagar,South End Circle,62349,26.21,1.156,11.71,11.57,0,Clear,No,25.42,80.14,4.19,0.0,8214.29,29.64,1.1714,0.9974
2026-05-23,Koramangala,Sarjapur Road,48957,33.14,1.1773,12.9,12.95,0,Clear,No,25.42,80.14,4.19,0.0,8214.29,38.07,1.29,1.0
2026-05-23,Koramangala,Sony World Junction,53002,22.5,1.1834,14.12,14.17,0,Clear,No,25.42,80.14,4.19,0.0,8214.29,26.21,1.4121,1.0
2026-05-23,M.G. Road,Anil Kumble Circle,74813,18.43,1.3156,19.79,19.88,0,Clear,No,25.42,80.14,4.19,0.0,8214.29,23.0,1.9786,1.0
2026-05-23,M.G. Road,Trinity Circle,67268,29.5,1.1932,14.69,14.85,0,Clear,No,25.42,80.14,4.19,0.0,8214.29,34.64,1.4686,1.0
2026-05-23,Whitefield,ITPL Main Road,54801,26.14,1.2206,15.67,15.67,0,Clear,No,25.42,80.14,4.19,0.0,8214.29,31.0,1.5671,0.9988
2026-05-23,Whitefield,Marathahalli Bridge,49781,24.93,1.0947,4.0,3.86,0,Clear,No,25.42,80.14,4.19,0.0,8214.29,25.93,0.4,1.0
2026-05-23,Yeshwanthpur,Tumkur Road,75056,16.71,1.1519,11.72,11.7,0,Clear,No,25.42,80.14,4.19,0.0,8214.29,18.93,1.1721,0.9907
2026-05-23,Yeshwanthpur,Yeshwanthpur Circle,69943,26.5,1.2317,16.65,16.63,0,Clear,No,25.42,80.14,4.19,0.0,8214.29,31.79,1.665,0.9998
2026-05-24,Electronic City,Hosur Road,46800,31.0,1.0,0.0,0.0,0,Clear,No,25.38,76.81,7.02,0.0,8375.0,31.0,0.0,1.0
2026-05-24,Electronic City,Silk Board Junction,40209,27.0,1.0022,0.22,0.23,0,Clear,No,25.38,76.81,7.02,0.0,8375.0,27.06,0.0225,1.0
2026-05-24,Hebbal,Ballari Road,57537,33.44,1.0898,6.85,6.79,0,Clear,No,25.38,76.81,7.02,0.0,8375.0,35.88,0.685,0.9814
2026-05-24,Hebbal,Hebbal Flyover,58116,44.62,1.0657,5.15,5.18,0,Clear,No,25.38,76.81,7.02,0.0,8375.0,47.06,0.515,0.9999
2026-05-24,Indiranagar,100 Feet Road,50524,19.06,1.1698,12.23,12.1,0,Clear,No,25.38,76.81,7.02,0.0,8375.0,21.69,1.2231,1.0
2026-05-24,Indiranagar,CMH Road,38821,25.5,1.1036,8.21,8.11,0,Clear,No,25.38,76.81,7.02,0.0,8375.0,27.75,0.8206,1.0
2026-05-24,Jayanagar,Jayanagar 4th Block,49300,24.19,1.2608,16.89,16.95,0,Clear,No,25.38,76.81,7.02,0.0,8375.0,29.12,1.6887,1.0
2026-05-24,Jayanagar,South End Circle,45075,28.62,1.052,3.93,3.78,0,Clear,No,25.38,76.81,7.02,0.0,8375.0,29.75,0.3931,0.999
2026-05-24,Koramangala,Sarjapur Road,32460,36.94,1.0319,2.8,2.8,0,Clear,No,25.38,76.81,7.02,0.0,8375.0,38.0,0.28,1.0
2026-05-24,Koramangala,Sony World Junction,44454,23.94,1.104,8.09,8.15,0,Clear,No,25.38,76.81,7.02,0.0,8375.0,26.06,0.8094,1.0
2026-05-24,M.G. Road,Anil Kumble Circle,56926,20.94,1.1111,8.66,8.72,0,Clear,No,25.38,76.81,7.02,0.0,8375.0,22.94,0.8656,1.0
2026-05-24,M.G. Road,Trinity Circle,52987,32.0,1.0832,6.96,7.08,0,Clear,No,25.38,76.81,7.02,0.0,8375.0,34.44,0.6956,1.0
2026-05-24,Whitefield,ITPL Main Road,39251,29.31,1.066,5.45,5.44,0,Clear,No,25.38,76.81,7.02,0.0,8375.0,31.0,0.545,0.9998
2026-05-24,Whitefield,Marathahalli Bridge,52353,24.62,1.0704,4.93,4.83,0,Clear,No,25.38,76.81,7.02,0.0,8375.0,25.88,0.4931,0.9981
2026-05-24,Yeshwanthpur,Tumkur Road,58357,18.0,1.08,5.26,5.26,0,Clear,No,25.38,76.81,7.02,0.0,8375.0,19.0,0.5262,0.9961
2026-05-24,Yeshwanthpur,Yeshwanthpur Circle,57135,29.12,1.1125,8.84,8.81,0,Clear,No,25.38,76.81,7.02,0.0,8375.0,31.94,0.8844,1.0
2026-05-25,Electronic City,Hosur Road,66014,29.09,1.0938,6.16,6.16,0,Windy,No,24.54,77.36,8.04,0.0,8909.09,31.0,0.6164,0.9998
2026-05-25,Electronic City,Silk Board Junction,54762,25.36,1.0765,5.75,5.74,0,Windy,No,24.54,77.36,8.04,0.0,8909.09,26.91,0.5755,1.0
2026-05-25,Hebbal,Ballari Road,65061,32.36,1.135,9.75,9.64,0,Windy,No,24.54,77.36,8.04,0.0,8909.09,35.82,0.9745,0.9782
2026-05-25,Hebbal,Hebbal Flyover,77583,41.0,1.2152,12.96,13.1,0,Windy,No,24.54,77.36,8.04,0.0,8909.09,47.18,1.2964,0.9999
2026-05-25,Indiranagar,100 Feet Road,48946,19.55,1.1653,10.93,10.79,0,Windy,No,24.54,77.36,8.04,0.0,8909.09,21.91,1.0927,1.0
2026-05-25,Indiranagar,CMH Road,38880,25.64,1.1073,8.18,8.14,0,Windy,No,24.54,77.36,8.04,0.0,8909.09,27.91,0.8182,1.0
2026-05-25,Jayanagar,Jayanagar 4th Block,45238,25.36,1.2086,12.93,13.08,0,Windy,No,24.54,77.36,8.04,0.0,8909.09,29.18,1.2927,1.0
2026-05-25,Jayanagar,South End Circle,56425,27.36,1.1329,8.6,8.51,0,Windy,No,24.54,77.36,8.04,0.0,8909.09,29.91,0.86,0.9978
2026-05-25,Koramangala,Sarjapur Road,35650,36.27,1.0545,4.55,4.55,0,Windy,No,24.54,77.36,8.04,0.0,8909.09,38.0,0.4545,1.0
2026-05-25,Koramangala,Sony World Junction,44855,23.91,1.1085,8.3,8.36,0,Windy,No,24.54,77.36,8.04,0.0,8909.09,26.09,0.83,1.0
2026-05-25,M.G. Road,Anil Kumble Circle,40743,22.55,1.0254,1.97,1.98,0,Windy,No,24.54,77.36,8.04,0.0,8909.09,23.0,0.1973,1.0
2026-05-25,M.G. Road,Trinity Circle,57587,31.27,1.1199,8.83,8.99,0,Windy,No,24.54,77.36,8.04,0.0,8909.09,34.36,0.8827,1.0
2026-05-25,Whitefield,ITPL Main Road,40658,29.0,1.0859,6.21,6.18,0,Windy,No,24.54,77.36,8.04,0.0,8909.09,30.91,0.6209,0.9996
2026-05-25,Whitefield,Marathahalli Bridge,54421,24.45,1.0856,5.71,5.61,0,Windy,No,24.54,77.36,8.04,0.0,8909.09,25.91,0.5709,0.9945
2026-05-25,Yeshwanthpur,Tumkur Road,57046,18.0,1.0697,4.84,4.81,0,Windy,No,24.54,77.36,8.04,0.0,8909.09,18.91,0.4836,0.998
2026-05-25,Yeshwanthpur,Yeshwanthpur Circle,58564,28.91,1.1262,9.41,9.4,0,Windy,No,24.54,77.36,8.04,0.0,8909.09,31.91,0.9409,1.0
2026-05-26,Electronic City,Hosur Road,46800,31.0,1.0,0.0,0.0,0,Clear,No,24.4,79.78,7.55,0.0,6888.89,31.0,0.0,1.0
2026-05-26,Electronic City,Silk Board Junction,43945,26.56,1.0192,1.64,1.65,0,Clear,No,24.4,79.78,7.55,0.0,6888.89,27.0,0.1644,1.0
2026-05-26,Hebbal,Ballari Road,55946,33.67,1.0915,6.28,6.19,0,Clear,No,24.4,79.78,7.55,0.0,6888.89,35.89,0.6278,0.9907
2026-05-26,Hebbal,Hebbal Flyover,62898,43.89,1.098,6.77,6.84,0,Clear,No,24.4,79.78,7.55,0.0,6888.89,47.11,0.6767,0.9999
2026-05-26,Indiranagar,100 Feet Road,42375,20.44,1.0939,7.07,7.07,0,Clear,No,24.4,79.78,7.55,0.0,6888.89,22.0,0.7067,1.0
2026-05-26,Indiranagar,CMH Road,38586,25.67,1.1071,8.01,7.97,0,Clear,No,24.4,79.78,7.55,0.0,6888.89,27.89,0.8011,1.0
2026-05-26,Jayanagar,Jayanagar 4th Block,42320,26.11,1.1509,10.21,10.31,0,Clear,No,24.4,79.78,7.55,0.0,6888.89,29.11,1.0211,1.0
2026-05-26,Jayanagar,South End Circle,46706,28.56,1.0577,4.52,4.46,0,Clear,No,24.4,79.78,7.55,0.0,6888.89,29.89,0.4522,0.9978
2026-05-26,Koramangala,Sarjapur Road,34826,36.44,1.0501,4.09,4.09,0,Clear,No,24.4,79.78,7.55,0.0,6888.89,38.0,0.4089,1.0
2026-05-26,Koramangala,Sony World Junction,37005,24.89,1.053,4.27,4.27,0,Clear,No,24.4,79.78,7.55,0.0,6888.89,26.0,0.4267,1.0
2026-05-26,M.G. Road,Anil Kumble Circle,62391,20.33,1.2149,11.4,11.59,0,Clear,No,24.4,79.78,7.55,0.0,6888.89,23.0,1.14,1.0
2026-05-26,M.G. Road,Trinity Circle,54640,31.67,1.0979,7.61,7.77,0,Clear,No,24.4,79.78,7.55,0.0,6888.89,34.33,0.7611,1.0
2026-05-26,Whitefield,ITPL Main Road,41969,28.67,1.0896,6.96,6.86,0,Clear,No,24.4,79.78,7.55,0.0,6888.89,30.78,0.6956,0.9994
2026-05-26,Whitefield,Marathahalli Bridge,62358,23.56,1.1608,8.89,8.62,0,Clear,No,24.4,79.78,7.55,0.0,6888.89,25.78,0.8889,1.0
2026-05-26,Yeshwanthpur,Tumkur Road,58269,18.11,1.077,5.2,5.23,0,Clear,No,24.4,79.78,7.55,0.0,6888.89,19.11,0.52,0.9981
2026-05-26,Yeshwanthpur,Yeshwanthpur Circle,55166,29.44,1.1073,7.99,7.99,0,Clear,No,24.4,79.78,7.55,0.0,6888.89,32.0,0.7989,1.0
2026-05-27,Electronic City,Hosur Road,52411,30.33,1.0228,1.86,1.8,0,Clear,No,24.56,78.78,6.55,0.0,6000.0,30.89,0.1856,1.0
2026-05-27,Electronic City,Silk Board Junction,39600,27.0,1.0,0.0,0.0,0,Clear,No,24.56,78.78,6.55,0.0,6000.0,27.0,0.0,1.0
2026-05-27,Hebbal,Ballari Road,60850,33.0,1.1092,8.09,8.05,0,Clear,No,24.56,78.78,6.55,0.0,6000.0,35.89,0.8089,0.9775
2026-05-27,Hebbal,Hebbal Flyover,76978,41.0,1.2598,12.77,12.77,0,Clear,No,24.56,78.78,6.55,0.0,6000.0,47.0,1.2767,0.9999
2026-05-27,Indiranagar,100 Feet Road,45368,20.0,1.1279,8.78,8.63,0,Clear,No,24.56,78.78,6.55,0.0,6000.0,21.89,0.8778,1.0
2026-05-27,Indiranagar,CMH Road,37199,26.0,1.0906,7.13,7.14,0,Clear,No,24.56,78.78,6.55,0.0,6000.0,28.0,0.7133,1.0
2026-05-27,Jayanagar,Jayanagar 4th Block,47469,24.78,1.2339,15.06,15.21,0,Clear,No,24.56,78.78,6.55,0.0,6000.0,29.22,1.5056,0.9992
2026-05-27,Jayanagar,South End Circle,59370,26.78,1.15,9.9,9.74,0,Clear,No,24.56,78.78,6.55,0.0,6000.0,29.67,0.99,0.9982
2026-05-27,Koramangala,Sarjapur Road,33760,36.67,1.0419,3.51,3.51,0,Clear,No,24.56,78.78,6.55,0.0,6000.0,38.0,0.3511,1.0
2026-05-27,Koramangala,Sony World Junction,50297,23.0,1.1599,11.81,11.91,0,Clear,No,24.56,78.78,6.55,0.0,6000.0,26.11,1.1811,1.0
2026-05-27,M.G. Road,Anil Kumble Circle,48878,21.56,1.0797,5.56,5.37,0,Clear,No,24.56,78.78,6.55,0.0,6000.0,22.78,0.5556,1.0
2026-05-27,M.G. Road,Trinity Circle,61019,30.67,1.1513,10.48,10.68,0,Clear,No,24.56,78.78,6.55,0.0,6000.0,34.33,1.0478,1.0
2026-05-27,Whitefield,ITPL Main Road,49333,27.56,1.1736,11.11,11.11,0,Clear,No,24.56,78.78,6.55,0.0,6000.0,31.0,1.1111,0.9992
2026-05-27,Whitefield,Marathahalli Bridge,55462,24.33,1.147,6.22,6.01,0,Clear,No,24.56,78.78,6.55,0.0,6000.0,25.89,0.6222,1.0
2026-05-27,Yeshwanthpur,Tumkur Road,63293,17.78,1.1004,6.79,6.98,0,Clear,No,24.56,78.78,6.55,0.0,6000.0,19.11,0.6789,0.998
2026-05-27,Yeshwanthpur,Yeshwanthpur Circle,56833,29.22,1.1204,8.69,8.68,0,Clear,No,24.56,78.78,6.55,0.0,6000.0,32.0,0.8689,1.0
2026-05-28,Electronic City,Hosur Road,46800,31.0,1.0,0.0,0.0,0,Clear,No,25.78,77.75,6.51,0.0,6500.0,31.0,0.0,1.0
2026-05-28,Electronic City,Silk Board Junction,56952,24.88,1.1214,6.94,6.57,0,Clear,No,25.78,77.75,6.51,0.0,6500.0,26.62,0.6938,1.0
2026-05-28,Hebbal,Ballari Road,70921,31.0,1.1864,13.12,12.98,0,Clear,No,25.78,77.75,6.51,0.0,6500.0,35.62,1.3125,0.9768
2026-05-28,Hebbal,Hebbal Flyover,61582,44.0,1.0862,6.39,6.38,0,Clear,No,25.78,77.75,6.51,0.0,6500.0,47.0,0.6387,0.9999
2026-05-28,Indiranagar,100 Feet Road,44159,20.12,1.1044,8.06,8.0,0,Clear,No,25.78,77.75,6.51,0.0,6500.0,21.88,0.8062,1.0
2026-05-28,Indiranagar,CMH Road,35082,26.0,1.0733,6.01,5.88,0,Clear,No,25.78,77.75,6.51,0.0,6500.0,27.62,0.6013,1.0
2026-05-28,Jayanagar,Jayanagar 4th Block,48551,24.5,1.2403,16.09,16.24,0,Clear,No,25.78,77.75,6.51,0.0,6500.0,29.25,1.6088,1.0
2026-05-28,Jayanagar,South End Circle,64620,25.75,1.1857,13.25,13.08,0,Clear,No,25.78,77.75,6.51,0.0,6500.0,29.62,1.325,0.9967
2026-05-28,Koramangala,Sarjapur Road,27360,38.0,1.0,0.0,0.0,0,Clear,No,25.78,77.75,6.51,0.0,6500.0,38.0,0.0,1.0
2026-05-28,Koramangala,Sony World Junction,36220,24.88,1.0609,4.0,3.86,0,Clear,No,25.78,77.75,6.51,0.0,6500.0,25.88,0.4,1.0
2026-05-28,M.G. Road,Anil Kumble Circle,59606,20.62,1.138,9.92,9.84,0,Clear,No,25.78,77.75,6.51,0.0,6500.0,22.88,0.9925,1.0
2026-05-28,M.G. Road,Trinity Circle,50836,32.25,1.0719,6.06,6.18,0,Clear,No,25.78,77.75,6.51,0.0,6500.0,34.38,0.6062,1.0
2026-05-28,Whitefield,ITPL Main Road,41961,28.88,1.0959,6.86,6.85,0,Clear,No,25.78,77.75,6.51,0.0,6500.0,31.0,0.6862,0.9998
2026-05-28,Whitefield,Marathahalli Bridge,39600,26.0,1.0,0.0,0.0,0,Clear,No,25.78,77.75,6.51,0.0,6500.0,26.0,0.0,1.0
2026-05-28,Yeshwanthpur,Tumkur Road,43200,19.0,1.0,0.0,0.0,0,Clear,No,25.78,77.75,6.51,0.0,6500.0,19.0,0.0,1.0
2026-05-28,Yeshwanthpur,Yeshwanthpur Circle,57732,28.88,1.1131,9.1,9.06,0,Clear,No,25.78,77.75,6.51,0.0,6500.0,31.75,0.91,0.9935
2026-05-29,Electronic City,Hosur Road,78282,27.56,1.1379,10.26,10.14,0,Clear,No,25.55,78.67,7.58,0.29,6888.89,30.67,1.0256,0.9966
2026-05-29,Electronic City,Silk Board Junction,43945,26.56,1.0192,1.64,1.65,0,Clear,No,25.55,78.67,7.58,0.29,6888.89,27.0,0.1644,1.0
2026-05-29,Hebbal,Ballari Road,69422,31.56,1.1695,12.11,12.07,0,Clear,No,25.55,78.67,7.58,0.29,6888.89,35.89,1.2111,0.9766
2026-05-29,Hebbal,Hebbal Flyover,76127,41.22,1.2214,12.3,12.29,0,Clear,No,25.55,78.67,7.58,0.29,6888.89,47.0,1.23,0.9999
2026-05-29,Indiranagar,100 Feet Road,48857,19.44,1.1531,10.91,10.71,0,Clear,No,25.55,78.67,7.58,0.29,6888.89,21.78,1.0911,1.0
2026-05-29,Indiranagar,CMH Road,44468,24.44,1.1753,12.4,12.35,0,Clear,No,25.55,78.67,7.58,0.29,6888.89,27.89,1.24,1.0
2026-05-29,Jayanagar,Jayanagar 4th Block,49795,24.22,1.2874,17.22,17.42,0,Clear,No,25.55,78.67,7.58,0.29,6888.89,29.33,1.7222,1.0
2026-05-29,Jayanagar,South End Circle,60555,26.89,1.1397,10.37,10.37,0,Clear,No,25.55,78.67,7.58,0.29,6888.89,30.0,1.0367,0.9959
2026-05-29,Koramangala,Sarjapur Road,38560,35.67,1.0727,6.16,6.14,0,Clear,No,25.55,78.67,7.58,0.29,6888.89,38.0,0.6156,1.0
2026-05-29,Koramangala,Sony World Junction,47834,23.22,1.1358,9.97,9.91,0,Clear,No,25.55,78.67,7.58,0.29,6888.89,25.78,0.9967,1.0
2026-05-29,M.G. Road,Anil Kumble Circle,61747,20.33,1.1788,11.22,11.17,0,Clear,No,25.55,78.67,7.58,0.29,6888.89,22.89,1.1222,1.0
2026-05-29,M.G. Road,Trinity Circle,59225,31.11,1.1246,9.51,9.68,0,Clear,No,25.55,78.67,7.58,0.29,6888.89,34.44,0.9511,1.0
2026-05-29,Whitefield,ITPL Main Road,47447,27.89,1.1482,9.72,9.71,0,Clear,No,25.55,78.67,7.58,0.29,6888.89,30.89,0.9722,0.9996
2026-05-29,Whitefield,Marathahalli Bridge,45265,25.33,1.0292,2.22,2.15,0,Clear,No,25.55,78.67,7.58,0.29,6888.89,25.89,0.2222,1.0
2026-05-29,Yeshwanthpur,Tumkur Road,43200,19.0,1.0,0.0,0.0,0,Clear,No,25.55,78.67,7.58,0.29,6888.89,19.0,0.0,1.0
2026-05-29,Yeshwanthpur,Yeshwanthpur Circle,61202,28.44,1.148,10.86,10.8,0,Clear,No,25.55,78.67,7.58,0.29,6888.89,31.89,1.0856,0.9994
2026-05-30,Electronic City,Hosur Road,73930,28.0,1.1159,8.81,8.7,0,Clear,No,24.71,77.5,7.47,0.04,6333.33,30.67,0.8808,0.9994
2026-05-30,Electronic City,Silk Board Junction,51898,25.58,1.0573,4.68,4.66,0,Clear,No,24.71,77.5,7.47,0.04,6333.33,26.83,0.4675,1.0
2026-05-30,Hebbal,Ballari Road,78145,29.75,1.2531,17.35,17.36,0,Clear,No,24.71,77.5,7.47,0.04,6333.33,36.0,1.735,0.9679
2026-05-30,Hebbal,Hebbal Flyover,94778,36.42,1.3944,22.62,22.65,0,Clear,No,24.71,77.5,7.47,0.04,6333.33,47.08,2.2625,0.9999
2026-05-30,Indiranagar,100 Feet Road,60367,17.33,1.3059,20.46,20.31,0,Clear,No,24.71,77.5,7.47,0.04,6333.33,21.75,2.0458,0.9997
2026-05-30,Indiranagar,CMH Road,49000,23.33,1.231,16.65,16.67,0,Clear,No,24.71,77.5,7.47,0.04,6333.33,28.0,1.665,1.0
2026-05-30,Jayanagar,Jayanagar 4th Block,61031,21.08,1.4628,27.98,28.12,0,Clear,No,24.71,77.5,7.47,0.04,6333.33,29.33,2.7983,0.9995
2026-05-30,Jayanagar,South End Circle,74320,23.67,1.2985,19.84,19.55,0,Clear,No,24.71,77.5,7.47,0.04,6333.33,29.42,1.9842,0.9964
2026-05-30,Koramangala,Sarjapur Road,48949,33.08,1.1681,12.94,12.94,0,Clear,No,24.71,77.5,7.47,0.04,6333.33,38.0,1.2942,1.0
2026-05-30,Koramangala,Sony World Junction,52815,22.5,1.1889,13.96,14.01,0,Clear,No,24.71,77.5,7.47,0.04,6333.33,26.17,1.3958,1.0
2026-05-30,M.G. Road,Anil Kumble Circle,58690,20.75,1.1274,9.51,9.45,0,Clear,No,24.71,77.5,7.47,0.04,6333.33,22.92,0.9508,1.0
2026-05-30,M.G. Road,Trinity Circle,69519,29.0,1.2179,16.19,16.35,0,Clear,No,24.71,77.5,7.47,0.04,6333.33,34.67,1.6192,1.0
2026-05-30,Whitefield,ITPL Main Road,55135,25.92,1.2289,16.03,15.95,0,Clear,No,24.71,77.5,7.47,0.04,6333.33,30.83,1.6033,0.9993
2026-05-30,Whitefield,Marathahalli Bridge,49786,24.92,1.0529,3.92,3.86,0,Clear,No,24.71,77.5,7.47,0.04,6333.33,25.92,0.3925,1.0
2026-05-30,Yeshwanthpur,Tumkur Road,68352,17.42,1.1233,8.58,8.73,0,Clear,No,24.71,77.5,7.47,0.04,6333.33,19.08,0.8583,0.9964
2026-05-30,Yeshwanthpur,Yeshwanthpur Circle,76723,25.17,1.3253,21.2,21.15,0,Clear,No,24.71,77.5,7.47,0.04,6333.33,31.92,2.12,0.9997
2026-05-31,Electronic City,Hosur Road,48956,30.79,1.0076,0.69,0.69,0,Clear,No,25.09,75.71,7.22,0.28,6571.43,31.0,0.0693,1.0
2026-05-31,Electronic City,Silk Board Junction,39600,27.0,1.0,0.0,0.0,0,Clear,No,25.09,75.71,7.22,0.28,6571.43,27.0,0.0,1.0
2026-05-31,Hebbal,Ballari Road,51647,34.36,1.0587,4.56,4.56,0,Clear,No,25.09,75.71,7.22,0.28,6571.43,36.0,0.4564,0.9838
2026-05-31,Hebbal,Hebbal Flyover,55893,44.93,1.056,4.39,4.41,0,Clear,No,25.09,75.71,7.22,0.28,6571.43,47.0,0.4386,1.0
2026-05-31,Indiranagar,100 Feet Road,48196,19.57,1.1423,10.32,10.16,0,Clear,No,25.09,75.71,7.22,0.28,6571.43,21.79,1.0321,1.0
2026-05-31,Indiranagar,CMH Road,38057,25.86,1.0999,7.65,7.65,0,Clear,No,25.09,75.71,7.22,0.28,6571.43,28.0,0.765,1.0
2026-05-31,Jayanagar,Jayanagar 4th Block,46572,25.14,1.2158,14.08,14.36,0,Clear,No,25.09,75.71,7.22,0.28,6571.43,29.36,1.4079,0.9999
2026-05-31,Jayanagar,South End Circle,63978,25.64,1.1827,12.96,12.65,0,Clear,No,25.09,75.71,7.22,0.28,6571.43,29.36,1.2964,0.9976
2026-05-31,Koramangala,Sarjapur Road,35260,36.29,1.0509,4.34,4.33,0,Clear,No,25.09,75.71,7.22,0.28,6571.43,37.93,0.4343,1.0
2026-05-31,Koramangala,Sony World Junction,43002,24.14,1.0866,7.36,7.4,0,Clear,No,25.09,75.71,7.22,0.28,6571.43,26.07,0.7364,1.0
2026-05-31,M.G. Road,Anil Kumble Circle,47962,21.79,1.068,5.06,4.98,0,Clear,No,25.09,75.71,7.22,0.28,6571.43,22.93,0.5057,1.0
2026-05-31,M.G. Road,Trinity Circle,55917,31.57,1.1005,8.16,8.3,0,Clear,No,25.09,75.71,7.22,0.28,6571.43,34.43,0.8164,1.0
2026-05-31,Whitefield,ITPL Main Road,43022,28.57,1.0977,7.5,7.41,0,Clear,No,25.09,75.71,7.22,0.28,6571.43,30.86,0.75,0.9995
2026-05-31,Whitefield,Marathahalli Bridge,43236,25.57,1.0188,1.43,1.38,0,Clear,No,25.09,75.71,7.22,0.28,6571.43,25.93,0.1429,1.0
2026-05-31,Yeshwanthpur,Tumkur Road,48613,18.64,1.0256,1.88,1.88,0,Clear,No,25.09,75.71,7.22,0.28,6571.43,19.0,0.1879,0.9984
2026-05-31,Yeshwanthpur,Yeshwanthpur Circle,56892,29.21,1.1156,8.71,8.71,0,Clear,No,25.09,75.71,7.22,0.28,6571.43,32.0,0.8707,1.0
2026-06-01,Electronic City,Hosur Road,59280,29.33,1.0547,4.21,4.0,0,Clear,No,23.55,79.78,7.33,0.0,5555.56,30.56,0.4211,0.9985
2026-06-01,Electronic City,Silk Board Junction,42872,26.56,1.0149,1.28,1.24,0,Clear,No,23.55,79.78,7.33,0.0,5555.56,26.89,0.1278,1.0
2026-06-01,Hebbal,Ballari Road,49377,34.67,1.0558,3.7,3.7,0,Clear,No,23.55,79.78,7.33,0.0,5555.56,36.0,0.37,0.9998
2026-06-01,Hebbal,Hebbal Flyover,64356,43.44,1.1119,7.4,7.35,0,Clear,No,23.55,79.78,7.33,0.0,5555.56,46.89,0.74,0.9999
2026-06-01,Indiranagar,100 Feet Road,47317,19.78,1.1271,9.71,9.64,0,Clear,No,23.55,79.78,7.33,0.0,5555.56,21.89,0.9711,1.0
2026-06-01,Indiranagar,CMH Road,34533,26.44,1.0746,5.56,5.56,0,Clear,No,23.55,79.78,7.33,0.0,5555.56,28.0,0.5556,1.0
2026-06-01,Jayanagar,Jayanagar 4th Block,38717,26.67,1.1136,8.03,8.05,0,Clear,No,23.55,79.78,7.33,0.0,5555.56,29.0,0.8033,0.9992
2026-06-01,Jayanagar,South End Circle,51111,28.11,1.0926,6.3,6.3,0,Clear,No,23.55,79.78,7.33,0.0,5555.56,30.0,0.63,0.9978
2026-06-01,Koramangala,Sarjapur Road,32693,36.89,1.0346,2.92,2.92,0,Clear,No,23.55,79.78,7.33,0.0,5555.56,38.0,0.2922,1.0
2026-06-01,Koramangala,Sony World Junction,41107,24.33,1.0904,6.41,6.41,0,Clear,No,23.55,79.78,7.33,0.0,5555.56,26.0,0.6411,1.0
2026-06-01,M.G. Road,Anil Kumble Circle,54550,21.22,1.1188,7.73,7.73,0,Clear,No,23.55,79.78,7.33,0.0,5555.56,23.0,0.7733,1.0
2026-06-01,M.G. Road,Trinity Circle,52363,31.89,1.0963,6.67,6.82,0,Clear,No,23.55,79.78,7.33,0.0,5555.56,34.22,0.6667,1.0
2026-06-01,Whitefield,ITPL Main Road,43251,28.67,1.1307,7.53,7.53,0,Clear,No,23.55,79.78,7.33,0.0,5555.56,31.0,0.7533,0.9996
2026-06-01,Whitefield,Marathahalli Bridge,55462,24.33,1.0887,6.07,6.01,0,Clear,No,23.55,79.78,7.33,0.0,5555.56,25.89,0.6067,0.9989
2026-06-01,Yeshwanthpur,Tumkur Road,54989,18.22,1.0488,4.1,4.09,0,Clear,No,23.55,79.78,7.33,0.0,5555.56,19.0,0.41,0.9896
2026-06-01,Yeshwanthpur,Yeshwanthpur Circle,49333,30.22,1.0741,5.56,5.56,0,Clear,No,23.55,79.78,7.33,0.0,5555.56,32.0,0.5556,1.0
2026-06-02,Electronic City,Hosur Road,55232,30.0,1.0341,2.78,2.7,0,Clear,No,25.73,74.67,4.53,0.54,6666.67,30.83,0.2783,0.9998
2026-06-02,Electronic City,Silk Board Junction,47798,26.0,1.0355,3.15,3.11,0,Clear,No,25.73,74.67,4.53,0.54,6666.67,26.83,0.315,1.0
2026-06-02,Hebbal,Ballari Road,67151,32.0,1.1386,10.75,10.7,0,Clear,No,25.73,74.67,4.53,0.54,6666.67,35.83,1.075,0.9902
2026-06-02,Hebbal,Hebbal Flyover,83361,39.33,1.2774,16.32,16.31,0,Clear,No,25.73,74.67,4.53,0.54,6666.67,47.0,1.6317,0.9998
2026-06-02,Indiranagar,100 Feet Road,50883,18.83,1.1744,12.7,12.4,0,Clear,No,25.73,74.67,4.53,0.54,6666.67,21.5,1.27,0.9996
2026-06-02,Indiranagar,CMH Road,47750,23.67,1.2259,15.48,15.48,0,Clear,No,25.73,74.67,4.53,0.54,6666.67,28.0,1.5483,1.0
2026-06-02,Jayanagar,Jayanagar 4th Block,50700,23.83,1.2879,18.13,18.29,0,Clear,No,25.73,74.67,4.53,0.54,6666.67,29.17,1.8133,1.0
2026-06-02,Jayanagar,South End Circle,45333,28.83,1.051,3.88,3.89,0,Clear,No,25.73,74.67,4.53,0.54,6666.67,30.0,0.3883,0.9983
2026-06-02,Koramangala,Sarjapur Road,43360,34.67,1.1072,8.78,8.77,0,Clear,No,25.73,74.67,4.53,0.54,6666.67,38.0,0.8783,1.0
2026-06-02,Koramangala,Sony World Junction,49846,23.0,1.1513,11.53,11.54,0,Clear,No,25.73,74.67,4.53,0.54,6666.67,26.0,1.1533,1.0
2026-06-02,M.G. Road,Anil Kumble Circle,55130,21.17,1.108,7.97,7.97,0,Clear,No,25.73,74.67,4.53,0.54,6666.67,23.0,0.7967,1.0
2026-06-02,M.G. Road,Trinity Circle,77451,27.17,1.3539,21.5,21.63,0,Clear,No,25.73,74.67,4.53,0.54,6666.67,34.67,2.15,1.0
2026-06-02,Whitefield,ITPL Main Road,61945,24.17,1.3962,21.68,21.62,0,Clear,No,25.73,74.67,4.53,0.54,6666.67,30.83,2.1683,0.9995
2026-06-02,Whitefield,Marathahalli Bridge,39600,26.0,1.0,0.0,0.0,0,Clear,No,25.73,74.67,4.53,0.54,6666.67,26.0,0.0,1.0
2026-06-02,Yeshwanthpur,Tumkur Road,43200,19.0,1.0,0.0,0.0,0,Clear,No,25.73,74.67,4.53,0.54,6666.67,19.0,0.0,1.0
2026-06-02,Yeshwanthpur,Yeshwanthpur Circle,63947,27.67,1.1743,12.77,12.63,0,Clear,No,25.73,74.67,4.53,0.54,6666.67,31.67,1.2767,1.0
2026-06-03,Electronic City,Hosur Road,46800,31.0,1.0,0.0,0.0,0,Clear,No,24.06,82.71,6.51,0.0,10000.0,31.0,0.0,1.0
2026-06-03,Electronic City,Silk Board Junction,46584,26.29,1.0327,2.64,2.65,0,Clear,No,24.06,82.71,6.51,0.0,10000.0,27.0,0.2643,1.0
2026-06-03,Hebbal,Ballari Road,60469,33.29,1.1084,7.84,7.91,0,Clear,No,24.06,82.71,6.51,0.0,10000.0,36.14,0.7843,0.9947
2026-06-03,Hebbal,Hebbal Flyover,60760,44.0,1.0789,6.14,6.1,0,Clear,No,24.06,82.71,6.51,0.0,10000.0,46.86,0.6143,0.9999
2026-06-03,Indiranagar,100 Feet Road,45113,20.0,1.1101,8.59,8.5,0,Clear,No,24.06,82.71,6.51,0.0,10000.0,21.86,0.8586,1.0
2026-06-03,Indiranagar,CMH Road,39846,25.43,1.1291,8.81,8.72,0,Clear,No,24.06,82.71,6.51,0.0,10000.0,27.86,0.8814,1.0
2026-06-03,Jayanagar,Jayanagar 4th Block,46574,24.71,1.2342,14.5,14.36,0,Clear,No,24.06,82.71,6.51,0.0,10000.0,28.86,1.45,1.0
2026-06-03,Jayanagar,South End Circle,59414,26.43,1.1742,10.37,9.76,0,Clear,No,24.06,82.71,6.51,0.0,10000.0,29.29,1.0371,0.9989
2026-06-03,Koramangala,Sarjapur Road,35588,36.29,1.0538,4.51,4.51,0,Clear,No,24.06,82.71,6.51,0.0,10000.0,38.0,0.4514,1.0
2026-06-03,Koramangala,Sony World Junction,47789,23.43,1.1314,9.89,9.89,0,Clear,No,24.06,82.71,6.51,0.0,10000.0,26.0,0.9886,1.0
2026-06-03,M.G. Road,Anil Kumble Circle,55622,20.86,1.1357,8.44,8.18,0,Clear,No,24.06,82.71,6.51,0.0,10000.0,22.71,0.8443,1.0
2026-06-03,M.G. Road,Trinity Circle,66074,29.71,1.2071,13.89,14.05,0,Clear,No,24.06,82.71,6.51,0.0,10000.0,34.57,1.3886,1.0
2026-06-03,Whitefield,ITPL Main Road,48165,27.86,1.147,10.14,10.14,0,Clear,No,24.06,82.71,6.51,0.0,10000.0,31.0,1.0143,0.9996
2026-06-03,Whitefield,Marathahalli Bridge,39600,26.0,1.0,0.0,0.0,0,Clear,No,24.06,82.71,6.51,0.0,10000.0,26.0,0.0,1.0
2026-06-03,Yeshwanthpur,Tumkur Road,54027,18.29,1.0512,3.76,3.76,0,Clear,No,24.06,82.71,6.51,0.0,10000.0,19.0,0.3757,0.9982
2026-06-03,Yeshwanthpur,Yeshwanthpur Circle,54214,29.57,1.105,7.59,7.59,0,Clear,No,24.06,82.71,6.51,0.0,10000.0,32.0,0.7586,1.0
2026-06-04,Electronic City,Hosur Road,68360,28.62,1.0874,7.0,6.91,0,Windy,No,24.38,77.62,8.49,0.0,10000.0,30.75,0.7,0.9988
2026-06-04,Electronic City,Silk Board Junction,59246,24.88,1.0908,7.49,7.44,0,Windy,No,24.38,77.62,8.49,0.0,10000.0,26.88,0.7488,1.0
2026-06-04,Hebbal,Ballari Road,57773,32.12,1.0964,7.25,6.88,0,Windy,No,24.38,77.62,8.49,0.0,10000.0,34.5,0.725,0.9354
2026-06-04,Hebbal,Hebbal Flyover,88468,38.0,1.3186,19.15,19.15,0,Windy,No,24.38,77.62,8.49,0.0,10000.0,47.0,1.915,0.9999
2026-06-04,Indiranagar,100 Feet Road,52647,18.62,1.2152,14.04,13.87,0,Windy,No,24.38,77.62,8.49,0.0,10000.0,21.62,1.4038,1.0
2026-06-04,Indiranagar,CMH Road,44270,24.38,1.167,12.21,12.16,0,Windy,No,24.38,77.62,8.49,0.0,10000.0,27.75,1.2212,1.0
2026-06-04,Jayanagar,Jayanagar 4th Block,50961,23.62,1.3028,18.54,18.53,0,Windy,No,24.38,77.62,8.49,0.0,10000.0,29.0,1.8538,0.9996
2026-06-04,Jayanagar,South End Circle,54227,27.38,1.1222,7.86,7.59,0,Windy,No,24.38,77.62,8.49,0.0,10000.0,29.62,0.7862,0.9993
2026-06-04,Koramangala,Sarjapur Road,44159,34.5,1.1131,9.21,9.21,0,Windy,No,24.38,77.62,8.49,0.0,10000.0,38.0,0.9212,1.0
2026-06-04,Koramangala,Sony World Junction,47173,23.62,1.1187,9.48,9.57,0,Windy,No,24.38,77.62,8.49,0.0,10000.0,26.12,0.9475,1.0
2026-06-04,M.G. Road,Anil Kumble Circle,65380,19.88,1.224,13.55,13.59,0,Windy,No,24.38,77.62,8.49,0.0,10000.0,23.0,1.355,1.0
2026-06-04,M.G. Road,Trinity Circle,64565,30.0,1.1724,12.85,13.04,0,Windy,No,24.38,77.62,8.49,0.0,10000.0,34.5,1.285,1.0
2026-06-04,Whitefield,ITPL Main Road,54870,26.12,1.2447,15.74,15.73,0,Windy,No,24.38,77.62,8.49,0.0,10000.0,31.0,1.5738,0.9984
2026-06-04,Whitefield,Marathahalli Bridge,56179,24.25,1.0915,6.4,6.28,0,Windy,No,24.38,77.62,8.49,0.0,10000.0,25.88,0.64,1.0
2026-06-04,Yeshwanthpur,Tumkur Road,48884,18.62,1.0234,1.98,1.97,0,Windy,No,24.38,77.62,8.49,0.0,10000.0,19.0,0.1975,0.9996
2026-06-04,Yeshwanthpur,Yeshwanthpur Circle,67352,27.12,1.2179,14.96,14.9,0,Windy,No,24.38,77.62,8.49,0.0,10000.0,31.88,1.4962,1.0
2026-06-05,Electronic City,Hosur Road,68123,28.78,1.1028,6.92,6.83,0,Windy,No,24.11,78.44,10.08,0.0,10000.0,30.89,0.6922,0.9991
2026-06-05,Electronic City,Silk Board Junction,46145,26.22,1.0289,2.51,2.48,0,Windy,No,24.11,78.44,10.08,0.0,10000.0,26.89,0.2511,1.0
2026-06-05,Hebbal,Ballari Road,49593,33.89,1.0513,3.86,3.79,0,Windy,No,24.11,78.44,10.08,0.0,10000.0,35.22,0.3856,0.9814
2026-06-05,Hebbal,Hebbal Flyover,78680,40.56,1.2322,13.71,13.71,0,Windy,No,24.11,78.44,10.08,0.0,10000.0,47.0,1.3711,1.0
2026-06-05,Indiranagar,100 Feet Road,55076,18.22,1.2327,16.01,15.9,0,Windy,No,24.11,78.44,10.08,0.0,10000.0,21.67,1.6011,0.9997
2026-06-05,Indiranagar,CMH Road,48515,23.56,1.2334,16.13,16.21,0,Windy,No,24.11,78.44,10.08,0.0,10000.0,28.11,1.6133,1.0
2026-06-05,Jayanagar,Jayanagar 4th Block,50335,23.89,1.3035,17.82,17.94,0,Windy,No,24.11,78.44,10.08,0.0,10000.0,29.11,1.7822,1.0
2026-06-05,Jayanagar,South End Circle,43164,28.89,1.0471,3.18,2.99,0,Windy,No,24.11,78.44,10.08,0.0,10000.0,29.78,0.3178,0.9993
2026-06-05,Koramangala,Sarjapur Road,37493,35.89,1.068,5.57,5.56,0,Windy,No,24.11,78.44,10.08,0.0,10000.0,38.0,0.5567,1.0
2026-06-05,Koramangala,Sony World Junction,52708,22.67,1.1866,13.72,13.92,0,Windy,No,24.11,78.44,10.08,0.0,10000.0,26.33,1.3722,1.0
2026-06-05,M.G. Road,Anil Kumble Circle,59076,20.89,1.1898,9.38,9.62,0,Windy,No,24.11,78.44,10.08,0.0,10000.0,23.11,0.9378,1.0
2026-06-05,M.G. Road,Trinity Circle,65739,29.78,1.1864,13.64,13.83,0,Windy,No,24.11,78.44,10.08,0.0,10000.0,34.56,1.3644,1.0
2026-06-05,Whitefield,ITPL Main Road,50623,27.22,1.1793,12.18,12.19,0,Windy,No,24.11,78.44,10.08,0.0,10000.0,31.0,1.2178,0.9996
2026-06-05,Whitefield,Marathahalli Bridge,52063,24.67,1.0632,4.8,4.72,0,Windy,No,24.11,78.44,10.08,0.0,10000.0,25.89,0.48,1.0
2026-06-05,Yeshwanthpur,Tumkur Road,56673,18.11,1.0638,4.69,4.68,0,Windy,No,24.11,78.44,10.08,0.0,10000.0,19.0,0.4689,0.9982
2026-06-05,Yeshwanthpur,Yeshwanthpur Circle,62770,28.11,1.164,11.88,11.85,0,Windy,No,24.11,78.44,10.08,0.0,10000.0,31.89,1.1878,1.0
2026-06-06,Electronic City,Hosur Road,80112,27.15,1.1562,11.32,11.08,0,Windy,No,23.82,79.62,11.93,0.0,10000.0,30.54,1.1315,0.9994
2026-06-06,Electronic City,Silk Board Junction,50129,25.92,1.0494,3.98,3.99,0,Windy,No,23.82,79.62,11.93,0.0,10000.0,27.0,0.3985,1.0
2026-06-06,Hebbal,Ballari Road,69992,31.46,1.1668,12.47,12.42,0,Windy,No,23.82,79.62,11.93,0.0,10000.0,35.92,1.2469,0.9636
2026-06-06,Hebbal,Hebbal Flyover,91463,37.46,1.3325,20.69,20.81,0,Windy,No,23.82,79.62,11.93,0.0,10000.0,47.31,2.0692,0.9999
2026-06-06,Indiranagar,100 Feet Road,61376,16.92,1.3518,21.48,21.15,0,Windy,No,23.82,79.62,11.93,0.0,10000.0,21.46,2.1477,1.0
2026-06-06,Indiranagar,CMH Road,45962,24.08,1.1828,13.77,13.77,0,Windy,No,23.82,79.62,11.93,0.0,10000.0,27.92,1.3769,1.0
2026-06-06,Jayanagar,Jayanagar 4th Block,54494,22.77,1.3683,21.78,21.9,0,Windy,No,23.82,79.62,11.93,0.0,10000.0,29.15,2.1785,1.0
2026-06-06,Jayanagar,South End Circle,62810,25.69,1.2019,12.51,11.87,0,Windy,No,23.82,79.62,11.93,0.0,10000.0,29.15,1.2508,0.9979
2026-06-06,Koramangala,Sarjapur Road,47123,33.69,1.1429,11.35,11.34,0,Windy,No,23.82,79.62,11.93,0.0,10000.0,38.0,1.1346,0.9993
2026-06-06,Koramangala,Sony World Junction,53647,22.31,1.1917,14.65,14.71,0,Windy,No,23.82,79.62,11.93,0.0,10000.0,26.15,1.4646,1.0
2026-06-06,M.G. Road,Anil Kumble Circle,60500,20.69,1.1623,10.14,10.33,0,Windy,No,23.82,79.62,11.93,0.0,10000.0,23.08,1.0138,1.0
2026-06-06,M.G. Road,Trinity Circle,66951,29.62,1.189,14.51,14.63,0,Windy,No,23.82,79.62,11.93,0.0,10000.0,34.69,1.4508,1.0
2026-06-06,Whitefield,ITPL Main Road,52159,26.69,1.1811,13.47,13.47,0,Windy,No,23.82,79.62,11.93,0.0,10000.0,30.85,1.3469,0.9991
2026-06-06,Whitefield,Marathahalli Bridge,49753,25.0,1.0778,3.85,3.85,0,Windy,No,23.82,79.62,11.93,0.0,10000.0,26.0,0.3846,1.0
2026-06-06,Yeshwanthpur,Tumkur Road,63021,17.69,1.0885,6.96,6.88,0,Windy,No,23.82,79.62,11.93,0.0,10000.0,19.0,0.6962,0.9973
2026-06-06,Yeshwanthpur,Yeshwanthpur Circle,69820,26.77,1.2328,16.5,16.55,0,Windy,No,23.82,79.62,11.93,0.0,10000.0,32.08,1.65,1.0
2026-06-07,Electronic City,Hosur Road,54561,30.15,1.0397,2.56,2.49,0,Windy,No,23.85,79.69,11.04,0.0,10000.0,30.92,0.2562,0.9964
2026-06-07,Electronic City,Silk Board Junction,41856,26.77,1.0097,0.85,0.85,0,Windy,No,23.85,79.69,11.04,0.0,10000.0,27.0,0.0854,1.0
2026-06-07,Hebbal,Ballari Road,63343,32.69,1.1225,9.04,8.99,0,Windy,No,23.85,79.69,11.04,0.0,10000.0,35.92,0.9038,0.9777
2026-06-07,Hebbal,Hebbal Flyover,53569,45.31,1.0495,3.6,3.6,0,Windy,No,23.85,79.69,11.04,0.0,10000.0,47.0,0.36,1.0
2026-06-07,Indiranagar,100 Feet Road,52714,18.54,1.2078,14.16,13.93,0,Windy,No,23.85,79.69,11.04,0.0,10000.0,21.54,1.4162,1.0
2026-06-07,Indiranagar,CMH Road,39161,25.46,1.1041,8.37,8.31,0,Windy,No,23.85,79.69,11.04,0.0,10000.0,27.77,0.8369,1.0
2026-06-07,Jayanagar,Jayanagar 4th Block,49277,24.15,1.2743,16.86,16.93,0,Windy,No,23.85,79.69,11.04,0.0,10000.0,29.08,1.6862,1.0
2026-06-07,Jayanagar,South End Circle,57818,26.92,1.1444,9.39,9.09,0,Windy,No,23.85,79.69,11.04,0.0,10000.0,29.62,0.9392,0.9957
2026-06-07,Koramangala,Sarjapur Road,36960,36.0,1.0606,5.26,5.26,0,Windy,No,23.85,79.69,11.04,0.0,10000.0,38.0,0.5262,1.0
2026-06-07,Koramangala,Sony World Junction,47999,23.54,1.1214,9.97,10.0,0,Windy,No,23.85,79.69,11.04,0.0,10000.0,26.15,0.9969,1.0
2026-06-07,M.G. Road,Anil Kumble Circle,50496,21.54,1.0772,6.03,6.04,0,Windy,No,23.85,79.69,11.04,0.0,10000.0,22.92,0.6031,1.0
2026-06-07,M.G. Road,Trinity Circle,55865,31.54,1.0987,8.18,8.28,0,Windy,No,23.85,79.69,11.04,0.0,10000.0,34.38,0.8177,1.0
2026-06-07,Whitefield,ITPL Main Road,44600,28.31,1.1075,8.32,8.23,0,Windy,No,23.85,79.69,11.04,0.0,10000.0,30.85,0.8315,0.9996
2026-06-07,Whitefield,Marathahalli Bridge,53659,24.62,1.0828,5.32,5.33,0,Windy,No,23.85,79.69,11.04,0.0,10000.0,26.0,0.5323,1.0
2026-06-07,Yeshwanthpur,Tumkur Road,51361,18.46,1.0338,2.84,2.83,0,Windy,No,23.85,79.69,11.04,0.0,10000.0,19.0,0.2838,0.9948
2026-06-07,Yeshwanthpur,Yeshwanthpur Circle,53910,28.62,1.0933,7.36,7.46,0,Windy,No,23.85,79.69,11.04,0.0,10000.0,30.92,0.7362,0.9813
2026-06-08,Electronic City,Hosur Road,56937,29.78,1.0532,3.44,3.25,0,Windy,No,23.47,81.11,12.17,0.0,10000.0,30.78,0.3444,1.0
2026-06-08,Electronic City,Silk Board Junction,54809,25.44,1.0789,5.76,5.76,0,Windy,No,23.47,81.11,12.17,0.0,10000.0,27.0,0.5756,1.0
2026-06-08,Hebbal,Ballari Road,66868,32.11,1.1399,10.57,10.53,0,Windy,No,23.47,81.11,12.17,0.0,10000.0,35.89,1.0567,0.9709
2026-06-08,Hebbal,Hebbal Flyover,74047,41.67,1.1855,11.11,11.14,0,Windy,No,23.47,81.11,12.17,0.0,10000.0,46.89,1.1111,0.9999
2026-06-08,Indiranagar,100 Feet Road,50010,19.33,1.1866,11.86,11.68,0,Windy,No,23.47,81.11,12.17,0.0,10000.0,21.89,1.1856,1.0
2026-06-08,Indiranagar,CMH Road,42750,25.0,1.1728,10.71,10.71,0,Windy,No,23.47,81.11,12.17,0.0,10000.0,28.0,1.0711,1.0
2026-06-08,Jayanagar,Jayanagar 4th Block,46271,25.11,1.2348,13.83,14.07,0,Windy,No,23.47,81.11,12.17,0.0,10000.0,29.22,1.3833,1.0
2026-06-08,Jayanagar,South End Circle,58388,27.0,1.1373,9.47,9.33,0,Windy,No,23.47,81.11,12.17,0.0,10000.0,29.78,0.9467,0.9974
2026-06-08,Koramangala,Sarjapur Road,39093,35.56,1.0797,6.43,6.43,0,Windy,No,23.47,81.11,12.17,0.0,10000.0,38.0,0.6433,1.0
2026-06-08,Koramangala,Sony World Junction,47671,23.44,1.1427,9.82,9.83,0,Windy,No,23.47,81.11,12.17,0.0,10000.0,26.0,0.9822,1.0
2026-06-08,M.G. Road,Anil Kumble Circle,63203,20.11,1.1988,12.28,12.14,0,Windy,No,23.47,81.11,12.17,0.0,10000.0,22.89,1.2278,1.0
2026-06-08,M.G. Road,Trinity Circle,61504,30.56,1.1567,10.79,11.0,0,Windy,No,23.47,81.11,12.17,0.0,10000.0,34.33,1.0789,1.0
2026-06-08,Whitefield,ITPL Main Road,43251,28.67,1.1155,7.52,7.53,0,Windy,No,23.47,81.11,12.17,0.0,10000.0,31.0,0.7522,0.9996
2026-06-08,Whitefield,Marathahalli Bridge,39600,26.0,1.0,0.0,0.0,0,Windy,No,23.47,81.11,12.17,0.0,10000.0,26.0,0.0,1.0
2026-06-08,Yeshwanthpur,Tumkur Road,46548,18.89,1.0118,1.14,1.16,0,Windy,No,23.47,81.11,12.17,0.0,10000.0,19.11,0.1144,0.9581
2026-06-08,Yeshwanthpur,Yeshwanthpur Circle,57666,29.11,1.1251,9.02,9.03,0,Windy,No,23.47,81.11,12.17,0.0,10000.0,32.0,0.9022,1.0
2026-06-09,Electronic City,Hosur Road,71490,28.44,1.1068,7.97,7.91,0,Windy,No,24.11,77.22,14.85,0.0,10000.0,30.89,0.7967,0.9995
2026-06-09,Electronic City,Silk Board Junction,45032,26.44,1.0254,2.06,2.06,0,Windy,No,24.11,77.22,14.85,0.0,10000.0,27.0,0.2056,1.0
2026-06-09,Hebbal,Ballari Road,66357,32.22,1.1492,10.3,10.22,0,Windy,No,24.11,77.22,14.85,0.0,10000.0,35.89,1.03,0.9763
2026-06-09,Hebbal,Hebbal Flyover,85341,39.0,1.3289,17.22,17.41,0,Windy,No,24.11,77.22,14.85,0.0,10000.0,47.22,1.7222,0.9999
2026-06-09,Indiranagar,100 Feet Road,55076,18.22,1.2604,16.18,15.9,0,Windy,No,24.11,77.22,14.85,0.0,10000.0,21.67,1.6178,1.0
2026-06-09,Indiranagar,CMH Road,48515,23.56,1.2625,16.1,16.21,0,Windy,No,24.11,77.22,14.85,0.0,10000.0,28.11,1.61,1.0
2026-06-09,Jayanagar,Jayanagar 4th Block,48204,24.67,1.244,15.68,15.91,0,Windy,No,24.11,77.22,14.85,0.0,10000.0,29.33,1.5678,1.0
2026-06-09,Jayanagar,South End Circle,53014,27.67,1.0935,7.18,7.09,0,Windy,No,24.11,77.22,14.85,0.0,10000.0,29.78,0.7178,0.9986
2026-06-09,Koramangala,Sarjapur Road,42872,34.67,1.1072,8.54,8.5,0,Windy,No,24.11,77.22,14.85,0.0,10000.0,37.89,0.8544,1.0
2026-06-09,Koramangala,Sony World Junction,50745,23.0,1.1739,12.19,12.29,0,Windy,No,24.11,77.22,14.85,0.0,10000.0,26.22,1.2189,1.0
2026-06-09,M.G. Road,Anil Kumble Circle,60217,20.67,1.1386,10.07,10.14,0,Windy,No,24.11,77.22,14.85,0.0,10000.0,23.0,1.0067,1.0
2026-06-09,M.G. Road,Trinity Circle,68709,29.0,1.2234,15.67,15.81,0,Windy,No,24.11,77.22,14.85,0.0,10000.0,34.44,1.5667,1.0
2026-06-09,Whitefield,ITPL Main Road,54924,26.11,1.2538,15.77,15.77,0,Windy,No,24.11,77.22,14.85,0.0,10000.0,31.0,1.5767,0.9995
2026-06-09,Whitefield,Marathahalli Bridge,39600,26.0,1.0,0.0,0.0,0,Windy,No,24.11,77.22,14.85,0.0,10000.0,26.0,0.0,1.0
2026-06-09,Yeshwanthpur,Tumkur Road,49936,18.56,1.0295,2.34,2.34,0,Windy,No,24.11,77.22,14.85,0.0,10000.0,19.0,0.2344,0.9997
2026-06-09,Yeshwanthpur,Yeshwanthpur Circle,61724,28.33,1.1516,11.18,11.15,0,Windy,No,24.11,77.22,14.85,0.0,10000.0,31.89,1.1178,1.0
2026-06-10,Electronic City,Hosur Road,62019,29.25,1.0641,4.95,4.88,0,Windy,No,24.22,76.75,10.5,0.0,10000.0,30.75,0.495,0.9988
2026-06-10,Electronic City,Silk Board Junction,49423,25.88,1.0423,3.74,3.72,0,Windy,No,24.22,76.75,10.5,0.0,10000.0,26.88,0.3737,1.0
2026-06-10,Hebbal,Ballari Road,60756,33.0,1.1322,8.05,8.01,0,Windy,No,24.22,76.75,10.5,0.0,10000.0,35.88,0.805,0.9909
2026-06-10,Hebbal,Hebbal Flyover,86944,38.5,1.3204,18.21,18.3,0,Windy,No,24.22,76.75,10.5,0.0,10000.0,47.12,1.8212,0.9999
2026-06-10,Indiranagar,100 Feet Road,49793,19.25,1.1556,11.64,11.49,0,Windy,No,24.22,76.75,10.5,0.0,10000.0,21.75,1.1637,1.0
2026-06-10,Indiranagar,CMH Road,48375,23.5,1.251,16.0,16.07,0,Windy,No,24.22,76.75,10.5,0.0,10000.0,28.0,1.6,1.0
2026-06-10,Jayanagar,Jayanagar 4th Block,49976,24.0,1.2825,17.47,17.6,0,Windy,No,24.22,76.75,10.5,0.0,10000.0,29.12,1.7475,1.0
2026-06-10,Jayanagar,South End Circle,61595,26.12,1.1722,11.41,11.06,0,Windy,No,24.22,76.75,10.5,0.0,10000.0,29.38,1.1412,0.9973
2026-06-10,Koramangala,Sarjapur Road,38760,35.62,1.0777,6.25,6.25,0,Windy,No,24.22,76.75,10.5,0.0,10000.0,38.0,0.625,1.0
2026-06-10,Koramangala,Sony World Junction,50354,23.0,1.1582,11.91,11.96,0,Windy,No,24.22,76.75,10.5,0.0,10000.0,26.12,1.1913,1.0
2026-06-10,M.G. Road,Anil Kumble Circle,64672,19.88,1.1937,13.21,13.11,0,Windy,No,24.22,76.75,10.5,0.0,10000.0,22.88,1.3212,1.0
2026-06-10,M.G. Road,Trinity Circle,66272,29.5,1.1967,14.02,14.18,0,Windy,No,24.22,76.75,10.5,0.0,10000.0,34.38,1.4025,1.0
2026-06-10,Whitefield,ITPL Main Road,55433,25.88,1.2658,16.24,16.19,0,Windy,No,24.22,76.75,10.5,0.0,10000.0,30.88,1.6238,0.9996
2026-06-10,Whitefield,Marathahalli Bridge,39600,26.0,1.0,0.0,0.0,0,Windy,No,24.22,76.75,10.5,0.0,10000.0,26.0,0.0,1.0
2026-06-10,Yeshwanthpur,Tumkur Road,46989,18.75,1.0146,1.31,1.32,0,Windy,No,24.22,76.75,10.5,0.0,10000.0,19.0,0.1312,0.9998
2026-06-10,Yeshwanthpur,Yeshwanthpur Circle,65507,27.62,1.1923,13.68,13.67,0,Windy,No,24.22,76.75,10.5,0.0,10000.0,32.0,1.3675,1.0
2026-06-11,Electronic City,Hosur Road,70897,28.38,1.1041,7.85,7.72,0,Windy,No,24.15,81.0,9.72,0.0,10000.0,30.75,0.785,0.9771
2026-06-11,Electronic City,Silk Board Junction,51822,25.75,1.0576,4.62,4.63,0,Windy,No,24.15,81.0,9.72,0.0,10000.0,27.0,0.4625,1.0
2026-06-11,Hebbal,Ballari Road,56157,33.62,1.086,6.34,6.27,0,Windy,No,24.15,81.0,9.72,0.0,10000.0,35.88,0.6338,0.9945
2026-06-11,Hebbal,Hebbal Flyover,72522,42.5,1.1427,10.15,10.29,0,Windy,No,24.15,81.0,9.72,0.0,10000.0,47.38,1.015,0.9998
2026-06-11,Indiranagar,100 Feet Road,45447,19.75,1.1325,8.93,8.67,0,Windy,No,24.15,81.0,9.72,0.0,10000.0,21.62,0.8925,1.0
2026-06-11,Indiranagar,CMH Road,45033,24.5,1.1971,12.78,12.89,0,Windy,No,24.15,81.0,9.72,0.0,10000.0,28.12,1.2775,1.0
2026-06-11,Jayanagar,Jayanagar 4th Block,46691,25.12,1.2288,14.16,14.47,0,Windy,No,24.15,81.0,9.72,0.0,10000.0,29.38,1.4162,1.0
2026-06-11,Jayanagar,South End Circle,59489,26.5,1.1444,10.12,9.79,0,Windy,No,24.15,81.0,9.72,0.0,10000.0,29.38,1.0125,0.9985
2026-06-11,Koramangala,Sarjapur Road,41160,35.12,1.0948,7.58,7.57,0,Windy,No,24.15,81.0,9.72,0.0,10000.0,38.0,0.7575,1.0
2026-06-11,Koramangala,Sony World Junction,50354,23.0,1.1611,11.9,11.96,0,Windy,No,24.15,81.0,9.72,0.0,10000.0,26.12,1.19,1.0
2026-06-11,M.G. Road,Anil Kumble Circle,59736,20.5,1.1644,9.98,9.89,0,Windy,No,24.15,81.0,9.72,0.0,10000.0,22.75,0.9975,1.0
2026-06-11,M.G. Road,Trinity Circle,64021,30.12,1.1687,12.5,12.68,0,Windy,No,24.15,81.0,9.72,0.0,10000.0,34.5,1.25,1.0
2026-06-11,Whitefield,ITPL Main Road,52518,26.62,1.2027,13.82,13.77,0,Windy,No,24.15,81.0,9.72,0.0,10000.0,30.88,1.3825,0.999
2026-06-11,Whitefield,Marathahalli Bridge,39600,26.0,1.0,0.0,0.0,0,Windy,No,24.15,81.0,9.72,0.0,10000.0,26.0,0.0,1.0
2026-06-11,Yeshwanthpur,Tumkur Road,56463,18.12,1.0594,4.6,4.61,0,Windy,No,24.15,81.0,9.72,0.0,10000.0,19.0,0.46,0.9911
2026-06-11,Yeshwanthpur,Yeshwanthpur Circle,61342,28.62,1.1518,10.82,10.89,0,Windy,No,24.15,81.0,9.72,0.0,10000.0,32.12,1.0825,1.0
2026-06-12,Electronic City,Hosur Road,46800,31.0,1.0,0.0,0.0,0,Windy,No,23.27,85.0,8.29,0.37,10000.0,31.0,0.0,1.0
2026-06-12,Electronic City,Silk Board Junction,56711,25.25,1.0913,6.48,6.48,0,Windy,No,23.27,85.0,8.29,0.37,10000.0,27.0,0.6475,1.0
2026-06-12,Hebbal,Ballari Road,67897,31.88,1.1696,11.2,11.15,0,Windy,No,23.27,85.0,8.29,0.37,10000.0,35.88,1.12,0.9798
2026-06-12,Hebbal,Hebbal Flyover,75485,41.5,1.2013,11.9,11.94,0,Windy,No,23.27,85.0,8.29,0.37,10000.0,47.12,1.19,1.0
2026-06-12,Indiranagar,100 Feet Road,54620,18.38,1.235,15.72,15.52,0,Windy,No,23.27,85.0,8.29,0.37,10000.0,21.75,1.5725,1.0
2026-06-12,Indiranagar,CMH Road,43742,24.62,1.1642,11.65,11.66,0,Windy,No,23.27,85.0,8.29,0.37,10000.0,27.88,1.165,1.0
2026-06-12,Jayanagar,Jayanagar 4th Block,45858,25.25,1.218,13.52,13.68,0,Windy,No,23.27,85.0,8.29,0.37,10000.0,29.25,1.3525,1.0
2026-06-12,Jayanagar,South End Circle,53215,27.5,1.1188,7.5,7.17,0,Windy,No,23.27,85.0,8.29,0.37,10000.0,29.62,0.75,0.9988
2026-06-12,Koramangala,Sarjapur Road,41760,35.0,1.0997,7.89,7.89,0,Windy,No,23.27,85.0,8.29,0.37,10000.0,38.0,0.7887,0.9997
2026-06-12,Koramangala,Sony World Junction,49846,23.0,1.1542,11.54,11.54,0,Windy,No,23.27,85.0,8.29,0.37,10000.0,26.0,1.1538,1.0
2026-06-12,M.G. Road,Anil Kumble Circle,69324,19.38,1.2419,15.88,16.22,0,Windy,No,23.27,85.0,8.29,0.37,10000.0,23.12,1.5875,1.0
2026-06-12,M.G. Road,Trinity Circle,65652,29.75,1.1879,13.57,13.77,0,Windy,No,23.27,85.0,8.29,0.37,10000.0,34.5,1.3575,1.0
2026-06-12,Whitefield,ITPL Main Road,51903,27.0,1.2103,13.14,13.25,0,Windy,No,23.27,85.0,8.29,0.37,10000.0,31.12,1.3138,0.9996
2026-06-12,Whitefield,Marathahalli Bridge,51023,24.88,1.0673,4.32,4.33,0,Windy,No,23.27,85.0,8.29,0.37,10000.0,26.0,0.4325,1.0
2026-06-12,Yeshwanthpur,Tumkur Road,65788,17.62,1.113,7.64,7.84,0,Windy,No,23.27,85.0,8.29,0.37,10000.0,19.12,0.7637,0.999
2026-06-12,Yeshwanthpur,Yeshwanthpur Circle,60882,28.5,1.1537,10.64,10.59,0,Windy,No,23.27,85.0,8.29,0.37,10000.0,31.88,1.0638,0.9996
2026-06-13,Electronic City,Hosur Road,72569,28.27,1.1118,8.35,8.26,0,Windy,No,24.15,82.09,8.41,0.0,9824.73,30.82,0.8355,1.0
2026-06-13,Electronic City,Silk Board Junction,58266,25.09,1.0885,7.06,7.07,0,Windy,No,24.15,82.09,8.41,0.0,9824.73,27.0,0.7064,1.0
2026-06-13,Hebbal,Ballari Road,60933,33.09,1.1084,8.07,8.08,0,Windy,No,24.15,82.09,8.41,0.0,9824.73,36.0,0.8073,0.9781
2026-06-13,Hebbal,Hebbal Flyover,83536,39.36,1.2504,16.36,16.41,0,Windy,No,24.15,82.09,8.41,0.0,9824.73,47.09,1.6364,0.9999
2026-06-13,Indiranagar,100 Feet Road,56912,18.09,1.2813,17.54,17.43,0,Windy,No,24.15,82.09,8.41,0.0,9824.73,21.91,1.7536,0.9995
2026-06-13,Indiranagar,CMH Road,46451,24.09,1.1957,14.19,14.24,0,Windy,No,24.15,82.09,8.41,0.0,9824.73,28.09,1.4191,1.0
2026-06-13,Jayanagar,Jayanagar 4th Block,52236,23.27,1.3275,19.75,19.75,0,Windy,No,24.15,82.09,8.41,0.0,9824.73,29.0,1.9745,1.0
2026-06-13,Jayanagar,South End Circle,69537,24.64,1.2512,16.68,16.36,0,Windy,No,24.15,82.09,8.41,0.0,9824.73,29.45,1.6682,0.9958
2026-06-13,Koramangala,Sarjapur Road,48109,33.36,1.1647,12.21,12.2,0,Windy,No,24.15,82.09,8.41,0.0,9824.73,38.0,1.2209,1.0
2026-06-13,Koramangala,Sony World Junction,52724,22.45,1.1894,13.89,13.94,0,Windy,No,24.15,82.09,8.41,0.0,9824.73,26.09,1.3891,1.0
2026-06-13,M.G. Road,Anil Kumble Circle,69705,19.36,1.257,16.31,16.47,0,Windy,No,24.15,82.09,8.41,0.0,9824.73,23.18,1.6309,1.0
2026-06-13,M.G. Road,Trinity Circle,68228,29.27,1.2055,15.32,15.49,0,Windy,No,24.15,82.09,8.41,0.0,9824.73,34.64,1.5318,1.0
2026-06-13,Whitefield,ITPL Main Road,52637,26.55,1.2122,13.99,13.86,0,Windy,No,24.15,82.09,8.41,0.0,9824.73,30.82,1.3991,0.9991
2026-06-13,Whitefield,Marathahalli Bridge,59052,24.0,1.1542,7.43,7.37,0,Windy,No,24.15,82.09,8.41,0.0,9824.73,25.91,0.7427,1.0
2026-06-13,Yeshwanthpur,Tumkur Road,56979,18.09,1.0602,4.78,4.78,0,Windy,No,24.15,82.09,8.41,0.0,9824.73,19.0,0.4782,0.9919
2026-06-13,Yeshwanthpur,Yeshwanthpur Circle,71846,26.27,1.2715,17.84,17.9,0,Windy,No,24.15,82.09,8.41,0.0,9824.73,32.0,1.7836,1.0
2026-06-14,Electronic City,Hosur Road,50154,30.67,1.0124,1.08,1.08,0,Clear,No,24.16,81.5,4.04,0.03,9858.75,31.0,0.1075,0.9997
2026-06-14,Electronic City,Silk Board Junction,39600,27.0,1.0,0.0,0.0,0,Clear,No,24.16,81.5,4.04,0.03,9858.75,27.0,0.0,1.0
2026-06-14,Hebbal,Ballari Road,53075,34.08,1.0656,5.12,5.1,0,Clear,No,24.16,81.5,4.04,0.03,9858.75,35.92,0.5125,0.9896
2026-06-14,Hebbal,Hebbal Flyover,71334,42.33,1.1968,9.78,9.77,0,Clear,No,24.16,81.5,4.04,0.03,9858.75,46.92,0.9783,0.9999
2026-06-14,Indiranagar,100 Feet Road,51172,19.0,1.2,12.88,12.64,0,Clear,No,24.16,81.5,4.04,0.03,9858.75,21.75,1.2883,1.0
2026-06-14,Indiranagar,CMH Road,36838,25.75,1.0941,7.11,6.93,0,Clear,No,24.16,81.5,4.04,0.03,9858.75,27.67,0.7108,1.0
2026-06-14,Jayanagar,Jayanagar 4th Block,47491,24.58,1.2491,15.23,15.23,0,Clear,No,24.16,81.5,4.04,0.03,9858.75,29.0,1.5225,0.9999
2026-06-14,Jayanagar,South End Circle,58247,26.92,1.139,9.5,9.27,0,Clear,No,24.16,81.5,4.04,0.03,9858.75,29.67,0.95,0.9985
2026-06-14,Koramangala,Sarjapur Road,37360,35.92,1.0666,5.49,5.48,0,Clear,No,24.16,81.5,4.04,0.03,9858.75,38.0,0.5492,1.0
2026-06-14,Koramangala,Sony World Junction,43522,24.08,1.0915,7.67,7.67,0,Clear,No,24.16,81.5,4.04,0.03,9858.75,26.08,0.7667,1.0
2026-06-14,M.G. Road,Anil Kumble Circle,48218,21.75,1.0836,5.14,5.09,0,Clear,No,24.16,81.5,4.04,0.03,9858.75,22.92,0.5142,1.0
2026-06-14,M.G. Road,Trinity Circle,57501,31.33,1.1132,8.82,8.96,0,Clear,No,24.16,81.5,4.04,0.03,9858.75,34.42,0.8817,1.0
2026-06-14,Whitefield,ITPL Main Road,47896,27.92,1.1323,9.99,9.95,0,Clear,No,24.16,81.5,4.04,0.03,9858.75,31.0,0.9992,0.9995
2026-06-14,Whitefield,Marathahalli Bridge,44676,25.5,1.0256,1.92,1.92,0,Clear,No,24.16,81.5,4.04,0.03,9858.75,26.0,0.1925,1.0
2026-06-14,Yeshwanthpur,Tumkur Road,57094,18.08,1.0638,4.82,4.82,0,Clear,No,24.16,81.5,4.04,0.03,9858.75,19.0,0.4825,0.9941
2026-06-14,Yeshwanthpur,Yeshwanthpur Circle,59688,28.92,1.1415,9.83,9.87,0,Clear,No,24.16,81.5,4.04,0.03,9858.75,32.08,0.9825,1.0
2026-06-15,Electronic City,Hosur Road,58122,29.88,1.0514,3.62,3.63,0,Clear,No,23.38,80.5,3.78,0.0,10000.0,31.0,0.3625,1.0
2026-06-15,Electronic City,Silk Board Junction,48155,26.12,1.048,3.36,3.24,0,Clear,No,23.38,80.5,3.78,0.0,10000.0,27.0,0.3362,1.0
2026-06-15,Hebbal,Ballari Road,66628,32.38,1.1425,10.32,10.38,0,Clear,No,23.38,80.5,3.78,0.0,10000.0,36.12,1.0325,0.9893
2026-06-15,Hebbal,Hebbal Flyover,69242,42.75,1.1645,9.05,9.04,0,Clear,No,23.38,80.5,3.78,0.0,10000.0,47.0,0.905,0.9998
2026-06-15,Indiranagar,100 Feet Road,42981,20.38,1.1051,7.39,7.39,0,Clear,No,23.38,80.5,3.78,0.0,10000.0,22.0,0.7388,0.9997
2026-06-15,Indiranagar,CMH Road,37893,26.0,1.1056,7.44,7.56,0,Clear,No,23.38,80.5,3.78,0.0,10000.0,28.12,0.7438,1.0
2026-06-15,Jayanagar,Jayanagar 4th Block,42223,26.38,1.1468,10.16,10.21,0,Clear,No,23.38,80.5,3.78,0.0,10000.0,29.38,1.0162,1.0
2026-06-15,Jayanagar,South End Circle,53999,27.75,1.111,7.5,7.5,0,Clear,No,23.38,80.5,3.78,0.0,10000.0,30.0,0.75,0.9988
2026-06-15,Koramangala,Sarjapur Road,38797,35.5,1.079,6.32,6.27,0,Clear,No,23.38,80.5,3.78,0.0,10000.0,37.88,0.6325,1.0
2026-06-15,Koramangala,Sony World Junction,42579,24.25,1.1012,7.02,7.18,0,Clear,No,23.38,80.5,3.78,0.0,10000.0,26.12,0.7025,1.0
2026-06-15,M.G. Road,Anil Kumble Circle,58417,20.62,1.1782,9.66,9.34,0,Clear,No,23.38,80.5,3.78,0.0,10000.0,22.75,0.9662,1.0
2026-06-15,M.G. Road,Trinity Circle,60272,30.88,1.1419,10.0,10.18,0,Clear,No,23.38,80.5,3.78,0.0,10000.0,34.38,1.0,1.0
2026-06-15,Whitefield,ITPL Main Road,42848,28.5,1.1106,7.5,7.32,0,Clear,No,23.38,80.5,3.78,0.0,10000.0,30.75,0.75,0.9997
2026-06-15,Whitefield,Marathahalli Bridge,58638,24.12,1.1717,7.21,7.21,0,Clear,No,23.38,80.5,3.78,0.0,10000.0,26.0,0.7212,0.995
2026-06-15,Yeshwanthpur,Tumkur Road,45082,19.0,1.0062,0.62,0.65,0,Clear,No,23.38,80.5,3.78,0.0,10000.0,19.12,0.0625,0.9736
2026-06-15,Yeshwanthpur,Yeshwanthpur Circle,57647,29.0,1.1244,9.09,9.02,0,Clear,No,23.38,80.5,3.78,0.0,10000.0,31.88,0.9088,1.0
2026-06-16,Electronic City,Hosur Road,58669,29.5,1.0561,4.02,3.8,0,Clear,No,25.62,72.83,2.83,0.0,10000.0,30.67,0.4017,1.0
2026-06-16,Electronic City,Silk Board Junction,50665,26.67,1.0604,4.32,4.19,0,Clear,No,25.62,72.83,2.83,0.0,10000.0,27.83,0.4317,1.0
2026-06-16,Hebbal,Ballari Road,63039,32.5,1.1146,9.0,8.88,0,Clear,No,25.62,72.83,2.83,0.0,10000.0,35.67,0.9,0.9721
2026-06-16,Hebbal,Hebbal Flyover,76897,41.17,1.2213,12.67,12.72,0,Clear,No,25.62,72.83,2.83,0.0,10000.0,47.17,1.2667,1.0
2026-06-16,Indiranagar,100 Feet Road,42195,20.0,1.105,7.38,6.98,0,Clear,No,25.62,72.83,2.83,0.0,10000.0,21.5,0.7383,1.0
2026-06-16,Indiranagar,CMH Road,40199,25.5,1.1222,8.93,8.93,0,Clear,No,25.62,72.83,2.83,0.0,10000.0,28.0,0.8933,1.0
2026-06-16,Jayanagar,Jayanagar 4th Block,48110,24.83,1.2466,16.08,15.82,0,Clear,No,25.62,72.83,2.83,0.0,10000.0,29.5,1.6083,0.9988
2026-06-16,Jayanagar,South End Circle,54983,27.17,1.1121,8.18,7.91,0,Clear,No,25.62,72.83,2.83,0.0,10000.0,29.5,0.8183,0.9972
2026-06-16,Koramangala,Sarjapur Road,39359,35.5,1.0771,6.58,6.58,0,Clear,No,25.62,72.83,2.83,0.0,10000.0,38.0,0.6583,1.0
2026-06-16,Koramangala,Sony World Junction,50615,22.83,1.1761,12.18,12.18,0,Clear,No,25.62,72.83,2.83,0.0,10000.0,26.0,1.2183,1.0
2026-06-16,M.G. Road,Anil Kumble Circle,58773,20.67,1.2504,9.85,9.49,0,Clear,No,25.62,72.83,2.83,0.0,10000.0,22.83,0.985,1.0
2026-06-16,M.G. Road,Trinity Circle,65913,29.83,1.1799,13.8,13.94,0,Clear,No,25.62,72.83,2.83,0.0,10000.0,34.67,1.38,1.0
2026-06-16,Whitefield,ITPL Main Road,50270,27.17,1.193,11.98,11.89,0,Clear,No,25.62,72.83,2.83,0.0,10000.0,30.83,1.1983,0.9996
2026-06-16,Whitefield,Marathahalli Bridge,39600,26.0,1.0,0.0,0.0,0,Clear,No,25.62,72.83,2.83,0.0,10000.0,26.0,0.0,1.0
2026-06-16,Yeshwanthpur,Tumkur Road,60730,18.0,1.0712,5.97,6.09,0,Clear,No,25.62,72.83,2.83,0.0,10000.0,19.17,0.5967,0.9766
2026-06-16,Yeshwanthpur,Yeshwanthpur Circle,57249,29.17,1.1208,8.85,8.85,0,Clear,No,25.62,72.83,2.83,0.0,10000.0,32.0,0.885,1.0
2026-06-17,Electronic City,Hosur Road,55426,30.14,1.0344,2.77,2.76,0,Clear,No,25.85,72.29,2.83,0.0,10000.0,31.0,0.2771,0.9991
2026-06-17,Electronic City,Silk Board Junction,53208,26.29,1.0666,5.26,5.15,0,Clear,No,25.85,72.29,2.83,0.0,10000.0,27.71,0.5257,1.0
2026-06-17,Hebbal,Ballari Road,67249,32.0,1.151,10.84,10.76,0,Clear,No,25.85,72.29,2.83,0.0,10000.0,35.86,1.0843,0.98
2026-06-17,Hebbal,Hebbal Flyover,92414,36.86,1.4104,21.47,21.34,0,Clear,No,25.85,72.29,2.83,0.0,10000.0,46.86,2.1471,0.9997
2026-06-17,Indiranagar,100 Feet Road,43858,20.14,1.0986,7.9,7.84,0,Clear,No,25.85,72.29,2.83,0.0,10000.0,21.86,0.79,1.0
2026-06-17,Indiranagar,CMH Road,49714,23.14,1.2529,17.26,17.35,0,Clear,No,25.85,72.29,2.83,0.0,10000.0,28.0,1.7257,1.0
2026-06-17,Jayanagar,Jayanagar 4th Block,50682,24.29,1.2929,18.47,18.27,0,Clear,No,25.85,72.29,2.83,0.0,10000.0,29.71,1.8471,1.0
2026-06-17,Jayanagar,South End Circle,56669,27.29,1.1335,8.74,8.61,0,Clear,No,25.85,72.29,2.83,0.0,10000.0,29.86,0.8743,0.9995
2026-06-17,Koramangala,Sarjapur Road,42445,34.86,1.1025,8.27,8.27,0,Clear,No,25.85,72.29,2.83,0.0,10000.0,38.0,0.8271,1.0
2026-06-17,Koramangala,Sony World Junction,53704,22.29,1.2069,14.71,14.75,0,Clear,No,25.85,72.29,2.83,0.0,10000.0,26.14,1.4714,1.0
2026-06-17,M.G. Road,Anil Kumble Circle,60937,20.43,1.1449,10.7,10.63,0,Clear,No,25.85,72.29,2.83,0.0,10000.0,22.86,1.07,1.0
2026-06-17,M.G. Road,Trinity Circle,67933,29.29,1.2069,15.11,15.29,0,Clear,No,25.85,72.29,2.83,0.0,10000.0,34.57,1.5114,1.0
2026-06-17,Whitefield,ITPL Main Road,54248,26.29,1.2148,15.23,15.21,0,Clear,No,25.85,72.29,2.83,0.0,10000.0,31.0,1.5229,0.9986
2026-06-17,Whitefield,Marathahalli Bridge,52654,24.71,1.0769,4.94,4.95,0,Clear,No,25.85,72.29,2.83,0.0,10000.0,26.0,0.4943,1.0
2026-06-17,Yeshwanthpur,Tumkur Road,54027,18.29,1.0512,3.76,3.76,0,Clear,No,25.85,72.29,2.83,0.0,10000.0,19.0,0.3757,0.9997
2026-06-17,Yeshwanthpur,Yeshwanthpur Circle,65758,27.57,1.2082,13.84,13.84,0,Clear,No,25.85,72.29,2.83,0.0,10000.0,32.0,1.3843,1.0
2026-06-18,Electronic City,Hosur Road,59380,29.75,1.0598,4.04,4.03,0,Clear,No,24.53,77.88,2.67,0.0,10000.0,31.0,0.4038,1.0
2026-06-18,Electronic City,Silk Board Junction,54921,26.38,1.076,5.8,5.8,0,Clear,No,24.53,77.88,2.67,0.0,10000.0,28.0,0.58,1.0
2026-06-18,Hebbal,Ballari Road,59978,32.88,1.1039,7.88,7.72,0,Clear,No,24.53,77.88,2.67,0.0,10000.0,35.62,0.7875,0.9887
2026-06-18,Hebbal,Hebbal Flyover,85511,38.88,1.2798,17.42,17.51,0,Clear,No,24.53,77.88,2.67,0.0,10000.0,47.12,1.7425,0.9998
2026-06-18,Indiranagar,100 Feet Road,47451,19.75,1.1349,9.79,9.71,0,Clear,No,24.53,77.88,2.67,0.0,10000.0,21.88,0.9788,1.0
2026-06-18,Indiranagar,CMH Road,48375,23.5,1.2464,16.06,16.07,0,Clear,No,24.53,77.88,2.67,0.0,10000.0,28.0,1.6062,1.0
2026-06-18,Jayanagar,Jayanagar 4th Block,47892,25.0,1.2427,15.75,15.61,0,Clear,No,24.53,77.88,2.67,0.0,10000.0,29.62,1.575,1.0
2026-06-18,Jayanagar,South End Circle,51062,28.0,1.0871,6.36,6.28,0,Clear,No,24.53,77.88,2.67,0.0,10000.0,29.88,0.6362,0.9988
2026-06-18,Koramangala,Sarjapur Road,39359,35.5,1.0804,6.59,6.58,0,Clear,No,24.53,77.88,2.67,0.0,10000.0,38.0,0.6587,1.0
2026-06-18,Koramangala,Sony World Junction,49269,23.12,1.1453,11.06,11.06,0,Clear,No,24.53,77.88,2.67,0.0,10000.0,26.0,1.1062,1.0
2026-06-18,M.G. Road,Anil Kumble Circle,59606,20.62,1.138,9.92,9.84,0,Clear,No,24.53,77.88,2.67,0.0,10000.0,22.88,0.9925,1.0
2026-06-18,M.G. Road,Trinity Circle,64565,30.0,1.1805,12.85,13.04,0,Clear,No,24.53,77.88,2.67,0.0,10000.0,34.5,1.285,1.0
2026-06-18,Whitefield,ITPL Main Road,50146,27.12,1.1779,11.94,11.79,0,Clear,No,24.53,77.88,2.67,0.0,10000.0,30.75,1.1938,0.9999
2026-06-18,Whitefield,Marathahalli Bridge,52292,24.75,1.0797,4.81,4.81,0,Clear,No,24.53,77.88,2.67,0.0,10000.0,26.0,0.4812,1.0
2026-06-18,Yeshwanthpur,Tumkur Road,50729,18.62,1.0297,2.6,2.61,0,Clear,No,24.53,77.88,2.67,0.0,10000.0,19.12,0.26,0.9983
2026-06-18,Yeshwanthpur,Yeshwanthpur Circle,60294,28.62,1.1448,10.26,10.2,0,Clear,No,24.53,77.88,2.67,0.0,10000.0,31.88,1.0263,1.0
2026-06-19,Electronic City,Hosur Road,73542,28.0,1.1185,8.75,8.57,0,Clear,No,24.16,78.5,2.88,0.0,10000.0,30.62,0.875,1.0
2026-06-19,Electronic City,Silk Board Junction,47924,26.88,1.0493,3.36,3.15,0,Clear,No,24.16,78.5,2.88,0.0,10000.0,27.75,0.3362,1.0
2026-06-19,Hebbal,Ballari Road,62757,32.5,1.122,8.92,8.77,0,Clear,No,24.16,78.5,2.88,0.0,10000.0,35.62,0.8925,0.9829
2026-06-19,Hebbal,Hebbal Flyover,83523,39.5,1.2645,16.3,16.4,0,Clear,No,24.16,78.5,2.88,0.0,10000.0,47.25,1.63,0.9999
2026-06-19,Indiranagar,100 Feet Road,50566,19.0,1.1795,12.3,12.14,0,Clear,No,24.16,78.5,2.88,0.0,10000.0,21.62,1.23,0.9997
2026-06-19,Indiranagar,CMH Road,42902,24.62,1.1445,10.99,10.86,0,Clear,No,24.16,78.5,2.88,0.0,10000.0,27.62,1.0988,1.0
2026-06-19,Jayanagar,Jayanagar 4th Block,50107,24.38,1.3114,17.95,17.72,0,Clear,No,24.16,78.5,2.88,0.0,10000.0,29.62,1.795,1.0
2026-06-19,Jayanagar,South End Circle,57176,27.12,1.1201,8.92,8.82,0,Clear,No,24.16,78.5,2.88,0.0,10000.0,29.75,0.8925,0.9971
2026-06-19,Koramangala,Sarjapur Road,36359,36.12,1.0601,4.94,4.93,0,Clear,No,24.16,78.5,2.88,0.0,10000.0,38.0,0.4938,0.9983
2026-06-19,Koramangala,Sony World Junction,49846,23.0,1.144,11.54,11.54,0,Clear,No,24.16,78.5,2.88,0.0,10000.0,26.0,1.1538,1.0
2026-06-19,M.G. Road,Anil Kumble Circle,62213,20.25,1.1732,11.61,11.48,0,Clear,No,24.16,78.5,2.88,0.0,10000.0,22.88,1.1613,1.0
2026-06-19,M.G. Road,Trinity Circle,65036,30.0,1.1745,13.21,13.36,0,Clear,No,24.16,78.5,2.88,0.0,10000.0,34.62,1.3212,1.0
2026-06-19,Whitefield,ITPL Main Road,53489,26.38,1.2132,14.61,14.57,0,Clear,No,24.16,78.5,2.88,0.0,10000.0,30.88,1.4613,0.9996
2026-06-19,Whitefield,Marathahalli Bridge,39600,26.0,1.0,0.0,0.0,0,Clear,No,24.16,78.5,2.88,0.0,10000.0,26.0,0.0,1.0
2026-06-19,Yeshwanthpur,Tumkur Road,67670,17.5,1.1266,8.26,8.5,0,Clear,No,24.16,78.5,2.88,0.0,10000.0,19.12,0.8262,0.9967
2026-06-19,Yeshwanthpur,Yeshwanthpur Circle,64411,27.75,1.1802,13.0,12.94,0,Clear,No,24.16,78.5,2.88,0.0,10000.0,31.88,1.3,1.0
2026-06-20,Electronic City,Hosur Road,79109,27.5,1.1523,10.64,10.57,0,Clear,No,24.41,81.75,2.57,1.12,10000.0,30.75,1.0642,0.9994
2026-06-20,Electronic City,Silk Board Junction,64325,25.0,1.1233,9.52,9.37,0,Clear,No,24.41,81.75,2.57,1.12,10000.0,27.58,0.9525,1.0
2026-06-20,Hebbal,Ballari Road,73674,30.58,1.2204,14.72,14.65,0,Clear,No,24.41,81.75,2.57,1.12,10000.0,35.83,1.4717,0.9717
2026-06-20,Hebbal,Hebbal Flyover,100502,35.17,1.9994,25.22,25.83,0,Clear,No,24.41,81.75,2.57,1.12,10000.0,47.42,2.5217,0.9999
2026-06-20,Indiranagar,100 Feet Road,58879,17.33,1.3439,19.57,19.07,0,Clear,No,24.41,81.75,2.57,1.12,10000.0,21.42,1.9567,0.9992
2026-06-20,Indiranagar,CMH Road,45250,24.33,1.1942,13.08,13.1,0,Clear,No,24.41,81.75,2.57,1.12,10000.0,28.0,1.3083,1.0
2026-06-20,Jayanagar,Jayanagar 4th Block,49441,24.67,1.2823,17.24,17.09,0,Clear,No,24.41,81.75,2.57,1.12,10000.0,29.75,1.7242,1.0
2026-06-20,Jayanagar,South End Circle,63220,25.92,1.1709,12.39,12.15,0,Clear,No,24.41,81.75,2.57,1.12,10000.0,29.5,1.2392,0.9975
2026-06-20,Koramangala,Sarjapur Road,46699,33.83,1.1523,10.96,10.96,0,Clear,No,24.41,81.75,2.57,1.12,10000.0,38.0,1.0958,1.0
2026-06-20,Koramangala,Sony World Junction,49118,23.08,1.1439,10.95,10.93,0,Clear,No,24.41,81.75,2.57,1.12,10000.0,25.92,1.095,1.0
2026-06-20,M.G. Road,Anil Kumble Circle,53518,21.17,1.0984,7.32,7.3,0,Clear,No,24.41,81.75,2.57,1.12,10000.0,22.83,0.7317,1.0
2026-06-20,M.G. Road,Trinity Circle,65652,29.75,1.2068,13.73,13.77,0,Clear,No,24.41,81.75,2.57,1.12,10000.0,34.5,1.3733,0.9998
2026-06-20,Whitefield,ITPL Main Road,52540,26.58,1.2222,13.96,13.78,0,Clear,No,24.41,81.75,2.57,1.12,10000.0,30.83,1.3958,0.9995
2026-06-20,Whitefield,Marathahalli Bridge,44676,25.5,1.0256,1.92,1.92,0,Clear,No,24.41,81.75,2.57,1.12,10000.0,26.0,0.1925,1.0
2026-06-20,Yeshwanthpur,Tumkur Road,74948,17.08,1.1475,11.42,11.64,0,Clear,No,24.41,81.75,2.57,1.12,10000.0,19.33,1.1425,0.9972
2026-06-20,Yeshwanthpur,Yeshwanthpur Circle,66540,27.33,1.2101,14.38,14.36,0,Clear,No,24.41,81.75,2.57,1.12,10000.0,31.92,1.4383,1.0
2026-06-21,Electronic City,Hosur Road,57811,29.82,1.0453,3.57,3.53,0,Clear,No,24.81,77.55,3.15,0.01,9570.64,30.91,0.3573,0.9923
2026-06-21,Electronic City,Silk Board Junction,43039,27.55,1.0162,1.35,1.3,0,Clear,No,24.81,77.55,3.15,0.01,9570.64,27.91,0.1345,1.0
2026-06-21,Hebbal,Ballari Road,56933,33.64,1.0875,6.56,6.57,0,Clear,No,24.81,77.55,3.15,0.01,9570.64,36.0,0.6564,0.9774
2026-06-21,Hebbal,Hebbal Flyover,72104,42.27,1.1667,9.98,10.06,0,Clear,No,24.81,77.55,3.15,0.01,9570.64,47.0,0.9982,0.9999
2026-06-21,Indiranagar,100 Feet Road,50621,19.0,1.1813,12.48,12.18,0,Clear,No,24.81,77.55,3.15,0.01,9570.64,21.64,1.2482,1.0
2026-06-21,Indiranagar,CMH Road,43128,24.82,1.1491,11.09,11.07,0,Clear,No,24.81,77.55,3.15,0.01,9570.64,27.91,1.1091,1.0
2026-06-21,Jayanagar,Jayanagar 4th Block,45628,25.73,1.2016,13.62,13.46,0,Clear,No,24.81,77.55,3.15,0.01,9570.64,29.73,1.3618,0.9999
2026-06-21,Jayanagar,South End Circle,44024,28.91,1.0574,3.45,3.34,0,Clear,No,24.81,77.55,3.15,0.01,9570.64,29.91,0.3445,1.0
2026-06-21,Koramangala,Sarjapur Road,38705,35.64,1.0737,6.22,6.22,0,Clear,No,24.81,77.55,3.15,0.01,9570.64,38.0,0.6218,1.0
2026-06-21,Koramangala,Sony World Junction,44911,23.82,1.1053,8.38,8.39,0,Clear,No,24.81,77.55,3.15,0.01,9570.64,26.0,0.8382,1.0
2026-06-21,M.G. Road,Anil Kumble Circle,50229,21.64,1.0765,5.92,5.93,0,Clear,No,24.81,77.55,3.15,0.01,9570.64,23.0,0.5918,1.0
2026-06-21,M.G. Road,Trinity Circle,59307,31.27,1.1178,9.55,9.71,0,Clear,No,24.81,77.55,3.15,0.01,9570.64,34.64,0.9555,1.0
2026-06-21,Whitefield,ITPL Main Road,44658,28.27,1.105,8.27,8.26,0,Clear,No,24.81,77.55,3.15,0.01,9570.64,30.82,0.8273,0.9996
2026-06-21,Whitefield,Marathahalli Bridge,47010,25.18,1.0448,2.91,2.81,0,Clear,No,24.81,77.55,3.15,0.01,9570.64,25.91,0.2909,1.0
2026-06-21,Yeshwanthpur,Tumkur Road,60944,18.0,1.0767,6.04,6.16,0,Clear,No,24.81,77.55,3.15,0.01,9570.64,19.18,0.6036,0.9919
2026-06-21,Yeshwanthpur,Yeshwanthpur Circle,59314,28.73,1.142,9.79,9.71,0,Clear,No,24.81,77.55,3.15,0.01,9570.64,31.82,0.9791,1.0
2026-06-22,Electronic City,Hosur Road,68466,28.71,1.0953,7.04,6.94,0,Clear,No,24.41,78.43,2.87,0.0,10000.0,30.86,0.7043,0.9986
2026-06-22,Electronic City,Silk Board Junction,39600,28.0,1.0,0.0,0.0,0,Clear,No,24.41,78.43,2.87,0.0,10000.0,28.0,0.0,1.0
2026-06-22,Hebbal,Ballari Road,52221,34.14,1.0595,4.84,4.78,0,Clear,No,24.41,78.43,2.87,0.0,10000.0,35.86,0.4843,0.9755
2026-06-22,Hebbal,Hebbal Flyover,82363,39.71,1.2596,15.69,15.76,0,Clear,No,24.41,78.43,2.87,0.0,10000.0,47.14,1.5686,0.9998
2026-06-22,Indiranagar,100 Feet Road,43957,20.0,1.1003,8.03,7.89,0,Clear,No,24.41,78.43,2.87,0.0,10000.0,21.71,0.8029,1.0
2026-06-22,Indiranagar,CMH Road,40628,25.43,1.1459,9.19,9.18,0,Clear,No,24.41,78.43,2.87,0.0,10000.0,28.0,0.9186,1.0
2026-06-22,Jayanagar,Jayanagar 4th Block,49168,24.71,1.301,17.1,16.83,0,Clear,No,24.41,78.43,2.87,0.0,10000.0,29.71,1.71,0.9998
2026-06-22,Jayanagar,South End Circle,44038,28.86,1.0465,3.44,3.35,0,Clear,No,24.41,78.43,2.87,0.0,10000.0,29.86,0.3443,0.9995
2026-06-22,Koramangala,Sarjapur Road,38331,35.71,1.0702,6.01,6.02,0,Clear,No,24.41,78.43,2.87,0.0,10000.0,38.0,0.6014,1.0
2026-06-22,Koramangala,Sony World Junction,46636,23.71,1.1179,9.2,9.29,0,Clear,No,24.41,78.43,2.87,0.0,10000.0,26.14,0.92,1.0
2026-06-22,M.G. Road,Anil Kumble Circle,61875,20.29,1.1948,11.41,11.25,0,Clear,No,24.41,78.43,2.87,0.0,10000.0,22.86,1.1414,1.0
2026-06-22,M.G. Road,Trinity Circle,59900,31.0,1.1329,9.8,9.96,0,Clear,No,24.41,78.43,2.87,0.0,10000.0,34.43,0.98,1.0
2026-06-22,Whitefield,ITPL Main Road,46495,28.14,1.1447,9.21,9.22,0,Clear,No,24.41,78.43,2.87,0.0,10000.0,31.0,0.9214,0.9999
2026-06-22,Whitefield,Marathahalli Bridge,39600,26.0,1.0,0.0,0.0,0,Clear,No,24.41,78.43,2.87,0.0,10000.0,26.0,0.0,1.0
2026-06-22,Yeshwanthpur,Tumkur Road,47498,18.86,1.0169,1.5,1.49,0,Clear,No,24.41,78.43,2.87,0.0,10000.0,19.14,0.15,0.9682
2026-06-22,Yeshwanthpur,Yeshwanthpur Circle,58702,28.71,1.1262,9.54,9.46,0,Clear,No,24.41,78.43,2.87,0.0,10000.0,31.71,0.9543,1.0
2026-06-23,Electronic City,Hosur Road,53558,30.11,1.0305,2.3,2.17,0,Clear,No,24.0,76.22,2.56,0.0,10000.0,30.78,0.23,0.9988
2026-06-23,Electronic City,Silk Board Junction,45910,27.22,1.033,2.47,2.39,0,Clear,No,24.0,76.22,2.56,0.0,10000.0,27.89,0.2467,1.0
2026-06-23,Hebbal,Ballari Road,56817,33.44,1.0871,6.6,6.52,0,Clear,No,24.0,76.22,2.56,0.0,10000.0,35.78,0.66,0.9814
2026-06-23,Hebbal,Hebbal Flyover,81169,40.0,1.2411,15.08,15.09,0,Clear,No,24.0,76.22,2.56,0.0,10000.0,47.11,1.5078,0.9997
2026-06-23,Indiranagar,100 Feet Road,44635,19.78,1.1067,8.44,8.25,0,Clear,No,24.0,76.22,2.56,0.0,10000.0,21.56,0.8444,0.9989
2026-06-23,Indiranagar,CMH Road,46500,24.0,1.215,14.29,14.29,0,Clear,No,24.0,76.22,2.56,0.0,10000.0,28.0,1.4289,0.9999
2026-06-23,Jayanagar,Jayanagar 4th Block,51089,24.22,1.3036,18.73,18.66,0,Clear,No,24.0,76.22,2.56,0.0,10000.0,29.78,1.8733,0.9946
2026-06-23,Jayanagar,South End Circle,62350,26.33,1.1607,11.67,11.57,0,Clear,No,24.0,76.22,2.56,0.0,10000.0,29.78,1.1667,0.9973
2026-06-23,Koramangala,Sarjapur Road,41226,35.11,1.0933,7.6,7.6,0,Clear,No,24.0,76.22,2.56,0.0,10000.0,38.0,0.76,1.0
2026-06-23,Koramangala,Sony World Junction,50358,22.89,1.1557,11.97,11.97,0,Clear,No,24.0,76.22,2.56,0.0,10000.0,26.0,1.1967,1.0
2026-06-23,M.G. Road,Anil Kumble Circle,54640,21.11,1.1102,7.83,7.77,0,Clear,No,24.0,76.22,2.56,0.0,10000.0,22.89,0.7833,1.0
2026-06-23,M.G. Road,Trinity Circle,63269,30.44,1.159,11.99,12.18,0,Clear,No,24.0,76.22,2.56,0.0,10000.0,34.67,1.1989,1.0
2026-06-23,Whitefield,ITPL Main Road,54064,26.33,1.2504,15.06,15.05,0,Clear,No,24.0,76.22,2.56,0.0,10000.0,31.0,1.5056,0.9972
2026-06-23,Whitefield,Marathahalli Bridge,47497,25.22,1.0415,2.99,2.99,0,Clear,No,24.0,76.22,2.56,0.0,10000.0,26.0,0.2989,0.9989
2026-06-23,Yeshwanthpur,Tumkur Road,54989,18.22,1.0648,4.09,4.09,0,Clear,No,24.0,76.22,2.56,0.0,10000.0,19.0,0.4089,0.9993
2026-06-23,Yeshwanthpur,Yeshwanthpur Circle,65526,27.33,1.1864,13.77,13.68,0,Clear,No,24.0,76.22,2.56,0.0,10000.0,31.67,1.3767,0.9996
2026-06-24,Electronic City,Hosur Road,72646,28.18,1.1172,8.45,8.28,0,Clear,No,23.8,75.0,2.93,0.0,10000.0,30.73,0.8445,0.9939
2026-06-24,Electronic City,Silk Board Junction,52541,26.45,1.0738,5.05,4.9,0,Clear,No,23.8,75.0,2.93,0.0,10000.0,27.82,0.5045,1.0
2026-06-24,Hebbal,Ballari Road,61824,32.64,1.1115,8.51,8.42,0,Clear,No,23.8,75.0,2.93,0.0,10000.0,35.64,0.8509,0.967
2026-06-24,Hebbal,Hebbal Flyover,76890,41.18,1.1959,12.61,12.72,0,Clear,No,23.8,75.0,2.93,0.0,10000.0,47.18,1.2609,0.9926
2026-06-24,Indiranagar,100 Feet Road,50117,19.09,1.1693,11.96,11.76,0,Clear,No,23.8,75.0,2.93,0.0,10000.0,21.64,1.1964,0.9978
2026-06-24,Indiranagar,CMH Road,42750,25.0,1.1423,10.72,10.71,0,Clear,No,23.8,75.0,2.93,0.0,10000.0,28.0,1.0718,0.9999
2026-06-24,Jayanagar,Jayanagar 4th Block,48623,24.73,1.2715,16.62,16.31,0,Clear,No,23.8,75.0,2.93,0.0,10000.0,29.55,1.6618,0.9843
2026-06-24,Jayanagar,South End Circle,57349,27.0,1.127,9.12,8.9,0,Clear,No,23.8,75.0,2.93,0.0,10000.0,29.64,0.9118,0.9979
2026-06-24,Koramangala,Sarjapur Road,40014,35.36,1.0864,6.95,6.94,0,Clear,No,23.8,75.0,2.93,0.0,10000.0,38.0,0.6945,0.9997
2026-06-24,Koramangala,Sony World Junction,49006,23.18,1.1368,10.85,10.84,0,Clear,No,23.8,75.0,2.93,0.0,10000.0,26.0,1.0845,1.0
2026-06-24,M.G. Road,Anil Kumble Circle,56952,20.91,1.118,8.75,8.73,0,Clear,No,23.8,75.0,2.93,0.0,10000.0,22.91,0.8755,1.0
2026-06-24,M.G. Road,Trinity Circle,60435,30.91,1.1319,10.14,10.29,0,Clear,No,23.8,75.0,2.93,0.0,10000.0,34.45,1.0136,1.0
2026-06-24,Whitefield,ITPL Main Road,52235,26.73,1.2059,13.56,13.53,0,Clear,No,23.8,75.0,2.93,0.0,10000.0,30.91,1.3564,0.9912
2026-06-24,Whitefield,Marathahalli Bridge,61831,23.73,1.1522,8.45,8.42,0,Clear,No,23.8,75.0,2.93,0.0,10000.0,25.91,0.8455,0.9991
2026-06-24,Yeshwanthpur,Tumkur Road,62399,17.82,1.0808,6.64,6.67,0,Clear,No,23.8,75.0,2.93,0.0,10000.0,19.09,0.6636,0.9941
2026-06-24,Yeshwanthpur,Yeshwanthpur Circle,60340,28.73,1.1448,10.23,10.23,0,Clear,No,23.8,75.0,2.93,0.0,10000.0,32.0,1.0227,0.9999
2026-06-25,Electronic City,Hosur Road,65152,28.8,1.0881,6.06,5.88,0,Clear,No,23.73,78.5,4.56,0.0,10000.0,30.6,0.606,0.9801
2026-06-25,Electronic City,Silk Board Junction,46223,27.2,1.0363,2.59,2.51,0,Clear,No,23.73,78.5,4.56,0.0,10000.0,27.9,0.259,1.0
2026-06-25,Hebbal,Ballari Road,49866,34.6,1.0512,3.89,3.89,0,Clear,No,23.73,78.5,4.56,0.0,10000.0,36.0,0.389,0.987
2026-06-25,Hebbal,Hebbal Flyover,76595,41.1,1.1885,12.55,12.55,0,Clear,No,23.73,78.5,4.56,0.0,10000.0,47.0,1.255,0.999
2026-06-25,Indiranagar,100 Feet Road,51555,18.8,1.1722,13.09,12.96,0,Clear,No,23.73,78.5,4.56,0.0,10000.0,21.6,1.309,0.998
2026-06-25,Indiranagar,CMH Road,46930,23.8,1.2243,14.69,14.7,0,Clear,No,23.73,78.5,4.56,0.0,10000.0,27.9,1.469,1.0
2026-06-25,Jayanagar,Jayanagar 4th Block,53419,23.5,1.3389,21.03,20.88,0,Clear,No,23.73,78.5,4.56,0.0,10000.0,29.7,2.103,0.9908
2026-06-25,Jayanagar,South End Circle,57818,27.0,1.1433,9.31,9.09,0,Clear,No,23.73,78.5,4.56,0.0,10000.0,29.7,0.931,0.9979
2026-06-25,Koramangala,Sarjapur Road,43679,34.6,1.1113,8.96,8.95,0,Clear,No,23.73,78.5,4.56,0.0,10000.0,38.0,0.896,0.9997
2026-06-25,Koramangala,Sony World Junction,52615,22.4,1.1865,13.76,13.85,0,Clear,No,23.73,78.5,4.56,0.0,10000.0,26.0,1.376,0.997
2026-06-25,M.G. Road,Anil Kumble Circle,67077,19.7,1.2493,14.55,14.72,0,Clear,No,23.73,78.5,4.56,0.0,10000.0,23.1,1.455,1.0
2026-06-25,M.G. Road,Trinity Circle,63260,30.3,1.1587,12.0,12.17,0,Clear,No,23.73,78.5,4.56,0.0,10000.0,34.5,1.2,1.0
2026-06-25,Whitefield,ITPL Main Road,53198,26.3,1.222,14.55,14.33,0,Clear,No,23.73,78.5,4.56,0.0,10000.0,30.7,1.455,0.9892
2026-06-25,Whitefield,Marathahalli Bridge,39600,26.0,1.0,0.0,0.0,0,Clear,No,23.73,78.5,4.56,0.0,10000.0,26.0,0.0,1.0
2026-06-25,Yeshwanthpur,Tumkur Road,59786,18.0,1.0733,5.66,5.76,0,Clear,No,23.73,78.5,4.56,0.0,10000.0,19.1,0.566,0.9945
2026-06-25,Yeshwanthpur,Yeshwanthpur Circle,64218,27.9,1.1731,12.78,12.81,0,Clear,No,23.73,78.5,4.56,0.0,10000.0,32.0,1.278,0.9993
2026-06-26,Electronic City,Hosur Road,54877,30.1,1.0329,2.65,2.59,0,Clear,No,24.79,74.1,2.41,0.0,10000.0,30.9,0.265,0.9861
2026-06-26,Electronic City,Silk Board Junction,50995,26.6,1.0531,4.4,4.32,0,Clear,No,24.79,74.1,2.41,0.0,10000.0,27.8,0.44,1.0
2026-06-26,Hebbal,Ballari Road,60305,32.9,1.102,7.97,7.84,0,Clear,No,24.79,74.1,2.41,0.0,10000.0,35.7,0.797,0.9666
2026-06-26,Hebbal,Hebbal Flyover,73108,42.1,1.1346,10.58,10.62,0,Clear,No,24.79,74.1,2.41,0.0,10000.0,47.1,1.058,0.9986
2026-06-26,Indiranagar,100 Feet Road,57308,17.6,1.2697,18.09,17.76,0,Clear,No,24.79,74.1,2.41,0.0,10000.0,21.4,1.809,0.9982
2026-06-26,Indiranagar,CMH Road,44672,24.4,1.1724,12.54,12.54,0,Clear,No,24.79,74.1,2.41,0.0,10000.0,27.9,1.254,1.0
2026-06-26,Jayanagar,Jayanagar 4th Block,52993,23.7,1.3701,20.6,20.47,0,Clear,No,24.79,74.1,2.41,0.0,10000.0,29.8,2.06,0.9962
2026-06-26,Jayanagar,South End Circle,48842,28.3,1.0755,5.43,5.35,0,Clear,No,24.79,74.1,2.41,0.0,10000.0,29.9,0.543,0.9987
2026-06-26,Koramangala,Sarjapur Road,41760,35.0,1.0989,7.9,7.89,0,Clear,No,24.79,74.1,2.41,0.0,10000.0,38.0,0.79,0.9995
2026-06-26,Koramangala,Sony World Junction,44159,23.0,1.0983,8.09,8.0,0,Clear,No,24.79,74.1,2.41,0.0,10000.0,25.0,0.809,0.9823
2026-06-26,M.G. Road,Anil Kumble Circle,61666,20.0,1.1817,11.56,11.11,0,Clear,No,24.79,74.1,2.41,0.0,10000.0,22.5,1.156,1.0
2026-06-26,M.G. Road,Trinity Circle,63587,30.4,1.1538,12.22,12.39,0,Clear,No,24.79,74.1,2.41,0.0,10000.0,34.7,1.222,1.0
2026-06-26,Whitefield,ITPL Main Road,50709,27.2,1.1903,12.27,12.26,0,Clear,No,24.79,74.1,2.41,0.0,10000.0,31.0,1.227,0.992
2026-06-26,Whitefield,Marathahalli Bridge,47754,25.1,1.0492,3.2,3.09,0,Clear,No,24.79,74.1,2.41,0.0,10000.0,25.9,0.32,1.0
2026-06-26,Yeshwanthpur,Tumkur Road,50778,18.5,1.0358,2.63,2.63,0,Clear,No,24.79,74.1,2.41,0.0,10000.0,19.0,0.263,0.9987
2026-06-26,Yeshwanthpur,Yeshwanthpur Circle,61981,28.2,1.149,11.39,11.32,0,Clear,No,24.79,74.1,2.41,0.0,10000.0,31.8,1.139,0.9999
2026-06-27,Electronic City,Hosur Road,66154,29.08,1.0786,6.21,6.2,0,Clear,No,25.35,73.15,2.31,0.01,10000.0,31.0,0.6208,0.9954
2026-06-27,Electronic City,Silk Board Junction,52032,26.46,1.0586,4.78,4.71,0,Clear,No,25.35,73.15,2.31,0.01,10000.0,27.77,0.4777,1.0
2026-06-27,Hebbal,Ballari Road,53732,34.0,1.0663,5.38,5.35,0,Clear,No,25.35,73.15,2.31,0.01,10000.0,35.92,0.5377,0.973
2026-06-27,Hebbal,Hebbal Flyover,82870,39.46,1.2508,16.05,16.04,0,Clear,No,25.35,73.15,2.31,0.01,10000.0,47.0,1.6046,0.9951
2026-06-27,Indiranagar,100 Feet Road,61899,16.77,1.3625,21.98,21.58,0,Clear,No,25.35,73.15,2.31,0.01,10000.0,21.38,2.1977,0.9932
2026-06-27,Indiranagar,CMH Road,43425,24.62,1.1428,11.38,11.36,0,Clear,No,25.35,73.15,2.31,0.01,10000.0,27.77,1.1385,0.9999
2026-06-27,Jayanagar,Jayanagar 4th Block,53432,23.31,1.3331,21.09,20.89,0,Clear,No,25.35,73.15,2.31,0.01,10000.0,29.46,2.1092,0.9976
2026-06-27,Jayanagar,South End Circle,60155,26.69,1.1468,10.26,10.1,0,Clear,No,25.35,73.15,2.31,0.01,10000.0,29.69,1.0262,0.9962
2026-06-27,Koramangala,Sarjapur Road,47584,33.54,1.1494,11.74,11.74,0,Clear,No,25.35,73.15,2.31,0.01,10000.0,38.0,1.1738,0.9995
2026-06-27,Koramangala,Sony World Junction,49887,22.92,1.1473,11.58,11.57,0,Clear,No,25.35,73.15,2.31,0.01,10000.0,25.92,1.1577,1.0
2026-06-27,M.G. Road,Anil Kumble Circle,68310,19.23,1.2315,15.49,15.54,0,Clear,No,25.35,73.15,2.31,0.01,10000.0,22.77,1.5492,1.0
2026-06-27,M.G. Road,Trinity Circle,63999,30.23,1.1595,12.54,12.67,0,Clear,No,25.35,73.15,2.31,0.01,10000.0,34.62,1.2538,1.0
2026-06-27,Whitefield,ITPL Main Road,54208,26.23,1.2144,15.22,15.17,0,Clear,No,25.35,73.15,2.31,0.01,10000.0,30.92,1.5215,0.9864
2026-06-27,Whitefield,Marathahalli Bridge,65451,23.38,1.1938,9.88,9.79,0,Clear,No,25.35,73.15,2.31,0.01,10000.0,25.92,0.9885,0.9992
2026-06-27,Yeshwanthpur,Tumkur Road,59392,18.08,1.066,5.49,5.62,0,Clear,No,25.35,73.15,2.31,0.01,10000.0,19.15,0.5492,0.9951
2026-06-27,Yeshwanthpur,Yeshwanthpur Circle,65652,27.46,1.1828,13.78,13.77,0,Clear,No,25.35,73.15,2.31,0.01,10000.0,31.85,1.3777,0.9991
2026-06-28,Electronic City,Hosur Road,56145,30.07,1.0382,3.0,3.0,0,Clear,No,24.67,74.57,3.13,0.03,10000.0,31.0,0.3,0.9982
2026-06-28,Electronic City,Silk Board Junction,39600,28.0,1.0,0.0,0.0,0,Clear,No,24.67,74.57,3.13,0.03,10000.0,28.0,0.0,1.0
2026-06-28,Hebbal,Ballari Road,51695,34.21,1.0621,4.65,4.58,0,Clear,No,24.67,74.57,3.13,0.03,10000.0,35.86,0.465,0.9793
2026-06-28,Hebbal,Hebbal Flyover,60734,44.07,1.0763,6.08,6.09,0,Clear,No,24.67,74.57,3.13,0.03,10000.0,46.93,0.6079,0.9943
2026-06-28,Indiranagar,100 Feet Road,54278,18.29,1.256,15.53,15.23,0,Clear,No,24.67,74.57,3.13,0.03,10000.0,21.57,1.5529,0.9974
2026-06-28,Indiranagar,CMH Road,37692,25.79,1.0969,7.51,7.44,0,Clear,No,24.67,74.57,3.13,0.03,10000.0,27.86,0.7514,1.0
2026-06-28,Jayanagar,Jayanagar 4th Block,50521,24.21,1.3015,18.36,18.12,0,Clear,No,24.67,74.57,3.13,0.03,10000.0,29.57,1.8364,0.9923
2026-06-28,Jayanagar,South End Circle,48086,28.29,1.073,5.2,5.04,0,Clear,No,24.67,74.57,3.13,0.03,10000.0,29.79,0.52,0.9985
2026-06-28,Koramangala,Sarjapur Road,36274,36.14,1.0577,4.89,4.89,0,Clear,No,24.67,74.57,3.13,0.03,10000.0,38.0,0.4893,0.9994
2026-06-28,Koramangala,Sony World Junction,44624,23.86,1.1103,8.24,8.24,0,Clear,No,24.67,74.57,3.13,0.03,10000.0,26.0,0.8236,0.9999
2026-06-28,M.G. Road,Anil Kumble Circle,63224,20.14,1.182,12.12,12.15,0,Clear,No,24.67,74.57,3.13,0.03,10000.0,22.93,1.2121,1.0
2026-06-28,M.G. Road,Trinity Circle,52894,32.07,1.0803,6.94,7.04,0,Clear,No,24.67,74.57,3.13,0.03,10000.0,34.5,0.6936,1.0
2026-06-28,Whitefield,ITPL Main Road,40744,29.07,1.0802,6.22,6.22,0,Clear,No,24.67,74.57,3.13,0.03,10000.0,31.0,0.6221,0.9948
2026-06-28,Whitefield,Marathahalli Bridge,39600,26.0,1.0,0.0,0.0,0,Clear,No,24.67,74.57,3.13,0.03,10000.0,26.0,0.0,1.0
2026-06-28,Yeshwanthpur,Tumkur Road,55065,18.29,1.0507,4.1,4.12,0,Clear,No,24.67,74.57,3.13,0.03,10000.0,19.07,0.41,0.9941
2026-06-28,Yeshwanthpur,Yeshwanthpur Circle,60100,28.71,1.133,10.09,10.07,0,Clear,No,24.67,74.57,3.13,0.03,10000.0,31.93,1.0093,1.0
2026-06-29,Electronic City,Hosur Road,66017,28.78,1.0962,6.42,6.16,0,Clear,No,23.06,79.22,3.38,0.0,10000.0,30.67,0.6422,0.9956
2026-06-29,Electronic City,Silk Board Junction,44858,27.33,1.0262,2.06,1.99,0,Clear,No,23.06,79.22,3.38,0.0,10000.0,27.89,0.2056,1.0
2026-06-29,Hebbal,Ballari Road,66437,30.11,1.1688,11.1,10.26,0,Clear,No,23.06,79.22,3.38,0.0,10000.0,33.56,1.11,0.9497
2026-06-29,Hebbal,Hebbal Flyover,59501,44.44,1.0793,5.63,5.66,0,Clear,No,23.06,79.22,3.38,0.0,10000.0,47.11,0.5633,0.9988
2026-06-29,Indiranagar,100 Feet Road,44393,20.11,1.1147,8.24,8.12,0,Clear,No,23.06,79.22,3.38,0.0,10000.0,21.89,0.8244,0.9994
2026-06-29,Indiranagar,CMH Road,41263,25.22,1.1385,9.61,9.56,0,Clear,No,23.06,79.22,3.38,0.0,10000.0,27.89,0.9611,1.0
2026-06-29,Jayanagar,Jayanagar 4th Block,43691,26.22,1.1956,11.88,11.61,0,Clear,No,23.06,79.22,3.38,0.0,10000.0,29.67,1.1878,0.9954
2026-06-29,Jayanagar,South End Circle,57735,26.78,1.136,9.42,9.06,0,Clear,No,23.06,79.22,3.38,0.0,10000.0,29.44,0.9422,0.9974
2026-06-29,Koramangala,Sarjapur Road,40654,35.33,1.0942,7.22,7.29,0,Clear,No,23.06,79.22,3.38,0.0,10000.0,38.11,0.7222,0.9997
2026-06-29,Koramangala,Sony World Junction,49220,23.33,1.1535,10.83,11.02,0,Clear,No,23.06,79.22,3.38,0.0,10000.0,26.22,1.0833,1.0
2026-06-29,M.G. Road,Anil Kumble Circle,51145,21.44,1.0934,6.39,6.31,0,Clear,No,23.06,79.22,3.38,0.0,10000.0,22.89,0.6389,1.0
2026-06-29,M.G. Road,Trinity Circle,57677,31.33,1.1144,8.89,9.03,0,Clear,No,23.06,79.22,3.38,0.0,10000.0,34.44,0.8889,1.0
2026-06-29,Whitefield,ITPL Main Road,47380,28.0,1.1389,9.68,9.68,0,Clear,No,23.06,79.22,3.38,0.0,10000.0,31.0,0.9678,0.9929
2026-06-29,Whitefield,Marathahalli Bridge,39600,26.0,1.0,0.0,0.0,0,Clear,No,23.06,79.22,3.38,0.0,10000.0,26.0,0.0,1.0
2026-06-29,Yeshwanthpur,Tumkur Road,59847,18.11,1.0673,5.61,5.78,0,Clear,No,23.06,79.22,3.38,0.0,10000.0,19.22,0.5611,0.98
2026-06-29,Yeshwanthpur,Yeshwanthpur Circle,61202,28.44,1.1659,10.84,10.8,0,Clear,No,23.06,79.22,3.38,0.0,10000.0,31.89,1.0844,0.9996
2026-06-30,Electronic City,Hosur Road,55949,30.09,1.0435,2.94,2.93,0,Clear,No,23.96,75.64,1.43,0.0,10000.0,31.0,0.2936,0.9997
2026-06-30,Electronic City,Silk Board Junction,56911,25.91,1.0867,6.67,6.56,0,Clear,No,23.96,75.64,1.43,0.0,10000.0,27.73,0.6673,1.0
2026-06-30,Hebbal,Ballari Road,49076,34.18,1.0436,3.54,3.59,0,Clear,No,23.96,75.64,1.43,0.0,10000.0,35.45,0.3536,0.9684
2026-06-30,Hebbal,Hebbal Flyover,61547,44.09,1.097,6.32,6.37,0,Clear,No,23.96,75.64,1.43,0.0,10000.0,47.09,0.6318,0.9998
2026-06-30,Indiranagar,100 Feet Road,49613,19.18,1.1594,11.55,11.34,0,Clear,No,23.96,75.64,1.43,0.0,10000.0,21.64,1.1545,0.9981
2026-06-30,Indiranagar,CMH Road,44454,24.55,1.2216,12.34,12.34,0,Clear,No,23.96,75.64,1.43,0.0,10000.0,28.0,1.2336,1.0
2026-06-30,Jayanagar,Jayanagar 4th Block,52050,23.91,1.3362,19.77,19.57,0,Clear,No,23.96,75.64,1.43,0.0,10000.0,29.73,1.9773,0.9889
2026-06-30,Jayanagar,South End Circle,49090,28.36,1.0782,5.45,5.45,0,Clear,No,23.96,75.64,1.43,0.0,10000.0,30.0,0.5455,0.9982
2026-06-30,Koramangala,Sarjapur Road,40014,35.36,1.0864,6.95,6.94,0,Clear,No,23.96,75.64,1.43,0.0,10000.0,38.0,0.6945,0.9998
2026-06-30,Koramangala,Sony World Junction,49379,23.18,1.1486,11.09,11.15,0,Clear,No,23.96,75.64,1.43,0.0,10000.0,26.09,1.1091,1.0
2026-06-30,M.G. Road,Anil Kumble Circle,67799,19.27,1.2453,15.37,15.2,0,Clear,No,23.96,75.64,1.43,0.0,10000.0,22.73,1.5373,1.0
2026-06-30,M.G. Road,Trinity Circle,61226,30.73,1.1395,10.65,10.82,0,Clear,No,23.96,75.64,1.43,0.0,10000.0,34.45,1.0645,1.0
2026-06-30,Whitefield,ITPL Main Road,51131,27.09,1.204,12.61,12.61,0,Clear,No,23.96,75.64,1.43,0.0,10000.0,31.0,1.2609,0.9937
2026-06-30,Whitefield,Marathahalli Bridge,60980,23.73,1.1259,8.24,8.1,0,Clear,No,23.96,75.64,1.43,0.0,10000.0,25.82,0.8236,0.9973
2026-06-30,Yeshwanthpur,Tumkur Road,45955,18.82,1.0106,0.95,0.96,0,Clear,No,23.96,75.64,1.43,0.0,10000.0,19.0,0.0955,0.9998
2026-06-30,Yeshwanthpur,Yeshwanthpur Circle,60811,28.55,1.1505,10.57,10.54,0,Clear,No,23.96,75.64,1.43,0.0,10000.0,31.91,1.0573,1.0
2026-07-01,Electronic City,Hosur Road,65948,28.89,1.0903,6.3,6.14,0,Clear,No,23.73,75.11,1.09,0.0,10000.0,30.78,0.63,0.9978
2026-07-01,Electronic City,Silk Board Junction,57624,25.78,1.0924,6.99,6.83,0,Clear,No,23.73,75.11,1.09,0.0,10000.0,27.67,0.6989,1.0
2026-07-01,Hebbal,Ballari Road,65552,29.56,1.1453,10.44,9.83,0,Clear,No,23.73,75.11,1.09,0.0,10000.0,32.78,1.0444,0.9388
2026-07-01,Hebbal,Hebbal Flyover,69072,42.78,1.1526,8.99,8.98,0,Clear,No,23.73,75.11,1.09,0.0,10000.0,47.0,0.8989,0.9983
2026-07-01,Indiranagar,100 Feet Road,49469,19.33,1.1602,11.37,11.22,0,Clear,No,23.73,75.11,1.09,0.0,10000.0,21.78,1.1367,0.9986
2026-07-01,Indiranagar,CMH Road,49488,23.11,1.2716,17.22,17.13,0,Clear,No,23.73,75.11,1.09,0.0,10000.0,27.89,1.7222,1.0
2026-07-01,Jayanagar,Jayanagar 4th Block,54877,22.89,1.4003,22.6,22.26,0,Clear,No,23.73,75.11,1.09,0.0,10000.0,29.44,2.26,0.9919
2026-07-01,Jayanagar,South End Circle,56674,27.11,1.1267,8.86,8.61,0,Clear,No,23.73,75.11,1.09,0.0,10000.0,29.67,0.8856,0.9966
2026-07-01,Koramangala,Sarjapur Road,44426,34.44,1.116,9.37,9.36,0,Clear,No,23.73,75.11,1.09,0.0,10000.0,38.0,0.9367,0.9874
2026-07-01,Koramangala,Sony World Junction,51254,22.89,1.1691,12.6,12.71,0,Clear,No,23.73,75.11,1.09,0.0,10000.0,26.22,1.26,1.0
2026-07-01,M.G. Road,Anil Kumble Circle,59076,20.89,1.1628,9.43,9.62,0,Clear,No,23.73,75.11,1.09,0.0,10000.0,23.11,0.9433,1.0
2026-07-01,M.G. Road,Trinity Circle,68151,29.22,1.2192,15.24,15.43,0,Clear,No,23.73,75.11,1.09,0.0,10000.0,34.56,1.5244,1.0
2026-07-01,Whitefield,ITPL Main Road,54561,26.11,1.23,15.47,15.47,0,Clear,No,23.73,75.11,1.09,0.0,10000.0,30.89,1.5467,0.9879
2026-07-01,Whitefield,Marathahalli Bridge,45265,25.33,1.0292,2.22,2.15,0,Clear,No,23.73,75.11,1.09,0.0,10000.0,25.89,0.2222,1.0
2026-07-01,Yeshwanthpur,Tumkur Road,53246,18.44,1.0455,3.33,3.49,0,Clear,No,23.73,75.11,1.09,0.0,10000.0,19.11,0.3333,0.9999
2026-07-01,Yeshwanthpur,Yeshwanthpur Circle,64791,27.78,1.1913,13.19,13.19,0,Clear,No,23.73,75.11,1.09,0.0,10000.0,32.0,1.3189,0.9995
2026-07-02,Electronic City,Hosur Road,66127,28.91,1.0839,6.31,6.19,0,Clear,No,23.56,78.0,1.95,0.0,10000.0,30.82,0.6309,0.9951
2026-07-02,Electronic City,Silk Board Junction,43039,27.55,1.0162,1.35,1.3,0,Clear,No,23.56,78.0,1.95,0.0,10000.0,27.91,0.1345,1.0
2026-07-02,Hebbal,Ballari Road,56610,33.0,1.0742,6.39,6.44,0,Clear,No,23.56,78.0,1.95,0.0,10000.0,35.27,0.6391,0.9388
2026-07-02,Hebbal,Hebbal Flyover,80808,40.0,1.233,14.84,14.89,0,Clear,No,23.56,78.0,1.95,0.0,10000.0,47.0,1.4836,0.9975
2026-07-02,Indiranagar,100 Feet Road,54151,18.36,1.2274,15.32,15.13,0,Clear,No,23.56,78.0,1.95,0.0,10000.0,21.64,1.5318,0.9975
2026-07-02,Indiranagar,CMH Road,45522,24.18,1.1843,13.35,13.36,0,Clear,No,23.56,78.0,1.95,0.0,10000.0,27.91,1.3355,0.9997
2026-07-02,Jayanagar,Jayanagar 4th Block,52050,23.91,1.3575,19.79,19.57,0,Clear,No,23.56,78.0,1.95,0.0,10000.0,29.73,1.9791,0.9954
2026-07-02,Jayanagar,South End Circle,55636,27.55,1.1212,8.18,8.18,0,Clear,No,23.56,78.0,1.95,0.0,10000.0,30.0,0.8182,0.9973
2026-07-02,Koramangala,Sarjapur Road,40887,35.18,1.0905,7.42,7.42,0,Clear,No,23.56,78.0,1.95,0.0,10000.0,38.0,0.7418,0.9998
2026-07-02,Koramangala,Sony World Junction,51052,22.82,1.1638,12.48,12.54,0,Clear,No,23.56,78.0,1.95,0.0,10000.0,26.09,1.2482,1.0
2026-07-02,M.G. Road,Anil Kumble Circle,65238,19.82,1.2135,13.56,13.49,0,Clear,No,23.56,78.0,1.95,0.0,10000.0,22.91,1.3564,1.0
2026-07-02,M.G. Road,Trinity Circle,62018,30.55,1.1498,11.17,11.35,0,Clear,No,23.56,78.0,1.95,0.0,10000.0,34.45,1.1173,1.0
2026-07-02,Whitefield,ITPL Main Road,52283,26.64,1.2079,13.7,13.57,0,Clear,No,23.56,78.0,1.95,0.0,10000.0,30.82,1.37,0.9915
2026-07-02,Whitefield,Marathahalli Bridge,39600,26.0,1.0,0.0,0.0,0,Clear,No,23.56,78.0,1.95,0.0,10000.0,26.0,0.0,1.0
2026-07-02,Yeshwanthpur,Tumkur Road,60944,18.0,1.0771,6.03,6.16,0,Clear,No,23.56,78.0,1.95,0.0,10000.0,19.18,0.6027,0.9992
2026-07-02,Yeshwanthpur,Yeshwanthpur Circle,63051,27.91,1.1681,12.15,12.03,0,Clear,No,23.56,78.0,1.95,0.0,10000.0,31.73,1.2145,1.0
2026-07-03,Electronic City,Hosur Road,75704,27.75,1.1287,9.45,9.26,0,Clear,No,23.24,78.75,0.93,0.0,10000.0,30.58,0.945,0.9936
2026-07-03,Electronic City,Silk Board Junction,53037,26.42,1.0677,5.19,5.09,0,Clear,No,23.24,78.75,0.93,0.0,10000.0,27.83,0.5192,1.0
2026-07-03,Hebbal,Ballari Road,66423,32.08,1.1522,10.4,10.26,0,Clear,No,23.24,78.75,0.93,0.0,10000.0,35.75,1.04,0.9715
2026-07-03,Hebbal,Hebbal Flyover,79531,40.33,1.199,14.17,14.18,0,Clear,No,23.24,78.75,0.93,0.0,10000.0,47.0,1.4167,0.9983
2026-07-03,Indiranagar,100 Feet Road,53076,18.58,1.201,14.45,14.23,0,Clear,No,23.24,78.75,0.93,0.0,10000.0,21.67,1.445,0.9983
2026-07-03,Indiranagar,CMH Road,46004,23.92,1.1891,13.82,13.81,0,Clear,No,23.24,78.75,0.93,0.0,10000.0,27.75,1.3817,1.0
2026-07-03,Jayanagar,Jayanagar 4th Block,54866,23.0,1.3854,22.52,22.25,0,Clear,No,23.24,78.75,0.93,0.0,10000.0,29.58,2.2517,0.9952
2026-07-03,Jayanagar,South End Circle,48033,28.42,1.0743,5.07,5.01,0,Clear,No,23.24,78.75,0.93,0.0,10000.0,29.92,0.5075,0.9989
2026-07-03,Koramangala,Sarjapur Road,42593,34.75,1.1015,8.38,8.35,0,Clear,No,23.24,78.75,0.93,0.0,10000.0,37.92,0.8375,0.9993
2026-07-03,Koramangala,Sony World Junction,49118,23.08,1.1541,10.98,10.93,0,Clear,No,23.24,78.75,0.93,0.0,10000.0,25.92,1.0983,1.0
2026-07-03,M.G. Road,Anil Kumble Circle,60272,20.58,1.1317,10.17,10.18,0,Clear,No,23.24,78.75,0.93,0.0,10000.0,22.92,1.0175,1.0
2026-07-03,M.G. Road,Trinity Circle,63115,30.33,1.1571,11.9,12.08,0,Clear,No,23.24,78.75,0.93,0.0,10000.0,34.5,1.19,1.0
2026-07-03,Whitefield,ITPL Main Road,53142,26.5,1.2186,14.33,14.29,0,Clear,No,23.24,78.75,0.93,0.0,10000.0,30.92,1.4333,0.9907
2026-07-03,Whitefield,Marathahalli Bridge,39600,26.0,1.0,0.0,0.0,0,Clear,No,23.24,78.75,0.93,0.0,10000.0,26.0,0.0,1.0
2026-07-03,Yeshwanthpur,Tumkur Road,66991,17.58,1.113,8.07,8.26,0,Clear,No,23.24,78.75,0.93,0.0,10000.0,19.17,0.8067,0.9981
2026-07-03,Yeshwanthpur,Yeshwanthpur Circle,62968,28.17,1.1601,11.98,11.98,0,Clear,No,23.24,78.75,0.93,0.0,10000.0,32.0,1.1975,0.9997
2026-07-04,Electronic City,Hosur Road,67103,28.73,1.0941,6.69,6.51,0,Clear,No,23.2,78.47,1.72,0.03,9504.27,30.73,0.6687,0.9967
2026-07-04,Electronic City,Silk Board Junction,52894,26.4,1.0654,5.13,5.04,0,Clear,No,23.2,78.47,1.72,0.03,9504.27,27.8,0.5127,1.0
2026-07-04,Hebbal,Ballari Road,65607,32.33,1.1384,9.9,9.85,0,Clear,No,23.2,78.47,1.72,0.03,9504.27,35.87,0.99,0.9697
2026-07-04,Hebbal,Hebbal Flyover,79895,40.47,1.2115,14.27,14.39,0,Clear,No,23.2,78.47,1.72,0.03,9504.27,47.27,1.4267,0.9986
2026-07-04,Indiranagar,100 Feet Road,59925,17.13,1.3629,20.55,19.94,0,Clear,No,23.2,78.47,1.72,0.03,9504.27,21.4,2.0547,0.9979
2026-07-04,Indiranagar,CMH Road,43000,24.93,1.1406,10.91,10.95,0,Clear,No,23.2,78.47,1.72,0.03,9504.27,28.0,1.0907,1.0
2026-07-04,Jayanagar,Jayanagar 4th Block,54202,23.2,1.3634,21.75,21.62,0,Clear,No,23.2,78.47,1.72,0.03,9504.27,29.6,2.1753,0.9985
2026-07-04,Jayanagar,South End Circle,57476,27.13,1.1298,9.08,8.95,0,Clear,No,23.2,78.47,1.72,0.03,9504.27,29.8,0.908,0.9971
2026-07-04,Koramangala,Sarjapur Road,47752,33.6,1.1546,11.85,11.89,0,Clear,No,23.2,78.47,1.72,0.03,9504.27,38.13,1.1853,0.9995
2026-07-04,Koramangala,Sony World Junction,49503,23.13,1.1481,11.23,11.25,0,Clear,No,23.2,78.47,1.72,0.03,9504.27,26.07,1.1227,1.0
2026-07-04,M.G. Road,Anil Kumble Circle,72192,18.67,1.3002,18.29,18.13,0,Clear,No,23.2,78.47,1.72,0.03,9504.27,22.8,1.8287,1.0
2026-07-04,M.G. Road,Trinity Circle,61247,30.73,1.138,10.68,10.83,0,Clear,No,23.2,78.47,1.72,0.03,9504.27,34.47,1.068,1.0
2026-07-04,Whitefield,ITPL Main Road,50254,27.2,1.1751,11.93,11.88,0,Clear,No,23.2,78.47,1.72,0.03,9504.27,30.87,1.1933,0.9914
2026-07-04,Whitefield,Marathahalli Bridge,64646,23.53,1.1969,9.37,9.49,0,Clear,No,23.2,78.47,1.72,0.03,9504.27,26.0,0.9367,1.0
2026-07-04,Yeshwanthpur,Tumkur Road,70911,17.53,1.1199,9.42,9.62,0,Clear,No,23.2,78.47,1.72,0.03,9504.27,19.4,0.942,0.9759
2026-07-04,Yeshwanthpur,Yeshwanthpur Circle,64687,27.8,1.1841,13.11,13.12,0,Clear,No,23.2,78.47,1.72,0.03,9504.27,32.0,1.3113,1.0
2026-07-05,Electronic City,Hosur Road,52551,30.43,1.0248,1.84,1.84,0,Clear,No,23.5,73.79,1.71,0.0,10000.0,31.0,0.1843,0.9984
2026-07-05,Electronic City,Silk Board Junction,45661,27.36,1.0274,2.3,2.3,0,Clear,No,23.5,73.79,1.71,0.0,10000.0,28.0,0.23,1.0
2026-07-05,Hebbal,Ballari Road,59136,33.07,1.1091,7.55,7.4,0,Clear,No,23.5,73.79,1.71,0.0,10000.0,35.71,0.755,0.9751
2026-07-05,Hebbal,Hebbal Flyover,58495,44.57,1.071,5.26,5.31,0,Clear,No,23.5,73.79,1.71,0.0,10000.0,47.07,0.5264,0.9995
2026-07-05,Indiranagar,100 Feet Road,51946,18.64,1.1983,13.61,13.29,0,Clear,No,23.5,73.79,1.71,0.0,10000.0,21.5,1.3607,0.9979
2026-07-05,Indiranagar,CMH Road,38519,25.71,1.1037,7.96,7.93,0,Clear,No,23.5,73.79,1.71,0.0,10000.0,27.93,0.7964,1.0
2026-07-05,Jayanagar,Jayanagar 4th Block,49550,24.43,1.2614,17.44,17.19,0,Clear,No,23.5,73.79,1.71,0.0,10000.0,29.5,1.7436,0.9916
2026-07-05,Jayanagar,South End Circle,53391,27.43,1.1059,7.51,7.25,0,Clear,No,23.5,73.79,1.71,0.0,10000.0,29.57,0.7514,0.998
2026-07-05,Koramangala,Sarjapur Road,39017,35.57,1.0752,6.4,6.39,0,Clear,No,23.5,73.79,1.71,0.0,10000.0,38.0,0.64,0.9998
2026-07-05,Koramangala,Sony World Junction,38821,24.64,1.0627,5.22,5.22,0,Clear,No,23.5,73.79,1.71,0.0,10000.0,26.0,0.5221,1.0
2026-07-05,M.G. Road,Anil Kumble Circle,53304,21.14,1.1208,7.46,7.21,0,Clear,No,23.5,73.79,1.71,0.0,10000.0,22.79,0.7464,1.0
2026-07-05,M.G. Road,Trinity Circle,54385,31.86,1.0899,7.51,7.66,0,Clear,No,23.5,73.79,1.71,0.0,10000.0,34.5,0.7514,1.0
2026-07-05,Whitefield,ITPL Main Road,36781,29.64,1.0537,4.19,4.16,0,Clear,No,23.5,73.79,1.71,0.0,10000.0,30.93,0.4193,0.9963
2026-07-05,Whitefield,Marathahalli Bridge,44690,25.43,1.029,2.0,1.93,0,Clear,No,23.5,73.79,1.71,0.0,10000.0,25.93,0.2,1.0
2026-07-05,Yeshwanthpur,Tumkur Road,55109,18.21,1.0523,4.14,4.14,0,Clear,No,23.5,73.79,1.71,0.0,10000.0,19.0,0.4136,0.9933
2026-07-05,Yeshwanthpur,Yeshwanthpur Circle,57033,29.0,1.113,8.84,8.76,0,Clear,No,23.5,73.79,1.71,0.0,10000.0,31.79,0.8843,0.9998
2026-07-06,Electronic City,Hosur Road,55916,29.9,1.0359,2.99,2.92,0,Clear,No,22.58,78.9,1.7,0.0,10000.0,30.8,0.299,0.9964
2026-07-06,Electronic City,Silk Board Junction,48146,26.9,1.0567,3.46,3.24,0,Clear,No,22.58,78.9,1.7,0.0,10000.0,27.8,0.346,1.0
2026-07-06,Hebbal,Ballari Road,46994,34.7,1.0354,2.9,2.8,0,Clear,No,22.58,78.9,1.7,0.0,10000.0,35.7,0.29,0.9894
2026-07-06,Hebbal,Hebbal Flyover,63945,43.8,1.113,7.09,7.2,0,Clear,No,22.58,78.9,1.7,0.0,10000.0,47.2,0.709,0.9996
2026-07-06,Indiranagar,100 Feet Road,41187,20.3,1.0885,6.66,6.45,0,Clear,No,22.58,78.9,1.7,0.0,10000.0,21.7,0.666,0.999
2026-07-06,Indiranagar,CMH Road,38447,25.7,1.1104,7.96,7.89,0,Clear,No,22.58,78.9,1.7,0.0,10000.0,27.9,0.796,1.0
2026-07-06,Jayanagar,Jayanagar 4th Block,46043,25.5,1.2353,14.14,13.85,0,Clear,No,22.58,78.9,1.7,0.0,10000.0,29.6,1.414,0.9971
2026-07-06,Jayanagar,South End Circle,51250,28.0,1.096,6.43,6.35,0,Clear,No,22.58,78.9,1.7,0.0,10000.0,29.9,0.643,0.9984
2026-07-06,Koramangala,Sarjapur Road,36960,36.0,1.0648,5.27,5.26,0,Clear,No,22.58,78.9,1.7,0.0,10000.0,38.0,0.527,0.9995
2026-07-06,Koramangala,Sony World Junction,42830,24.1,1.1012,7.31,7.31,0,Clear,No,22.58,78.9,1.7,0.0,10000.0,26.0,0.731,1.0
2026-07-06,M.G. Road,Anil Kumble Circle,49866,21.2,1.0808,6.07,5.78,0,Clear,No,22.58,78.9,1.7,0.0,10000.0,22.5,0.607,1.0
2026-07-06,M.G. Road,Trinity Circle,55534,31.6,1.1047,7.92,8.14,0,Clear,No,22.58,78.9,1.7,0.0,10000.0,34.4,0.792,1.0
2026-07-06,Whitefield,ITPL Main Road,43664,28.6,1.1047,7.74,7.74,0,Clear,No,22.58,78.9,1.7,0.0,10000.0,31.0,0.774,0.9933
2026-07-06,Whitefield,Marathahalli Bridge,67337,23.1,1.2965,10.92,10.81,0,Clear,No,22.58,78.9,1.7,0.0,10000.0,25.9,1.092,0.998
2026-07-06,Yeshwanthpur,Tumkur Road,59699,18.1,1.0698,5.63,5.73,0,Clear,No,22.58,78.9,1.7,0.0,10000.0,19.2,0.563,0.9979
2026-07-06,Yeshwanthpur,Yeshwanthpur Circle,53999,29.6,1.1005,7.5,7.5,0,Clear,No,22.58,78.9,1.7,0.0,10000.0,32.0,0.75,1.0
2026-07-07,Electronic City,Hosur Road,56894,29.91,1.0543,3.34,3.24,0,Clear,No,23.49,78.18,1.06,0.0,10000.0,30.91,0.3336,0.9991
2026-07-07,Electronic City,Silk Board Junction,47314,27.18,1.0431,2.92,2.92,0,Clear,No,23.49,78.18,1.06,0.0,10000.0,28.0,0.2918,1.0
2026-07-07,Hebbal,Ballari Road,52298,34.18,1.069,4.87,4.81,0,Clear,No,23.49,78.18,1.06,0.0,10000.0,35.91,0.4873,0.9903
2026-07-07,Hebbal,Hebbal Flyover,75544,41.45,1.1856,11.92,11.97,0,Clear,No,23.49,78.18,1.06,0.0,10000.0,47.09,1.1918,0.9994
2026-07-07,Indiranagar,100 Feet Road,49999,19.27,1.1674,11.73,11.67,0,Clear,No,23.49,78.18,1.06,0.0,10000.0,21.82,1.1727,0.9989
2026-07-07,Indiranagar,CMH Road,46111,24.18,1.2074,13.82,13.92,0,Clear,No,23.49,78.18,1.06,0.0,10000.0,28.09,1.3818,1.0
2026-07-07,Jayanagar,Jayanagar 4th Block,49160,24.73,1.2919,16.96,16.82,0,Clear,No,23.49,78.18,1.06,0.0,10000.0,29.73,1.6964,0.9947
2026-07-07,Jayanagar,South End Circle,46942,28.55,1.0626,4.62,4.56,0,Clear,No,23.49,78.18,1.06,0.0,10000.0,29.91,0.4618,0.9982
2026-07-07,Koramangala,Sarjapur Road,37396,35.91,1.0692,5.5,5.5,0,Clear,No,23.49,78.18,1.06,0.0,10000.0,38.0,0.55,0.9997
2026-07-07,Koramangala,Sony World Junction,46862,23.64,1.1231,9.33,9.41,0,Clear,No,23.49,78.18,1.06,0.0,10000.0,26.09,0.9327,1.0
2026-07-07,M.G. Road,Anil Kumble Circle,63452,20.09,1.2238,12.18,12.3,0,Clear,No,23.49,78.18,1.06,0.0,10000.0,22.91,1.2182,1.0
2026-07-07,M.G. Road,Trinity Circle,63205,30.27,1.1661,11.95,12.14,0,Clear,No,23.49,78.18,1.06,0.0,10000.0,34.45,1.1945,0.9999
2026-07-07,Whitefield,ITPL Main Road,50470,27.18,1.1881,12.13,12.06,0,Clear,No,23.49,78.18,1.06,0.0,10000.0,30.91,1.2127,0.9936
2026-07-07,Whitefield,Marathahalli Bridge,46084,25.27,1.0368,2.55,2.46,0,Clear,No,23.49,78.18,1.06,0.0,10000.0,25.91,0.2545,0.9991
2026-07-07,Yeshwanthpur,Tumkur Road,47314,18.82,1.0152,1.36,1.43,0,Clear,No,23.49,78.18,1.06,0.0,10000.0,19.09,0.1364,0.9998
2026-07-07,Yeshwanthpur,Yeshwanthpur Circle,59863,28.82,1.138,9.94,9.94,0,Clear,No,23.49,78.18,1.06,0.0,10000.0,32.0,0.9936,0.9998
2026-07-08,Electronic City,Hosur Road,78745,27.33,1.1577,10.65,10.38,0,Clear,No,23.81,78.73,1.02,0.0,10000.0,30.5,1.065,0.9875
2026-07-08,Electronic City,Silk Board Junction,54663,26.17,1.079,5.86,5.71,0,Clear,No,23.81,78.73,1.02,0.0,10000.0,27.75,0.5858,1.0
2026-07-08,Hebbal,Ballari Road,61702,32.83,1.1028,8.43,8.37,0,Clear,No,23.81,78.73,1.02,0.0,10000.0,35.83,0.8433,0.9709
2026-07-08,Hebbal,Hebbal Flyover,75982,41.33,1.1881,12.15,12.21,0,Clear,No,23.81,78.73,1.02,0.0,10000.0,47.08,1.215,0.9994
2026-07-08,Indiranagar,100 Feet Road,52091,18.83,1.1946,13.6,13.41,0,Clear,No,23.81,78.73,1.02,0.0,10000.0,21.75,1.36,0.9985
2026-07-08,Indiranagar,CMH Road,48425,23.42,1.2471,16.1,16.12,0,Clear,No,23.81,78.73,1.02,0.0,10000.0,27.92,1.61,1.0
2026-07-08,Jayanagar,Jayanagar 4th Block,51316,24.0,1.3003,19.07,18.87,0,Clear,No,23.81,78.73,1.02,0.0,10000.0,29.58,1.9067,0.9917
2026-07-08,Jayanagar,South End Circle,61056,26.42,1.1527,10.92,10.7,0,Clear,No,23.81,78.73,1.02,0.0,10000.0,29.58,1.0917,0.997
2026-07-08,Koramangala,Sarjapur Road,47200,33.67,1.1426,11.41,11.4,0,Clear,No,23.81,78.73,1.02,0.0,10000.0,38.0,1.1408,0.9993
2026-07-08,Koramangala,Sony World Junction,53749,22.08,1.2103,14.8,14.79,0,Clear,No,23.81,78.73,1.02,0.0,10000.0,25.92,1.48,1.0
2026-07-08,M.G. Road,Anil Kumble Circle,62712,19.92,1.1911,11.98,11.81,0,Clear,No,23.81,78.73,1.02,0.0,10000.0,22.58,1.1975,1.0
2026-07-08,M.G. Road,Trinity Circle,68493,29.17,1.2177,15.48,15.66,0,Clear,No,23.81,78.73,1.02,0.0,10000.0,34.58,1.5475,1.0
2026-07-08,Whitefield,ITPL Main Road,56053,25.75,1.274,16.75,16.71,0,Clear,No,23.81,78.73,1.02,0.0,10000.0,30.92,1.675,0.991
2026-07-08,Whitefield,Marathahalli Bridge,49753,25.0,1.0723,3.85,3.85,0,Clear,No,23.81,78.73,1.02,0.0,10000.0,26.0,0.385,0.9992
2026-07-08,Yeshwanthpur,Tumkur Road,65837,17.58,1.1127,7.81,7.86,0,Clear,No,23.81,78.73,1.02,0.0,10000.0,19.08,0.7808,0.9973
2026-07-08,Yeshwanthpur,Yeshwanthpur Circle,66093,27.5,1.1998,14.0,14.06,0,Clear,No,23.81,78.73,1.02,0.0,10000.0,32.0,1.4,0.9982
2026-07-09,Electronic City,Hosur Road,72569,28.27,1.124,8.38,8.26,0,Clear,No,24.2,78.73,3.05,0.02,10000.0,30.82,0.8382,0.9951
2026-07-09,Electronic City,Silk Board Junction,54363,26.09,1.0744,5.72,5.59,0,Clear,No,24.2,78.73,3.05,0.02,10000.0,27.64,0.5718,1.0
2026-07-09,Hebbal,Ballari Road,63721,32.55,1.1231,9.2,9.14,0,Clear,No,24.2,78.73,3.05,0.02,10000.0,35.82,0.92,0.9531
2026-07-09,Hebbal,Hebbal Flyover,70443,42.64,1.1381,9.45,9.46,0,Clear,No,24.2,78.73,3.05,0.02,10000.0,47.09,0.9445,0.9991
2026-07-09,Indiranagar,100 Feet Road,47920,19.73,1.1325,10.01,9.96,0,Clear,No,24.2,78.73,3.05,0.02,10000.0,21.91,1.0009,0.9986
2026-07-09,Indiranagar,CMH Road,43470,24.73,1.1587,11.42,11.4,0,Clear,No,24.2,78.73,3.05,0.02,10000.0,27.91,1.1418,1.0
2026-07-09,Jayanagar,Jayanagar 4th Block,48892,24.73,1.2745,16.82,16.56,0,Clear,No,24.2,78.73,3.05,0.02,10000.0,29.64,1.6818,0.9949
2026-07-09,Jayanagar,South End Circle,50634,28.0,1.0826,6.21,6.1,0,Clear,No,24.2,78.73,3.05,0.02,10000.0,29.82,0.6209,0.9978
2026-07-09,Koramangala,Sarjapur Road,42632,34.82,1.1008,8.38,8.37,0,Clear,No,24.2,78.73,3.05,0.02,10000.0,38.0,0.8382,0.9989
2026-07-09,Koramangala,Sony World Junction,50736,22.73,1.1647,12.29,12.28,0,Clear,No,24.2,78.73,3.05,0.02,10000.0,25.91,1.2291,1.0
2026-07-09,M.G. Road,Anil Kumble Circle,51238,21.45,1.0868,6.41,6.35,0,Clear,No,24.2,78.73,3.05,0.02,10000.0,22.91,0.6409,1.0
2026-07-09,M.G. Road,Trinity Circle,61973,30.64,1.1507,11.07,11.32,0,Clear,No,24.2,78.73,3.05,0.02,10000.0,34.55,1.1073,1.0
2026-07-09,Whitefield,ITPL Main Road,52187,26.82,1.2082,13.48,13.49,0,Clear,No,24.2,78.73,3.05,0.02,10000.0,31.0,1.3482,0.9919
2026-07-09,Whitefield,Marathahalli Bridge,45138,25.45,1.028,2.1,2.1,0,Clear,No,24.2,78.73,3.05,0.02,10000.0,26.0,0.21,1.0
2026-07-09,Yeshwanthpur,Tumkur Road,65038,17.73,1.1014,7.35,7.58,0,Clear,No,24.2,78.73,3.05,0.02,10000.0,19.18,0.7345,0.9978
2026-07-09,Yeshwanthpur,Yeshwanthpur Circle,62672,27.91,1.1586,11.7,11.78,0,Clear,No,24.2,78.73,3.05,0.02,10000.0,31.64,1.17,0.9936
2026-07-10,Electronic City,Hosur Road,50825,30.6,1.0149,1.29,1.29,0,Clear,No,24.32,78.8,1.37,0.0,10000.0,31.0,0.129,0.9991
2026-07-10,Electronic City,Silk Board Junction,57773,25.7,1.0934,7.06,6.88,0,Clear,No,24.32,78.8,1.37,0.0,10000.0,27.6,0.706,1.0
2026-07-10,Hebbal,Ballari Road,67063,31.9,1.1476,10.68,10.64,0,Clear,No,24.32,78.8,1.37,0.0,10000.0,35.7,1.068,0.963
2026-07-10,Hebbal,Hebbal Flyover,75355,41.6,1.1799,11.81,11.86,0,Clear,No,24.32,78.8,1.37,0.0,10000.0,47.2,1.181,0.9996
2026-07-10,Indiranagar,100 Feet Road,54801,18.3,1.2486,15.95,15.67,0,Clear,No,24.32,78.8,1.37,0.0,10000.0,21.7,1.595,0.9988
2026-07-10,Indiranagar,CMH Road,49125,23.3,1.245,16.67,16.79,0,Clear,No,24.32,78.8,1.37,0.0,10000.0,28.0,1.667,1.0
2026-07-10,Jayanagar,Jayanagar 4th Block,53623,23.6,1.3727,21.11,21.07,0,Clear,No,24.32,78.8,1.37,0.0,10000.0,29.9,2.111,0.9953
2026-07-10,Jayanagar,South End Circle,60709,26.5,1.1514,10.71,10.47,0,Clear,No,24.32,78.8,1.37,0.0,10000.0,29.6,1.071,0.9973
2026-07-10,Koramangala,Sarjapur Road,41760,35.0,1.0987,7.91,7.89,0,Clear,No,24.32,78.8,1.37,0.0,10000.0,38.0,0.791,0.9995
2026-07-10,Koramangala,Sony World Junction,50769,22.8,1.1692,12.31,12.31,0,Clear,No,24.32,78.8,1.37,0.0,10000.0,26.0,1.231,1.0
2026-07-10,M.G. Road,Anil Kumble Circle,65305,19.8,1.1905,13.63,13.54,0,Clear,No,24.32,78.8,1.37,0.0,10000.0,22.9,1.363,1.0
2026-07-10,M.G. Road,Trinity Circle,64942,30.0,1.1696,13.15,13.29,0,Clear,No,24.32,78.8,1.37,0.0,10000.0,34.6,1.315,1.0
2026-07-10,Whitefield,ITPL Main Road,51145,27.0,1.1952,12.64,12.62,0,Clear,No,24.32,78.8,1.37,0.0,10000.0,30.9,1.264,0.9927
2026-07-10,Whitefield,Marathahalli Bridge,51784,24.8,1.0615,4.61,4.62,0,Clear,No,24.32,78.8,1.37,0.0,10000.0,26.0,0.461,1.0
2026-07-10,Yeshwanthpur,Tumkur Road,68567,17.6,1.1221,8.53,8.81,0,Clear,No,24.32,78.8,1.37,0.0,10000.0,19.3,0.853,0.9973
2026-07-10,Yeshwanthpur,Yeshwanthpur Circle,65689,27.5,1.1939,13.81,13.79,0,Clear,No,24.32,78.8,1.37,0.0,10000.0,31.9,1.381,0.9994
2026-07-11,Electronic City,Hosur Road,78000,27.53,1.1336,10.16,10.0,0,Clear,No,25.28,72.76,1.46,0.0,10000.0,30.59,1.0165,0.9913
2026-07-11,Electronic City,Silk Board Junction,51345,26.53,1.0555,4.55,4.45,0,Clear,No,25.28,72.76,1.46,0.0,10000.0,27.76,0.4547,1.0
2026-07-11,Hebbal,Ballari Road,69136,31.35,1.1676,12.01,11.9,0,Clear,No,25.28,72.76,1.46,0.0,10000.0,35.59,1.2012,0.9533
2026-07-11,Hebbal,Hebbal Flyover,81934,39.71,1.2481,15.52,15.52,0,Clear,No,25.28,72.76,1.46,0.0,10000.0,47.0,1.5524,0.9991
2026-07-11,Indiranagar,100 Feet Road,60986,17.0,1.3364,21.13,20.82,0,Clear,No,25.28,72.76,1.46,0.0,10000.0,21.47,2.1129,0.9986
2026-07-11,Indiranagar,CMH Road,46089,24.06,1.1902,13.92,13.89,0,Clear,No,25.28,72.76,1.46,0.0,10000.0,27.94,1.3918,1.0
2026-07-11,Jayanagar,Jayanagar 4th Block,55730,22.94,1.3999,23.2,23.08,0,Clear,No,25.28,72.76,1.46,0.0,10000.0,29.82,2.32,0.9954
2026-07-11,Jayanagar,South End Circle,58677,27.06,1.1344,9.52,9.45,0,Clear,No,25.28,72.76,1.46,0.0,10000.0,29.88,0.9524,0.9967
2026-07-11,Koramangala,Sarjapur Road,48670,33.18,1.1654,12.7,12.69,0,Clear,No,25.28,72.76,1.46,0.0,10000.0,38.0,1.27,0.9987
2026-07-11,Koramangala,Sony World Junction,51440,22.71,1.1676,12.82,12.87,0,Clear,No,25.28,72.76,1.46,0.0,10000.0,26.06,1.2818,1.0
2026-07-11,M.G. Road,Anil Kumble Circle,65229,20.0,1.1897,13.28,13.49,0,Clear,No,25.28,72.76,1.46,0.0,10000.0,23.12,1.3282,1.0
2026-07-11,M.G. Road,Trinity Circle,65408,29.88,1.1748,13.41,13.61,0,Clear,No,25.28,72.76,1.46,0.0,10000.0,34.59,1.3406,1.0
2026-07-11,Whitefield,ITPL Main Road,49969,27.24,1.1672,11.74,11.64,0,Clear,No,25.28,72.76,1.46,0.0,10000.0,30.82,1.1735,0.9923
2026-07-11,Whitefield,Marathahalli Bridge,47980,25.12,1.078,3.29,3.17,0,Clear,No,25.28,72.76,1.46,0.0,10000.0,25.94,0.3294,1.0
2026-07-11,Yeshwanthpur,Tumkur Road,76839,17.0,1.1663,12.49,12.69,0,Clear,No,25.28,72.76,1.46,0.0,10000.0,19.47,1.2494,0.9766
2026-07-11,Yeshwanthpur,Yeshwanthpur Circle,69033,26.82,1.2192,15.93,16.02,0,Clear,No,25.28,72.76,1.46,0.0,10000.0,31.94,1.5929,0.9965
2026-07-12,Electronic City,Hosur Road,50581,30.56,1.0161,1.25,1.21,0,Clear,No,25.65,71.5,1.93,0.0,10000.0,30.94,0.125,0.9994
2026-07-12,Electronic City,Silk Board Junction,44927,27.31,1.024,2.06,2.02,0,Clear,No,25.65,71.5,1.93,0.0,10000.0,27.88,0.2062,1.0
2026-07-12,Hebbal,Ballari Road,54395,33.69,1.0721,5.72,5.6,0,Clear,No,25.65,71.5,1.93,0.0,10000.0,35.69,0.5719,0.9746
2026-07-12,Hebbal,Hebbal Flyover,60411,44.25,1.0783,5.95,5.98,0,Clear,No,25.65,71.5,1.93,0.0,10000.0,47.06,0.595,0.9994
2026-07-12,Indiranagar,100 Feet Road,52896,18.69,1.2099,14.24,14.08,0,Clear,No,25.65,71.5,1.93,0.0,10000.0,21.75,1.4244,0.9986
2026-07-12,Indiranagar,CMH Road,41811,25.06,1.1261,9.94,9.89,0,Clear,No,25.65,71.5,1.93,0.0,10000.0,27.81,0.9944,1.0
2026-07-12,Jayanagar,Jayanagar 4th Block,52765,23.62,1.3159,20.38,20.25,0,Clear,No,25.65,71.5,1.93,0.0,10000.0,29.62,2.0381,0.9934
2026-07-12,Jayanagar,South End Circle,51532,28.0,1.0905,6.52,6.47,0,Clear,No,25.65,71.5,1.93,0.0,10000.0,29.94,0.6519,0.9983
2026-07-12,Koramangala,Sarjapur Road,36660,36.06,1.0592,5.1,5.1,0,Clear,No,25.65,71.5,1.93,0.0,10000.0,38.0,0.51,0.9995
2026-07-12,Koramangala,Sony World Junction,43107,24.06,1.0915,7.45,7.45,0,Clear,No,25.65,71.5,1.93,0.0,10000.0,26.0,0.745,1.0
2026-07-12,M.G. Road,Anil Kumble Circle,60896,20.56,1.1389,10.58,10.6,0,Clear,No,25.65,71.5,1.93,0.0,10000.0,23.0,1.0575,1.0
2026-07-12,M.G. Road,Trinity Circle,57304,31.44,1.1049,8.74,8.88,0,Clear,No,25.65,71.5,1.93,0.0,10000.0,34.5,0.8744,1.0
2026-07-12,Whitefield,ITPL Main Road,38864,29.38,1.0641,5.24,5.24,0,Clear,No,25.65,71.5,1.93,0.0,10000.0,31.0,0.5238,0.9951
2026-07-12,Whitefield,Marathahalli Bridge,43416,25.56,1.0205,1.5,1.45,0,Clear,No,25.65,71.5,1.93,0.0,10000.0,25.94,0.15,1.0
2026-07-12,Yeshwanthpur,Tumkur Road,58308,18.06,1.0698,5.2,5.25,0,Clear,No,25.65,71.5,1.93,0.0,10000.0,19.06,0.52,0.9867
2026-07-12,Yeshwanthpur,Yeshwanthpur Circle,58204,28.81,1.1201,9.36,9.25,0,Clear,No,25.65,71.5,1.93,0.0,10000.0,31.75,0.9356,1.0
2026-07-13,Electronic City,Hosur Road,62361,29.31,1.0662,5.07,4.99,0,Clear,No,24.65,72.92,1.32,0.0,10000.0,30.85,0.5069,0.9961
2026-07-13,Electronic City,Silk Board Junction,58666,25.69,1.1087,7.4,7.22,0,Clear,No,24.65,72.92,1.32,0.0,10000.0,27.69,0.74,1.0
2026-07-13,Hebbal,Ballari Road,54896,33.77,1.0708,5.84,5.79,0,Clear,No,24.65,72.92,1.32,0.0,10000.0,35.85,0.5838,0.9657
2026-07-13,Hebbal,Hebbal Flyover,57812,44.62,1.0773,5.08,5.07,0,Clear,No,24.65,72.92,1.32,0.0,10000.0,47.0,0.5077,0.9995
2026-07-13,Indiranagar,100 Feet Road,41645,20.38,1.0913,6.75,6.69,0,Clear,No,24.65,72.92,1.32,0.0,10000.0,21.85,0.6754,0.9992
2026-07-13,Indiranagar,CMH Road,42202,25.08,1.141,10.18,10.19,0,Clear,No,24.65,72.92,1.32,0.0,10000.0,27.92,1.0185,1.0
2026-07-13,Jayanagar,Jayanagar 4th Block,48179,24.85,1.2643,16.18,15.89,0,Clear,No,24.65,72.92,1.32,0.0,10000.0,29.54,1.6177,0.9909
2026-07-13,Jayanagar,South End Circle,55793,27.38,1.1178,8.35,8.25,0,Clear,No,24.65,72.92,1.32,0.0,10000.0,29.85,0.8346,0.9974
2026-07-13,Koramangala,Sarjapur Road,37329,35.92,1.0679,5.47,5.47,0,Clear,No,24.65,72.92,1.32,0.0,10000.0,38.0,0.5469,0.9994
2026-07-13,Koramangala,Sony World Junction,47435,23.62,1.1209,9.61,9.71,0,Clear,No,24.65,72.92,1.32,0.0,10000.0,26.15,0.9608,1.0
2026-07-13,M.G. Road,Anil Kumble Circle,50496,21.54,1.0803,6.01,6.04,0,Clear,No,24.65,72.92,1.32,0.0,10000.0,22.92,0.6008,1.0
2026-07-13,M.G. Road,Trinity Circle,57476,31.31,1.1152,8.79,8.95,0,Clear,No,24.65,72.92,1.32,0.0,10000.0,34.38,0.8792,1.0
2026-07-13,Whitefield,ITPL Main Road,45994,28.15,1.1379,8.98,8.96,0,Clear,No,24.65,72.92,1.32,0.0,10000.0,30.92,0.8977,0.9931
2026-07-13,Whitefield,Marathahalli Bridge,63957,23.46,1.1385,9.32,9.23,0,Clear,No,24.65,72.92,1.32,0.0,10000.0,25.85,0.9323,0.9931
2026-07-13,Yeshwanthpur,Tumkur Road,57079,18.23,1.0552,4.75,4.82,0,Clear,No,24.65,72.92,1.32,0.0,10000.0,19.15,0.4746,0.9773
2026-07-13,Yeshwanthpur,Yeshwanthpur Circle,58028,28.92,1.1257,9.25,9.18,0,Clear,No,24.65,72.92,1.32,0.0,10000.0,31.85,0.9254,1.0
2026-07-14,Electronic City,Hosur Road,67735,28.73,1.0993,6.78,6.71,0,Clear,No,25.65,64.2,2.84,0.0,10000.0,30.8,0.678,0.9947
2026-07-14,Electronic City,Silk Board Junction,49705,26.8,1.0496,3.89,3.83,0,Clear,No,25.65,64.2,2.84,0.0,10000.0,27.87,0.3893,1.0
2026-07-14,Hebbal,Ballari Road,55361,33.6,1.0767,6.07,5.97,0,Clear,No,25.65,64.2,2.84,0.0,10000.0,35.73,0.6067,0.9801
2026-07-14,Hebbal,Hebbal Flyover,62399,43.87,1.1014,6.67,6.67,0,Clear,No,25.65,64.2,2.84,0.0,10000.0,47.0,0.6667,0.9995
2026-07-14,Indiranagar,100 Feet Road,54633,18.13,1.2467,15.87,15.53,0,Clear,No,25.65,64.2,2.84,0.0,10000.0,21.47,1.5873,0.9991
2026-07-14,Indiranagar,CMH Road,46250,24.07,1.2063,14.05,14.05,0,Clear,No,25.65,64.2,2.84,0.0,10000.0,28.0,1.4047,1.0
2026-07-14,Jayanagar,Jayanagar 4th Block,49904,24.47,1.2965,17.73,17.53,0,Clear,No,25.65,64.2,2.84,0.0,10000.0,29.67,1.7727,0.9954
2026-07-14,Jayanagar,South End Circle,63665,25.8,1.1833,12.69,12.44,0,Clear,No,25.65,64.2,2.84,0.0,10000.0,29.47,1.2693,0.9962
2026-07-14,Koramangala,Sarjapur Road,39520,35.47,1.0808,6.67,6.67,0,Clear,No,25.65,64.2,2.84,0.0,10000.0,38.0,0.6673,0.9996
2026-07-14,Koramangala,Sony World Junction,50153,22.93,1.1562,11.82,11.79,0,Clear,No,25.65,64.2,2.84,0.0,10000.0,26.0,1.182,1.0
2026-07-14,M.G. Road,Anil Kumble Circle,54892,21.07,1.1175,7.98,7.87,0,Clear,No,25.65,64.2,2.84,0.0,10000.0,22.87,0.798,1.0
2026-07-14,M.G. Road,Trinity Circle,65019,29.87,1.1847,13.15,13.35,0,Clear,No,25.65,64.2,2.84,0.0,10000.0,34.47,1.3147,1.0
2026-07-14,Whitefield,ITPL Main Road,56129,25.8,1.2529,16.77,16.77,0,Clear,No,25.65,64.2,2.84,0.0,10000.0,31.0,1.6773,0.9896
2026-07-14,Whitefield,Marathahalli Bridge,44350,25.47,1.027,1.87,1.8,0,Clear,No,25.65,64.2,2.84,0.0,10000.0,25.93,0.1867,0.9987
2026-07-14,Yeshwanthpur,Tumkur Road,59200,18.13,1.0678,5.37,5.56,0,Clear,No,25.65,64.2,2.84,0.0,10000.0,19.2,0.5367,0.9962
2026-07-14,Yeshwanthpur,Yeshwanthpur Circle,61701,28.2,1.15,11.2,11.13,0,Clear,No,25.65,64.2,2.84,0.0,10000.0,31.73,1.12,0.9999
2026-07-15,Electronic City,Hosur Road,69134,28.53,1.1063,7.37,7.16,0,Clear,No,25.55,64.67,1.86,0.0,10000.0,30.73,0.7367,0.9954
2026-07-15,Electronic City,Silk Board Junction,60012,25.57,1.1025,7.8,7.73,0,Clear,No,25.55,64.67,1.86,0.0,10000.0,27.71,0.78,1.0
2026-07-15,Hebbal,Ballari Road,67320,29.73,1.1632,11.37,10.8,0,Clear,No,25.55,64.67,1.86,0.0,10000.0,33.33,1.1373,0.942
2026-07-15,Hebbal,Hebbal Flyover,77864,41.0,1.2095,13.12,13.26,0,Clear,No,25.55,64.67,1.86,0.0,10000.0,47.27,1.312,0.9988
2026-07-15,Indiranagar,100 Feet Road,55200,18.2,1.2337,16.16,16.0,0,Clear,No,25.55,64.67,1.86,0.0,10000.0,21.67,1.616,0.9985
2026-07-15,Indiranagar,CMH Road,50545,22.87,1.2913,18.14,18.14,0,Clear,No,25.55,64.67,1.86,0.0,10000.0,27.93,1.814,1.0
2026-07-15,Jayanagar,Jayanagar 4th Block,53915,23.33,1.3799,21.59,21.35,0,Clear,No,25.55,64.67,1.86,0.0,10000.0,29.67,2.1593,0.9946
2026-07-15,Jayanagar,South End Circle,61853,26.33,1.1655,11.44,11.24,0,Clear,No,25.55,64.67,1.86,0.0,10000.0,29.67,1.144,0.996
2026-07-15,Koramangala,Sarjapur Road,41120,35.13,1.0904,7.55,7.54,0,Clear,No,25.55,64.67,1.86,0.0,10000.0,38.0,0.7553,1.0
2026-07-15,Koramangala,Sony World Junction,53755,22.27,1.2014,14.69,14.8,0,Clear,No,25.55,64.67,1.86,0.0,10000.0,26.13,1.4687,1.0
2026-07-15,M.G. Road,Anil Kumble Circle,70936,19.13,1.3074,17.05,17.29,0,Clear,No,25.55,64.67,1.86,0.0,10000.0,23.13,1.7047,1.0
2026-07-15,M.G. Road,Trinity Circle,68121,29.27,1.215,15.17,15.41,0,Clear,No,25.55,64.67,1.86,0.0,10000.0,34.6,1.5167,1.0
2026-07-15,Whitefield,ITPL Main Road,57465,25.4,1.2863,17.92,17.89,0,Clear,No,25.55,64.67,1.86,0.0,10000.0,30.93,1.792,0.9921
2026-07-15,Whitefield,Marathahalli Bridge,47065,25.2,1.0548,2.93,2.83,0,Clear,No,25.55,64.67,1.86,0.0,10000.0,25.93,0.2933,1.0
2026-07-15,Yeshwanthpur,Tumkur Road,54238,18.4,1.0464,3.75,3.83,0,Clear,No,25.55,64.67,1.86,0.0,10000.0,19.13,0.3753,0.9984
2026-07-15,Yeshwanthpur,Yeshwanthpur Circle,65083,27.6,1.1951,13.43,13.39,0,Clear,No,25.55,64.67,1.86,0.0,10000.0,31.87,1.3433,1.0
2026-07-16,Electronic City,Hosur Road,62001,29.29,1.0671,5.0,4.87,0,Clear,No,24.39,69.29,2.43,0.0,10000.0,30.79,0.5,0.9672
2026-07-16,Electronic City,Silk Board Junction,62053,25.36,1.1126,8.59,8.51,0,Clear,No,24.39,69.29,2.43,0.0,10000.0,27.71,0.8586,0.9944
2026-07-16,Hebbal,Ballari Road,63360,32.5,1.1208,9.1,9.0,0,Clear,No,24.39,69.29,2.43,0.0,10000.0,35.71,0.91,0.9617
2026-07-16,Hebbal,Hebbal Flyover,75851,41.36,1.1786,12.09,12.14,0,Clear,No,24.39,69.29,2.43,0.0,10000.0,47.07,1.2093,0.9967
2026-07-16,Indiranagar,100 Feet Road,54217,18.36,1.2324,15.4,15.18,0,Clear,No,24.39,69.29,2.43,0.0,10000.0,21.64,1.54,0.9826
2026-07-16,Indiranagar,CMH Road,48107,23.57,1.2412,15.82,15.82,0,Clear,No,24.39,69.29,2.43,0.0,10000.0,28.0,1.5821,0.9959
2026-07-16,Jayanagar,Jayanagar 4th Block,51076,24.0,1.3028,18.86,18.64,0,Clear,No,24.39,69.29,2.43,0.0,10000.0,29.5,1.8864,0.9417
2026-07-16,Jayanagar,South End Circle,59540,26.93,1.1298,9.87,9.81,0,Clear,No,24.39,69.29,2.43,0.0,10000.0,29.86,0.9871,0.9905
2026-07-16,Koramangala,Sarjapur Road,45188,34.29,1.1233,9.77,9.77,0,Clear,No,24.39,69.29,2.43,0.0,10000.0,38.0,0.9771,0.9805
2026-07-16,Koramangala,Sony World Junction,51494,22.64,1.1774,12.91,12.91,0,Clear,No,24.39,69.29,2.43,0.0,10000.0,26.0,1.2914,0.9961
2026-07-16,M.G. Road,Anil Kumble Circle,54808,21.0,1.1234,7.99,7.84,0,Clear,No,24.39,69.29,2.43,0.0,10000.0,22.79,0.7993,0.9973
2026-07-16,M.G. Road,Trinity Circle,67049,29.43,1.2072,14.49,14.7,0,Clear,No,24.39,69.29,2.43,0.0,10000.0,34.5,1.4493,0.9928
2026-07-16,Whitefield,ITPL Main Road,53182,26.5,1.2126,14.36,14.32,0,Clear,No,24.39,69.29,2.43,0.0,10000.0,30.93,1.4364,0.9844
2026-07-16,Whitefield,Marathahalli Bridge,39600,26.0,1.0,0.0,0.0,0,Clear,No,24.39,69.29,2.43,0.0,10000.0,26.0,0.0,1.0
2026-07-16,Yeshwanthpur,Tumkur Road,49647,18.71,1.024,2.14,2.24,0,Clear,No,24.39,69.29,2.43,0.0,10000.0,19.14,0.2143,0.9859
2026-07-16,Yeshwanthpur,Yeshwanthpur Circle,64887,27.57,1.1849,13.29,13.26,0,Clear,No,24.39,69.29,2.43,0.0,10000.0,31.79,1.3286,0.9893
2026-07-17,Electronic City,Hosur Road,63042,29.13,1.0684,5.34,5.21,0,Clear,No,23.34,76.2,2.65,0.0,9774.67,30.73,0.534,0.967
2026-07-17,Electronic City,Silk Board Junction,52863,26.47,1.0663,5.11,5.02,0,Clear,No,23.34,76.2,2.65,0.0,9774.67,27.87,0.5107,0.9969
2026-07-17,Hebbal,Ballari Road,61722,32.8,1.1158,8.48,8.38,0,Clear,No,23.34,76.2,2.65,0.0,9774.67,35.8,0.848,0.9664
2026-07-17,Hebbal,Hebbal Flyover,80260,40.2,1.2468,14.53,14.59,0,Clear,No,23.34,76.2,2.65,0.0,9774.67,47.07,1.4533,0.9943
2026-07-17,Indiranagar,100 Feet Road,56000,18.0,1.2419,16.83,16.67,0,Clear,No,23.34,76.2,2.65,0.0,9774.67,21.6,1.6827,0.9632
2026-07-17,Indiranagar,CMH Road,52500,22.4,1.3303,20.02,20.0,0,Clear,No,23.34,76.2,2.65,0.0,9774.67,28.0,2.002,0.9881
2026-07-17,Jayanagar,Jayanagar 4th Block,51409,23.93,1.3162,19.23,18.96,0,Clear,No,23.34,76.2,2.65,0.0,9774.67,29.53,1.9227,0.9326
2026-07-17,Jayanagar,South End Circle,56586,27.0,1.1162,8.78,8.58,0,Clear,No,23.34,76.2,2.65,0.0,9774.67,29.53,0.878,0.9935
2026-07-17,Koramangala,Sarjapur Road,46578,33.93,1.1377,10.85,10.86,0,Clear,No,23.34,76.2,2.65,0.0,9774.67,38.07,1.0847,0.9768
2026-07-17,Koramangala,Sony World Junction,56562,21.6,1.2358,17.06,17.14,0,Clear,No,23.34,76.2,2.65,0.0,9774.67,26.07,1.706,0.9819
2026-07-17,M.G. Road,Anil Kumble Circle,71392,18.73,1.2873,17.77,17.6,0,Clear,No,23.34,76.2,2.65,0.0,9774.67,22.73,1.7767,0.9899
2026-07-17,M.G. Road,Trinity Circle,68699,29.13,1.2185,15.62,15.8,0,Clear,No,23.34,76.2,2.65,0.0,9774.67,34.6,1.562,0.9852
2026-07-17,Whitefield,ITPL Main Road,53290,26.53,1.2265,14.41,14.41,0,Clear,No,23.34,76.2,2.65,0.0,9774.67,31.0,1.4407,0.9799
2026-07-17,Whitefield,Marathahalli Bridge,51784,24.8,1.0784,4.62,4.62,0,Clear,No,23.34,76.2,2.65,0.0,9774.67,26.0,0.462,0.9747
2026-07-17,Yeshwanthpur,Tumkur Road,63269,17.8,1.0911,6.85,6.97,0,Clear,No,23.34,76.2,2.65,0.0,9774.67,19.13,0.6847,0.9667
2026-07-17,Yeshwanthpur,Yeshwanthpur Circle,65483,27.4,1.1912,13.79,13.66,0,Clear,No,23.34,76.2,2.65,0.0,9774.67,31.73,1.3787,0.9795
2026-07-18,Electronic City,Hosur Road,69733,28.53,1.1,7.43,7.35,0,Clear,No,23.28,78.53,3.34,0.0,10000.0,30.79,0.7432,0.9948
2026-07-18,Electronic City,Silk Board Junction,57634,25.84,1.0898,6.94,6.83,0,Clear,No,23.28,78.53,3.34,0.0,10000.0,27.74,0.6942,1.0
2026-07-18,Hebbal,Ballari Road,67725,31.79,1.1533,11.15,11.05,0,Clear,No,23.28,78.53,3.34,0.0,10000.0,35.74,1.1147,0.9597
2026-07-18,Hebbal,Hebbal Flyover,87073,38.58,1.3737,18.19,18.37,0,Clear,No,23.28,78.53,3.34,0.0,10000.0,47.26,1.8195,0.9986
2026-07-18,Indiranagar,100 Feet Road,60119,16.95,1.338,20.58,20.1,0,Clear,No,23.28,78.53,3.34,0.0,10000.0,21.21,2.0579,0.9946
2026-07-18,Indiranagar,CMH Road,47092,23.84,1.2203,14.81,14.85,0,Clear,No,23.28,78.53,3.34,0.0,10000.0,28.0,1.4811,1.0
2026-07-18,Jayanagar,Jayanagar 4th Block,55888,22.79,1.402,23.28,23.23,0,Clear,No,23.28,78.53,3.34,0.0,10000.0,29.68,2.3279,0.9942
2026-07-18,Jayanagar,South End Circle,67791,25.26,1.2222,15.3,15.19,0,Clear,No,23.28,78.53,3.34,0.0,10000.0,29.79,1.53,0.9956
2026-07-18,Koramangala,Sarjapur Road,48568,33.21,1.17,12.59,12.6,0,Clear,No,23.28,78.53,3.34,0.0,10000.0,38.0,1.2595,0.9993
2026-07-18,Koramangala,Sony World Junction,52935,22.42,1.1879,14.08,14.11,0,Clear,No,23.28,78.53,3.34,0.0,10000.0,26.11,1.4079,0.9989
2026-07-18,M.G. Road,Anil Kumble Circle,69137,19.21,1.2423,15.93,16.09,0,Clear,No,23.28,78.53,3.34,0.0,10000.0,22.89,1.5932,1.0
2026-07-18,M.G. Road,Trinity Circle,66461,29.63,1.1919,14.13,14.31,0,Clear,No,23.28,78.53,3.34,0.0,10000.0,34.58,1.4132,1.0
2026-07-18,Whitefield,ITPL Main Road,55216,25.95,1.2591,16.1,16.01,0,Clear,No,23.28,78.53,3.34,0.0,10000.0,30.89,1.61,0.9907
2026-07-18,Whitefield,Marathahalli Bridge,73744,22.0,1.3083,14.79,14.69,0,Clear,No,23.28,78.53,3.34,0.0,10000.0,25.79,1.4795,0.9953
2026-07-18,Yeshwanthpur,Tumkur Road,56577,18.37,1.0526,4.49,4.64,0,Clear,No,23.28,78.53,3.34,0.0,10000.0,19.26,0.4489,0.9978
2026-07-18,Yeshwanthpur,Yeshwanthpur Circle,69464,26.74,1.2349,16.32,16.31,0,Clear,No,23.28,78.53,3.34,0.0,10000.0,31.95,1.6321,0.9997
2026-07-19,Electronic City,Hosur Road,46800,31.0,1.0,0.0,0.0,0,Clear,No,24.27,75.0,3.38,0.0,10000.0,31.0,0.0,1.0
2026-07-19,Electronic City,Silk Board Junction,40711,27.82,1.0048,0.44,0.42,0,Clear,No,24.27,75.0,3.38,0.0,10000.0,27.94,0.0435,1.0
2026-07-19,Hebbal,Ballari Road,50889,34.24,1.0562,4.38,4.28,0,Clear,No,24.27,75.0,3.38,0.0,10000.0,35.76,0.4376,0.9783
2026-07-19,Hebbal,Hebbal Flyover,58680,44.53,1.0729,5.36,5.38,0,Clear,No,24.27,75.0,3.38,0.0,10000.0,47.06,0.5365,0.9989
2026-07-19,Indiranagar,100 Feet Road,58295,17.53,1.2673,18.75,18.58,0,Clear,No,24.27,75.0,3.38,0.0,10000.0,21.53,1.8753,0.9975
2026-07-19,Indiranagar,CMH Road,40994,24.94,1.1154,9.48,9.4,0,Clear,No,24.27,75.0,3.38,0.0,10000.0,27.53,0.9482,1.0
2026-07-19,Jayanagar,Jayanagar 4th Block,52541,23.71,1.3265,20.23,20.04,0,Clear,No,24.27,75.0,3.38,0.0,10000.0,29.65,2.0229,0.9912
2026-07-19,Jayanagar,South End Circle,61897,26.41,1.1518,11.36,11.26,0,Clear,No,24.27,75.0,3.38,0.0,10000.0,29.76,1.1359,0.9957
2026-07-19,Koramangala,Sarjapur Road,39200,35.59,1.075,6.49,6.49,0,Clear,No,24.27,75.0,3.38,0.0,10000.0,38.06,0.6488,0.999
2026-07-19,Koramangala,Sony World Junction,47784,23.59,1.1237,9.85,9.89,0,Clear,No,24.27,75.0,3.38,0.0,10000.0,26.18,0.9853,1.0
2026-07-19,M.G. Road,Anil Kumble Circle,48890,21.76,1.073,5.31,5.37,0,Clear,No,24.27,75.0,3.38,0.0,10000.0,23.0,0.5306,1.0
2026-07-19,M.G. Road,Trinity Circle,60534,31.06,1.1253,10.16,10.36,0,Clear,No,24.27,75.0,3.38,0.0,10000.0,34.65,1.0165,1.0
2026-07-19,Whitefield,ITPL Main Road,36830,29.65,1.0518,4.2,4.18,0,Clear,No,24.27,75.0,3.38,0.0,10000.0,30.94,0.42,0.996
2026-07-19,Whitefield,Marathahalli Bridge,43183,25.65,1.0181,1.36,1.36,0,Clear,No,24.27,75.0,3.38,0.0,10000.0,26.0,0.1359,1.0
2026-07-19,Yeshwanthpur,Tumkur Road,53866,18.35,1.0461,3.65,3.7,0,Clear,No,24.27,75.0,3.38,0.0,10000.0,19.06,0.3653,0.9966
2026-07-19,Yeshwanthpur,Yeshwanthpur Circle,60277,28.53,1.1324,10.26,10.19,0,Clear,No,24.27,75.0,3.38,0.0,10000.0,31.76,1.0259,0.9994
2026-07-20,Electronic City,Hosur Road,71822,28.23,1.1052,8.15,8.02,0,Clear,No,23.87,76.0,3.4,0.0,10000.0,30.69,0.8154,0.9943
2026-07-20,Electronic City,Silk Board Junction,56466,25.92,1.0872,6.55,6.39,0,Clear,No,23.87,76.0,3.4,0.0,10000.0,27.69,0.6546,1.0
2026-07-20,Hebbal,Ballari Road,54830,33.92,1.0748,5.78,5.77,0,Clear,No,23.87,76.0,3.4,0.0,10000.0,36.0,0.5777,0.9786
2026-07-20,Hebbal,Hebbal Flyover,64811,43.62,1.1021,7.45,7.5,0,Clear,No,23.87,76.0,3.4,0.0,10000.0,47.15,0.7454,0.9996
2026-07-20,Indiranagar,100 Feet Road,48811,19.31,1.1541,10.72,10.68,0,Clear,No,23.87,76.0,3.4,0.0,10000.0,21.62,1.0723,0.9988
2026-07-20,Indiranagar,CMH Road,45962,24.08,1.2088,13.75,13.77,0,Clear,No,23.87,76.0,3.4,0.0,10000.0,27.92,1.3746,0.9999
2026-07-20,Jayanagar,Jayanagar 4th Block,48497,24.69,1.2768,16.42,16.19,0,Clear,No,23.87,76.0,3.4,0.0,10000.0,29.46,1.6415,0.995
2026-07-20,Jayanagar,South End Circle,57194,27.0,1.1336,9.08,8.83,0,Clear,No,23.87,76.0,3.4,0.0,10000.0,29.62,0.9085,0.9953
2026-07-20,Koramangala,Sarjapur Road,42498,34.85,1.1028,8.3,8.3,0,Clear,No,23.87,76.0,3.4,0.0,10000.0,38.0,0.83,1.0
2026-07-20,Koramangala,Sony World Junction,49846,23.0,1.1592,11.53,11.54,0,Clear,No,23.87,76.0,3.4,0.0,10000.0,26.0,1.1531,1.0
2026-07-20,M.G. Road,Anil Kumble Circle,62406,19.92,1.1758,11.8,11.6,0,Clear,No,23.87,76.0,3.4,0.0,10000.0,22.54,1.18,1.0
2026-07-20,M.G. Road,Trinity Circle,61703,30.69,1.147,10.98,11.14,0,Clear,No,23.87,76.0,3.4,0.0,10000.0,34.54,1.0985,1.0
2026-07-20,Whitefield,ITPL Main Road,51223,27.0,1.1825,12.71,12.69,0,Clear,No,23.87,76.0,3.4,0.0,10000.0,30.92,1.2708,0.9899
2026-07-20,Whitefield,Marathahalli Bridge,52097,24.77,1.0761,4.73,4.73,0,Clear,No,23.87,76.0,3.4,0.0,10000.0,26.0,0.4731,0.9985
2026-07-20,Yeshwanthpur,Tumkur Road,51263,18.69,1.0361,2.79,2.8,0,Clear,No,23.87,76.0,3.4,0.0,10000.0,19.23,0.2792,0.9893
2026-07-20,Yeshwanthpur,Yeshwanthpur Circle,61666,28.31,1.1559,11.05,11.11,0,Clear,No,23.87,76.0,3.4,0.0,10000.0,31.85,1.1054,0.9997
2026-07-21,Electronic City,Hosur Road,63180,29.15,1.0722,5.38,5.25,0,Clear,No,24.23,74.0,2.83,0.0,10000.0,30.77,0.5385,0.9975
2026-07-21,Electronic City,Silk Board Junction,57882,25.85,1.0895,6.99,6.93,0,Clear,No,24.23,74.0,2.83,0.0,10000.0,27.77,0.6992,1.0
2026-07-21,Hebbal,Ballari Road,66105,32.31,1.1323,10.08,10.06,0,Clear,No,24.23,74.0,2.83,0.0,10000.0,35.92,1.0085,0.9668
2026-07-21,Hebbal,Hebbal Flyover,66296,43.23,1.1109,8.02,8.02,0,Clear,No,24.23,74.0,2.83,0.0,10000.0,47.0,0.8015,0.9989
2026-07-21,Indiranagar,100 Feet Road,52204,18.23,1.1893,13.38,13.5,0,Clear,No,24.23,74.0,2.83,0.0,10000.0,21.08,1.3385,0.9987
2026-07-21,Indiranagar,CMH Road,48903,23.23,1.263,16.52,16.57,0,Clear,No,24.23,74.0,2.83,0.0,10000.0,27.85,1.6523,1.0
2026-07-21,Jayanagar,Jayanagar 4th Block,54460,22.54,1.3828,21.92,21.87,0,Clear,No,24.23,74.0,2.83,0.0,10000.0,28.85,2.1915,0.9955
2026-07-21,Jayanagar,South End Circle,62716,25.85,1.1723,12.18,11.81,0,Clear,No,24.23,74.0,2.83,0.0,10000.0,29.31,1.2177,0.9963
2026-07-21,Koramangala,Sarjapur Road,42867,34.77,1.1052,8.51,8.5,0,Clear,No,24.23,74.0,2.83,0.0,10000.0,38.0,0.8508,0.9994
2026-07-21,Koramangala,Sony World Junction,52637,22.46,1.187,13.81,13.86,0,Clear,No,24.23,74.0,2.83,0.0,10000.0,26.08,1.3808,1.0
2026-07-21,M.G. Road,Anil Kumble Circle,59513,20.54,1.1417,9.99,9.8,0,Clear,No,24.23,74.0,2.83,0.0,10000.0,22.77,0.9992,1.0
2026-07-21,M.G. Road,Trinity Circle,69617,29.38,1.2419,16.31,16.41,0,Clear,No,24.23,74.0,2.83,0.0,10000.0,35.15,1.6308,0.9999
2026-07-21,Whitefield,ITPL Main Road,56298,25.69,1.2561,16.93,16.92,0,Clear,No,24.23,74.0,2.83,0.0,10000.0,30.92,1.6931,0.9893
2026-07-21,Whitefield,Marathahalli Bridge,39600,26.0,1.0,0.0,0.0,0,Clear,No,24.23,74.0,2.83,0.0,10000.0,26.0,0.0,1.0
2026-07-21,Yeshwanthpur,Tumkur Road,45423,19.77,1.0094,0.81,0.77,0,Clear,No,24.23,74.0,2.83,0.0,10000.0,19.92,0.0808,0.9994
2026-07-21,Yeshwanthpur,Yeshwanthpur Circle,63058,27.54,1.1607,11.89,12.04,0,Clear,No,24.23,74.0,2.83,0.0,10000.0,31.31,1.1892,0.9997
2026-07-22,Electronic City,Hosur Road,67744,28.79,1.0925,6.76,6.71,0,Clear,No,23.37,78.57,3.38,0.0,10000.0,30.86,0.6764,0.9976
2026-07-22,Electronic City,Silk Board Junction,55129,26.29,1.0803,5.89,5.88,0,Clear,No,23.37,78.57,3.38,0.0,10000.0,27.93,0.5893,1.0
2026-07-22,Hebbal,Ballari Road,59584,33.14,1.0992,7.63,7.57,0,Clear,No,23.37,78.57,3.38,0.0,10000.0,35.86,0.7629,0.9742
2026-07-22,Hebbal,Hebbal Flyover,76978,41.0,1.188,12.76,12.77,0,Clear,No,23.37,78.57,3.38,0.0,10000.0,47.0,1.2764,0.9993
2026-07-22,Indiranagar,100 Feet Road,50285,18.5,1.1683,11.89,11.9,0,Clear,No,23.37,78.57,3.38,0.0,10000.0,21.0,1.1893,0.9991
2026-07-22,Indiranagar,CMH Road,48599,23.5,1.2795,16.23,16.28,0,Clear,No,23.37,78.57,3.38,0.0,10000.0,28.07,1.6229,1.0
2026-07-22,Jayanagar,Jayanagar 4th Block,52189,23.29,1.3428,19.69,19.7,0,Clear,No,23.37,78.57,3.38,0.0,10000.0,29.0,1.9693,0.9932
2026-07-22,Jayanagar,South End Circle,59883,26.5,1.1554,10.37,9.95,0,Clear,No,23.37,78.57,3.38,0.0,10000.0,29.43,1.0371,0.9979
2026-07-22,Koramangala,Sarjapur Road,45793,34.07,1.1375,10.2,10.17,0,Clear,No,23.37,78.57,3.38,0.0,10000.0,37.93,1.02,0.9994
2026-07-22,Koramangala,Sony World Junction,48197,23.36,1.1355,10.17,10.16,0,Clear,No,23.37,78.57,3.38,0.0,10000.0,26.0,1.0171,1.0
2026-07-22,M.G. Road,Anil Kumble Circle,67222,19.71,1.2353,14.53,14.81,0,Clear,No,23.37,78.57,3.38,0.0,10000.0,23.14,1.4529,1.0
2026-07-22,M.G. Road,Trinity Circle,66384,30.07,1.2085,14.23,14.26,0,Clear,No,23.37,78.57,3.38,0.0,10000.0,35.07,1.4229,1.0
2026-07-22,Whitefield,ITPL Main Road,55999,25.71,1.2663,16.71,16.67,0,Clear,No,23.37,78.57,3.38,0.0,10000.0,30.86,1.6714,0.9917
2026-07-22,Whitefield,Marathahalli Bridge,44690,25.43,1.029,2.0,1.93,0,Clear,No,23.37,78.57,3.38,0.0,10000.0,25.93,0.2,1.0
2026-07-22,Yeshwanthpur,Tumkur Road,51487,19.29,1.0388,2.97,2.88,0,Clear,No,23.37,78.57,3.38,0.0,10000.0,19.86,0.2971,0.9972
2026-07-22,Yeshwanthpur,Yeshwanthpur Circle,63750,27.5,1.1704,12.25,12.5,0,Clear,No,23.37,78.57,3.38,0.0,10000.0,31.43,1.225,0.9998
2026-07-23,Electronic City,Hosur Road,57692,29.77,1.0477,3.58,3.49,0,Clear,No,24.21,73.92,2.96,0.0,10000.0,30.85,0.3585,0.9999
2026-07-23,Electronic City,Silk Board Junction,67833,24.62,1.1722,11.31,11.11,0,Clear,No,24.21,73.92,2.96,0.0,10000.0,27.69,1.1308,1.0
2026-07-23,Hebbal,Ballari Road,66141,32.23,1.1345,10.15,10.09,0,Clear,No,24.21,73.92,2.96,0.0,10000.0,35.85,1.0154,0.9637
2026-07-23,Hebbal,Hebbal Flyover,66221,43.38,1.1096,7.94,7.99,0,Clear,No,24.21,73.92,2.96,0.0,10000.0,47.15,0.7938,0.9997
2026-07-23,Indiranagar,100 Feet Road,52204,18.23,1.1824,13.48,13.5,0,Clear,No,24.21,73.92,2.96,0.0,10000.0,21.08,1.3477,0.9988
2026-07-23,Indiranagar,CMH Road,50198,23.08,1.2832,17.7,17.81,0,Clear,No,24.21,73.92,2.96,0.0,10000.0,28.08,1.77,1.0
2026-07-23,Jayanagar,Jayanagar 4th Block,52055,23.38,1.3168,19.5,19.58,0,Clear,No,24.21,73.92,2.96,0.0,10000.0,29.08,1.95,0.9957
2026-07-23,Jayanagar,South End Circle,63652,26.0,1.1674,12.53,12.44,0,Clear,No,24.21,73.92,2.96,0.0,10000.0,29.69,1.2531,0.9962
2026-07-23,Koramangala,Sarjapur Road,42867,34.77,1.1051,8.51,8.5,0,Clear,No,24.21,73.92,2.96,0.0,10000.0,38.0,0.8508,0.9992
2026-07-23,Koramangala,Sony World Junction,50867,22.85,1.1625,12.32,12.39,0,Clear,No,24.21,73.92,2.96,0.0,10000.0,26.08,1.2315,1.0
2026-07-23,M.G. Road,Anil Kumble Circle,62056,20.38,1.1989,11.37,11.37,0,Clear,No,24.21,73.92,2.96,0.0,10000.0,23.0,1.1369,1.0
2026-07-23,M.G. Road,Trinity Circle,66381,30.08,1.1979,14.22,14.25,0,Clear,No,24.21,73.92,2.96,0.0,10000.0,35.08,1.4215,1.0
2026-07-23,Whitefield,ITPL Main Road,53100,26.38,1.2203,14.31,14.25,0,Clear,No,24.21,73.92,2.96,0.0,10000.0,30.77,1.4308,0.9909
2026-07-23,Whitefield,Marathahalli Bridge,58345,24.15,1.1099,7.1,7.1,0,Clear,No,24.21,73.92,2.96,0.0,10000.0,26.0,0.71,0.9985
2026-07-23,Yeshwanthpur,Tumkur Road,55384,19.15,1.055,4.23,4.23,0,Clear,No,24.21,73.92,2.96,0.0,10000.0,20.0,0.4231,0.9988
2026-07-23,Yeshwanthpur,Yeshwanthpur Circle,63658,27.62,1.165,12.19,12.44,0,Clear,No,24.21,73.92,2.96,0.0,10000.0,31.54,1.2192,1.0
2026-07-24,Electronic City,Hosur Road,68516,28.64,1.0983,7.11,6.96,0,Clear,No,24.03,75.5,3.74,0.05,10000.0,30.79,0.7107,0.9929
2026-07-24,Electronic City,Silk Board Junction,57290,25.86,1.084,6.79,6.7,0,Clear,No,24.03,75.5,3.74,0.05,10000.0,27.71,0.6786,1.0
2026-07-24,Hebbal,Ballari Road,68601,31.64,1.1597,11.64,11.58,0,Clear,No,24.03,75.5,3.74,0.05,10000.0,35.79,1.1643,0.9649
2026-07-24,Hebbal,Hebbal Flyover,77419,41.07,1.1945,12.94,13.01,0,Clear,No,24.03,75.5,3.74,0.05,10000.0,47.21,1.2943,0.9991
2026-07-24,Indiranagar,100 Feet Road,53551,17.93,1.2028,14.61,14.63,0,Clear,No,24.03,75.5,3.74,0.05,10000.0,21.0,1.4614,0.9993
2026-07-24,Indiranagar,CMH Road,47965,23.43,1.2259,15.7,15.68,0,Clear,No,24.03,75.5,3.74,0.05,10000.0,27.79,1.57,1.0
2026-07-24,Jayanagar,Jayanagar 4th Block,50120,23.86,1.2791,17.73,17.73,0,Clear,No,24.03,75.5,3.74,0.05,10000.0,29.0,1.7729,0.9955
2026-07-24,Jayanagar,South End Circle,65338,25.5,1.1998,13.84,13.56,0,Clear,No,24.03,75.5,3.74,0.05,10000.0,29.5,1.3843,0.9968
2026-07-24,Koramangala,Sarjapur Road,47914,33.43,1.1529,12.04,12.03,0,Clear,No,24.03,75.5,3.74,0.05,10000.0,38.0,1.2036,0.9982
2026-07-24,Koramangala,Sony World Junction,49846,23.0,1.1579,11.49,11.54,0,Clear,No,24.03,75.5,3.74,0.05,10000.0,26.0,1.1486,1.0
2026-07-24,M.G. Road,Anil Kumble Circle,68259,19.07,1.2493,15.77,15.51,0,Clear,No,24.03,75.5,3.74,0.05,10000.0,22.57,1.5771,1.0
2026-07-24,M.G. Road,Trinity Circle,66646,30.07,1.1995,14.34,14.43,0,Clear,No,24.03,75.5,3.74,0.05,10000.0,35.14,1.4336,1.0
2026-07-24,Whitefield,ITPL Main Road,52905,26.57,1.2141,14.14,14.09,0,Clear,No,24.03,75.5,3.74,0.05,10000.0,30.93,1.4136,0.9925
2026-07-24,Whitefield,Marathahalli Bridge,64984,23.5,1.1405,9.61,9.62,0,Clear,No,24.03,75.5,3.74,0.05,10000.0,26.0,0.9614,0.9979
2026-07-24,Yeshwanthpur,Tumkur Road,64069,18.29,1.1021,7.45,7.25,0,Clear,No,24.03,75.5,3.74,0.05,10000.0,19.71,0.745,0.9995
2026-07-24,Yeshwanthpur,Yeshwanthpur Circle,67448,26.79,1.208,14.72,14.97,0,Clear,No,24.03,75.5,3.74,0.05,10000.0,31.5,1.4721,0.9999
2026-07-25,Electronic City,Hosur Road,87153,26.12,1.2183,14.83,14.69,0,Clear,No,24.54,73.19,2.02,0.0,10000.0,30.62,1.4831,0.9901
2026-07-25,Electronic City,Silk Board Junction,52058,26.5,1.0583,4.78,4.72,0,Clear,No,24.54,73.19,2.02,0.0,10000.0,27.81,0.4781,1.0
2026-07-25,Hebbal,Ballari Road,68538,31.62,1.1571,11.63,11.54,0,Clear,No,24.54,73.19,2.02,0.0,10000.0,35.75,1.1631,0.958
2026-07-25,Hebbal,Hebbal Flyover,74053,41.88,1.1559,11.09,11.14,0,Clear,No,24.54,73.19,2.02,0.0,10000.0,47.12,1.1088,0.9989
2026-07-25,Indiranagar,100 Feet Road,61994,16.5,1.3426,21.64,21.66,0,Clear,No,24.54,73.19,2.02,0.0,10000.0,21.06,2.1644,0.9972
2026-07-25,Indiranagar,CMH Road,44889,24.38,1.1688,12.71,12.75,0,Clear,No,24.54,73.19,2.02,0.0,10000.0,27.94,1.2712,1.0
2026-07-25,Jayanagar,Jayanagar 4th Block,54306,22.75,1.361,21.63,21.72,0,Clear,No,24.54,73.19,2.02,0.0,10000.0,29.06,2.1631,0.9955
2026-07-25,Jayanagar,South End Circle,60286,26.44,1.1429,10.4,10.19,0,Clear,No,24.54,73.19,2.02,0.0,10000.0,29.44,1.04,0.9986
2026-07-25,Koramangala,Sarjapur Road,48450,33.25,1.1595,12.5,12.5,0,Clear,No,24.54,73.19,2.02,0.0,10000.0,38.0,1.25,0.9998
2026-07-25,Koramangala,Sony World Junction,47306,23.44,1.1264,9.67,9.64,0,Clear,No,24.54,73.19,2.02,0.0,10000.0,25.94,0.9669,1.0
2026-07-25,M.G. Road,Anil Kumble Circle,54861,21.25,1.1177,7.8,7.86,0,Clear,No,24.54,73.19,2.02,0.0,10000.0,23.06,0.78,1.0
2026-07-25,M.G. Road,Trinity Circle,61607,31.12,1.1403,11.07,11.07,0,Clear,No,24.54,73.19,2.02,0.0,10000.0,35.0,1.1069,1.0
2026-07-25,Whitefield,ITPL Main Road,51060,27.0,1.1736,12.62,12.55,0,Clear,No,24.54,73.19,2.02,0.0,10000.0,30.88,1.2619,0.9909
2026-07-25,Whitefield,Marathahalli Bridge,56179,24.25,1.1598,6.5,6.28,0,Clear,No,24.54,73.19,2.02,0.0,10000.0,25.88,0.65,1.0
2026-07-25,Yeshwanthpur,Tumkur Road,65004,18.31,1.106,7.61,7.57,0,Clear,No,24.54,73.19,2.02,0.0,10000.0,19.81,0.7612,0.9975
2026-07-25,Yeshwanthpur,Yeshwanthpur Circle,65440,26.94,1.1777,13.51,13.63,0,Clear,No,24.54,73.19,2.02,0.0,10000.0,31.19,1.3506,0.994
2026-07-26,Electronic City,Hosur Road,48579,30.76,1.0067,0.59,0.57,0,Clear,No,24.08,75.94,2.63,0.01,10000.0,30.94,0.0588,0.9994
2026-07-26,Electronic City,Silk Board Junction,40155,27.88,1.0023,0.22,0.21,0,Clear,No,24.08,75.94,2.63,0.01,10000.0,27.94,0.0218,1.0
2026-07-26,Hebbal,Ballari Road,48673,34.71,1.0447,3.46,3.44,0,Clear,No,24.08,75.94,2.63,0.01,10000.0,35.94,0.3459,0.9881
2026-07-26,Hebbal,Hebbal Flyover,57978,44.59,1.0625,5.13,5.13,0,Clear,No,24.08,75.94,2.63,0.01,10000.0,47.0,0.5129,0.999
2026-07-26,Indiranagar,100 Feet Road,55504,17.88,1.227,16.11,16.25,0,Clear,No,24.08,75.94,2.63,0.01,10000.0,21.35,1.6106,0.9982
2026-07-26,Indiranagar,CMH Road,40408,25.41,1.1171,9.07,9.05,0,Clear,No,24.08,75.94,2.63,0.01,10000.0,27.94,0.9071,1.0
2026-07-26,Jayanagar,Jayanagar 4th Block,49035,24.06,1.2514,16.74,16.7,0,Clear,No,24.08,75.94,2.63,0.01,10000.0,28.88,1.6735,0.9944
2026-07-26,Jayanagar,South End Circle,56476,27.12,1.1206,8.7,8.53,0,Clear,No,24.08,75.94,2.63,0.01,10000.0,29.65,0.87,0.9972
2026-07-26,Koramangala,Sarjapur Road,35830,36.24,1.0543,4.65,4.64,0,Clear,No,24.08,75.94,2.63,0.01,10000.0,38.0,0.4647,0.9989
2026-07-26,Koramangala,Sony World Junction,43569,24.0,1.0947,7.69,7.69,0,Clear,No,24.08,75.94,2.63,0.01,10000.0,26.0,0.7694,1.0
2026-07-26,M.G. Road,Anil Kumble Circle,53319,21.18,1.1032,7.31,7.22,0,Clear,No,24.08,75.94,2.63,0.01,10000.0,22.82,0.7306,1.0
2026-07-26,M.G. Road,Trinity Circle,51731,32.71,1.0787,6.55,6.55,0,Clear,No,24.08,75.94,2.63,0.01,10000.0,35.0,0.6547,1.0
2026-07-26,Whitefield,ITPL Main Road,39365,29.29,1.0688,5.5,5.5,0,Clear,No,24.08,75.94,2.63,0.01,10000.0,31.0,0.55,0.9949
2026-07-26,Whitefield,Marathahalli Bridge,48559,25.12,1.0517,3.39,3.39,0,Clear,No,24.08,75.94,2.63,0.01,10000.0,26.0,0.3394,1.0
2026-07-26,Yeshwanthpur,Tumkur Road,54211,19.24,1.0502,3.82,3.82,0,Clear,No,24.08,75.94,2.63,0.01,10000.0,20.0,0.3824,0.9821
2026-07-26,Yeshwanthpur,Yeshwanthpur Circle,54496,28.88,1.0957,7.58,7.71,0,Clear,No,24.08,75.94,2.63,0.01,10000.0,31.29,0.7582,1.0
2026-07-27,Electronic City,Hosur Road,61569,29.27,1.0607,4.85,4.73,0,Clear,No,23.38,79.45,4.1,0.0,10000.0,30.73,0.4845,0.9987
2026-07-27,Electronic City,Silk Board Junction,51718,26.45,1.0607,4.71,4.59,0,Clear,No,23.38,79.45,4.1,0.0,10000.0,27.73,0.4709,1.0
2026-07-27,Hebbal,Ballari Road,61041,32.91,1.1321,8.25,8.12,0,Clear,No,23.38,79.45,4.1,0.0,10000.0,35.82,0.8245,0.9828
2026-07-27,Hebbal,Hebbal Flyover,61060,44.0,1.0969,6.26,6.2,0,Clear,No,23.38,79.45,4.1,0.0,10000.0,46.91,0.6264,0.9995
2026-07-27,Indiranagar,100 Feet Road,44456,19.45,1.1087,8.08,8.15,0,Clear,No,23.38,79.45,4.1,0.0,10000.0,21.18,0.8082,0.9992
2026-07-27,Indiranagar,CMH Road,43128,24.82,1.1648,11.13,11.07,0,Clear,No,23.38,79.45,4.1,0.0,10000.0,27.91,1.1127,1.0
2026-07-27,Jayanagar,Jayanagar 4th Block,47018,24.64,1.2303,14.83,14.78,0,Clear,No,23.38,79.45,4.1,0.0,10000.0,28.91,1.4827,0.9955
2026-07-27,Jayanagar,South End Circle,55199,27.18,1.1095,8.2,8.0,0,Clear,No,23.38,79.45,4.1,0.0,10000.0,29.55,0.82,0.9961
2026-07-27,Koramangala,Sarjapur Road,37396,35.91,1.065,5.51,5.5,0,Clear,No,23.38,79.45,4.1,0.0,10000.0,38.0,0.5509,0.9998
2026-07-27,Koramangala,Sony World Junction,44240,23.91,1.1086,8.05,8.04,0,Clear,No,23.38,79.45,4.1,0.0,10000.0,26.0,0.8045,1.0
2026-07-27,M.G. Road,Anil Kumble Circle,57904,20.82,1.1424,9.2,9.13,0,Clear,No,23.38,79.45,4.1,0.0,10000.0,22.91,0.92,1.0
2026-07-27,M.G. Road,Trinity Circle,55324,32.18,1.1077,8.05,8.05,0,Clear,No,23.38,79.45,4.1,0.0,10000.0,35.0,0.8045,1.0
2026-07-27,Whitefield,ITPL Main Road,44002,28.55,1.1186,7.92,7.92,0,Clear,No,23.38,79.45,4.1,0.0,10000.0,31.0,0.7918,0.9945
2026-07-27,Whitefield,Marathahalli Bridge,45138,25.45,1.028,2.1,2.1,0,Clear,No,23.38,79.45,4.1,0.0,10000.0,26.0,0.21,1.0
2026-07-27,Yeshwanthpur,Tumkur Road,48436,19.64,1.0226,1.82,1.82,0,Clear,No,23.38,79.45,4.1,0.0,10000.0,20.0,0.1818,0.9991
2026-07-27,Yeshwanthpur,Yeshwanthpur Circle,59023,28.27,1.1259,9.45,9.59,0,Clear,No,23.38,79.45,4.1,0.0,10000.0,31.27,0.9445,0.9999
2026-07-28,Electronic City,Hosur Road,64830,28.85,1.077,5.95,5.78,0,Clear,No,24.13,76.77,2.33,0.02,10000.0,30.62,0.5946,0.9901
2026-07-28,Electronic City,Silk Board Junction,55688,26.08,1.0839,6.17,6.09,0,Clear,No,24.13,76.77,2.33,0.02,10000.0,27.77,0.6169,1.0
2026-07-28,Hebbal,Ballari Road,68031,31.62,1.1629,11.38,11.23,0,Clear,No,24.13,76.77,2.33,0.02,10000.0,35.62,1.1377,0.9671
2026-07-28,Hebbal,Hebbal Flyover,69124,42.77,1.1247,9.0,9.0,0,Clear,No,24.13,76.77,2.33,0.02,10000.0,47.0,0.9,0.999
2026-07-28,Indiranagar,100 Feet Road,47650,19.08,1.1241,9.74,9.82,0,Clear,No,24.13,76.77,2.33,0.02,10000.0,21.15,0.9738,0.9998
2026-07-28,Indiranagar,CMH Road,45132,24.23,1.1882,13.03,12.98,0,Clear,No,24.13,76.77,2.33,0.02,10000.0,27.85,1.3031,1.0
2026-07-28,Jayanagar,Jayanagar 4th Block,51831,23.38,1.3391,19.37,19.36,0,Clear,No,24.13,76.77,2.33,0.02,10000.0,29.0,1.9369,0.9945
2026-07-28,Jayanagar,South End Circle,64140,25.77,1.1845,12.99,12.76,0,Clear,No,24.13,76.77,2.33,0.02,10000.0,29.54,1.2992,0.996
2026-07-28,Koramangala,Sarjapur Road,41049,35.08,1.0943,7.53,7.51,0,Clear,No,24.13,76.77,2.33,0.02,10000.0,37.92,0.7531,0.9996
2026-07-28,Koramangala,Sony World Junction,48426,23.31,1.1352,10.31,10.36,0,Clear,No,24.13,76.77,2.33,0.02,10000.0,26.0,1.0308,1.0
2026-07-28,M.G. Road,Anil Kumble Circle,52161,21.31,1.0925,6.79,6.73,0,Clear,No,24.13,76.77,2.33,0.02,10000.0,22.85,0.6792,1.0
2026-07-28,M.G. Road,Trinity Circle,63461,30.69,1.1724,12.32,12.31,0,Clear,No,24.13,76.77,2.33,0.02,10000.0,35.0,1.2315,1.0
2026-07-28,Whitefield,ITPL Main Road,55354,26.0,1.2568,16.12,16.13,0,Clear,No,24.13,76.77,2.33,0.02,10000.0,31.0,1.6123,0.9922
2026-07-28,Whitefield,Marathahalli Bridge,39600,26.0,1.0,0.0,0.0,0,Clear,No,24.13,76.77,2.33,0.02,10000.0,26.0,0.0,1.0
2026-07-28,Yeshwanthpur,Tumkur Road,49897,19.38,1.0307,2.43,2.33,0,Clear,No,24.13,76.77,2.33,0.02,10000.0,19.85,0.2431,0.9956
2026-07-28,Yeshwanthpur,Yeshwanthpur Circle,60847,28.0,1.1384,10.4,10.57,0,Clear,No,24.13,76.77,2.33,0.02,10000.0,31.31,1.04,0.9884
2026-07-29,Electronic City,Hosur Road,51456,30.46,1.0199,1.54,1.49,0,Clear,No,23.66,78.23,1.92,0.0,10000.0,30.92,0.1538,0.9992
2026-07-29,Electronic City,Silk Board Junction,57984,25.69,1.0881,7.07,6.96,0,Clear,No,23.66,78.23,1.92,0.0,10000.0,27.62,0.7069,1.0
2026-07-29,Hebbal,Ballari Road,53732,34.0,1.0674,5.4,5.35,0,Clear,No,23.66,78.23,1.92,0.0,10000.0,35.92,0.54,0.9771
2026-07-29,Hebbal,Hebbal Flyover,66258,43.31,1.1218,7.95,8.01,0,Clear,No,23.66,78.23,1.92,0.0,10000.0,47.08,0.7954,0.9994
2026-07-29,Indiranagar,100 Feet Road,50945,18.38,1.1705,12.45,12.45,0,Clear,No,23.66,78.23,1.92,0.0,10000.0,21.0,1.2446,0.9987
2026-07-29,Indiranagar,CMH Road,46500,24.0,1.2174,14.28,14.29,0,Clear,No,23.66,78.23,1.92,0.0,10000.0,28.0,1.4285,1.0
2026-07-29,Jayanagar,Jayanagar 4th Block,47976,24.38,1.2426,15.75,15.69,0,Clear,No,23.66,78.23,1.92,0.0,10000.0,28.92,1.5754,0.995
2026-07-29,Jayanagar,South End Circle,55844,27.31,1.1211,8.42,8.27,0,Clear,No,23.66,78.23,1.92,0.0,10000.0,29.77,0.8415,0.998
2026-07-29,Koramangala,Sarjapur Road,42899,34.69,1.1072,8.56,8.52,0,Clear,No,23.66,78.23,1.92,0.0,10000.0,37.92,0.8562,0.9998
2026-07-29,Koramangala,Sony World Junction,50159,23.0,1.1599,11.73,11.8,0,Clear,No,23.66,78.23,1.92,0.0,10000.0,26.08,1.1731,1.0
2026-07-29,M.G. Road,Anil Kumble Circle,60254,20.38,1.1721,10.45,10.17,0,Clear,No,23.66,78.23,1.92,0.0,10000.0,22.69,1.0454,1.0
2026-07-29,M.G. Road,Trinity Circle,64780,30.38,1.1893,13.18,13.19,0,Clear,No,23.66,78.23,1.92,0.0,10000.0,35.0,1.3185,1.0
2026-07-29,Whitefield,ITPL Main Road,54900,25.92,1.2372,15.82,15.75,0,Clear,No,23.66,78.23,1.92,0.0,10000.0,30.77,1.5815,0.9896
2026-07-29,Whitefield,Marathahalli Bridge,52878,24.69,1.0761,5.03,5.03,0,Clear,No,23.66,78.23,1.92,0.0,10000.0,26.0,0.5031,0.9992
2026-07-29,Yeshwanthpur,Tumkur Road,53246,19.15,1.0441,3.54,3.49,0,Clear,No,23.66,78.23,1.92,0.0,10000.0,19.85,0.3538,0.9985
2026-07-29,Yeshwanthpur,Yeshwanthpur Circle,60517,28.0,1.1381,10.22,10.34,0,Clear,No,23.66,78.23,1.92,0.0,10000.0,31.23,1.0215,1.0
2026-07-30,Electronic City,Hosur Road,65024,28.79,1.0798,6.04,5.84,0,Clear,No,23.23,79.86,2.38,0.0,10000.0,30.57,0.6036,0.9977
2026-07-30,Electronic City,Silk Board Junction,51167,26.5,1.061,4.49,4.38,0,Clear,No,23.23,79.86,2.38,0.0,10000.0,27.71,0.4493,1.0
2026-07-30,Hebbal,Ballari Road,63171,32.79,1.116,8.94,8.93,0,Clear,No,23.23,79.86,2.38,0.0,10000.0,36.0,0.8936,0.9649
2026-07-30,Hebbal,Hebbal Flyover,71520,42.57,1.1523,9.71,9.83,0,Clear,No,23.23,79.86,2.38,0.0,10000.0,47.21,0.9714,0.9989
2026-07-30,Indiranagar,100 Feet Road,50644,18.5,1.1708,12.19,12.2,0,Clear,No,23.23,79.86,2.38,0.0,10000.0,21.07,1.2186,0.9991
2026-07-30,Indiranagar,CMH Road,46806,23.86,1.2249,14.58,14.58,0,Clear,No,23.23,79.86,2.38,0.0,10000.0,27.93,1.4579,1.0
2026-07-30,Jayanagar,Jayanagar 4th Block,50685,23.64,1.2923,18.3,18.27,0,Clear,No,23.23,79.86,2.38,0.0,10000.0,28.93,1.83,0.9965
2026-07-30,Jayanagar,South End Circle,62349,26.21,1.1667,11.77,11.57,0,Clear,No,23.23,79.86,2.38,0.0,10000.0,29.64,1.1771,0.9973
2026-07-30,Koramangala,Sarjapur Road,42130,34.86,1.1007,8.11,8.1,0,Clear,No,23.23,79.86,2.38,0.0,10000.0,37.93,0.8107,0.9996
2026-07-30,Koramangala,Sony World Junction,51409,22.79,1.1699,12.72,12.84,0,Clear,No,23.23,79.86,2.38,0.0,10000.0,26.14,1.2721,1.0
2026-07-30,M.G. Road,Anil Kumble Circle,56934,20.93,1.1407,8.84,8.72,0,Clear,No,23.23,79.86,2.38,0.0,10000.0,22.93,0.8843,1.0
2026-07-30,M.G. Road,Trinity Circle,63061,30.79,1.1622,12.04,12.04,0,Clear,No,23.23,79.86,2.38,0.0,10000.0,35.0,1.2043,1.0
2026-07-30,Whitefield,ITPL Main Road,51034,26.93,1.1914,12.6,12.53,0,Clear,No,23.23,79.86,2.38,0.0,10000.0,30.79,1.26,0.9913
2026-07-30,Whitefield,Marathahalli Bridge,39600,26.0,1.0,0.0,0.0,0,Clear,No,23.23,79.86,2.38,0.0,10000.0,26.0,0.0,1.0
2026-07-30,Yeshwanthpur,Tumkur Road,64955,18.36,1.0956,7.65,7.55,0,Clear,No,23.23,79.86,2.38,0.0,10000.0,19.86,0.765,0.998
2026-07-30,Yeshwanthpur,Yeshwanthpur Circle,64727,27.36,1.1738,12.91,13.15,0,Clear,No,23.23,79.86,2.38,0.0,10000.0,31.5,1.2914,1.0
2026-07-31,Electronic City,Hosur Road,59414,29.67,1.0548,4.09,4.04,0,Clear,No,23.6,79.5,1.92,0.01,10000.0,30.92,0.4092,0.9989
2026-07-31,Electronic City,Silk Board Junction,50665,26.67,1.0531,4.28,4.19,0,Clear,No,23.6,79.5,1.92,0.01,10000.0,27.83,0.4275,1.0
2026-07-31,Hebbal,Ballari Road,59720,33.33,1.1027,7.56,7.62,0,Clear,No,23.6,79.5,1.92,0.01,10000.0,36.08,0.7558,0.9783
2026-07-31,Hebbal,Hebbal Flyover,69196,42.83,1.1343,9.0,9.03,0,Clear,No,23.6,79.5,1.92,0.01,10000.0,47.08,0.9,0.9978
2026-07-31,Indiranagar,100 Feet Road,55523,17.58,1.2543,16.32,16.27,0,Clear,No,23.6,79.5,1.92,0.01,10000.0,21.0,1.6317,0.9985
2026-07-31,Indiranagar,CMH Road,47171,23.75,1.2212,14.93,14.93,0,Clear,No,23.6,79.5,1.92,0.01,10000.0,27.92,1.4933,1.0
2026-07-31,Jayanagar,Jayanagar 4th Block,52076,23.25,1.3141,19.6,19.6,0,Clear,No,23.6,79.5,1.92,0.01,10000.0,28.92,1.96,0.9955
2026-07-31,Jayanagar,South End Circle,63067,26.17,1.1772,12.18,12.04,0,Clear,No,23.6,79.5,1.92,0.01,10000.0,29.75,1.2175,0.9967
2026-07-31,Koramangala,Sarjapur Road,45949,34.08,1.1306,10.32,10.31,0,Clear,No,23.6,79.5,1.92,0.01,10000.0,38.0,1.0317,0.9835
2026-07-31,Koramangala,Sony World Junction,51048,22.67,1.1723,12.57,12.54,0,Clear,No,23.6,79.5,1.92,0.01,10000.0,25.92,1.2567,1.0
2026-07-31,M.G. Road,Anil Kumble Circle,57739,20.92,1.1273,9.03,9.06,0,Clear,No,23.6,79.5,1.92,0.01,10000.0,23.0,0.9033,1.0
2026-07-31,M.G. Road,Trinity Circle,66021,30.17,1.1935,13.97,14.01,0,Clear,No,23.6,79.5,1.92,0.01,10000.0,35.08,1.3967,1.0
2026-07-31,Whitefield,ITPL Main Road,52585,26.5,1.2198,13.96,13.82,0,Clear,No,23.6,79.5,1.92,0.01,10000.0,30.75,1.3958,0.9922
2026-07-31,Whitefield,Marathahalli Bridge,54879,24.42,1.1141,5.93,5.79,0,Clear,No,23.6,79.5,1.92,0.01,10000.0,25.92,0.5933,0.9992
2026-07-31,Yeshwanthpur,Tumkur Road,63685,18.5,1.092,7.15,7.11,0,Clear,No,23.6,79.5,1.92,0.01,10000.0,19.92,0.715,0.9986
2026-07-31,Yeshwanthpur,Yeshwanthpur Circle,62904,27.67,1.1594,11.77,11.94,0,Clear,No,23.6,79.5,1.92,0.01,10000.0,31.42,1.1775,0.999
2026-08-01,Electronic City,Hosur Road,69911,28.33,1.1061,7.58,7.41,0,Clear,No,24.34,77.2,2.54,0.07,10000.0,30.6,0.758,0.9946
2026-08-01,Electronic City,Silk Board Junction,60055,25.4,1.0958,7.86,7.75,0,Clear,No,24.34,77.2,2.54,0.07,10000.0,27.53,0.786,1.0
2026-08-01,Hebbal,Ballari Road,66981,32.07,1.1375,10.65,10.59,0,Clear,No,24.34,77.2,2.54,0.07,10000.0,35.87,1.0653,0.9543
2026-08-01,Hebbal,Hebbal Flyover,83065,39.47,1.2393,16.11,16.15,0,Clear,No,24.34,77.2,2.54,0.07,10000.0,47.07,1.6113,0.9984
2026-08-01,Indiranagar,100 Feet Road,60683,16.73,1.3119,20.56,20.57,0,Clear,No,24.34,77.2,2.54,0.07,10000.0,21.07,2.056,0.998
2026-08-01,Indiranagar,CMH Road,48250,23.53,1.2224,15.95,15.95,0,Clear,No,24.34,77.2,2.54,0.07,10000.0,28.0,1.5947,0.9999
2026-08-01,Jayanagar,Jayanagar 4th Block,56844,22.0,1.4256,24.13,24.14,0,Clear,No,24.34,77.2,2.54,0.07,10000.0,29.0,2.4133,0.9949
2026-08-01,Jayanagar,South End Circle,70337,24.6,1.2483,16.99,16.89,0,Clear,No,24.34,77.2,2.54,0.07,10000.0,29.6,1.6987,0.9958
2026-08-01,Koramangala,Sarjapur Road,49426,32.87,1.1837,13.35,13.36,0,Clear,No,24.34,77.2,2.54,0.07,10000.0,37.93,1.3347,0.9993
2026-08-01,Koramangala,Sony World Junction,51076,22.73,1.1669,12.57,12.56,0,Clear,No,24.34,77.2,2.54,0.07,10000.0,26.0,1.2567,0.9999
2026-08-01,M.G. Road,Anil Kumble Circle,63804,20.0,1.1691,12.53,12.54,0,Clear,No,24.34,77.2,2.54,0.07,10000.0,22.87,1.2527,1.0
2026-08-01,M.G. Road,Trinity Circle,66469,29.93,1.1926,14.33,14.31,0,Clear,No,24.34,77.2,2.54,0.07,10000.0,34.93,1.4327,1.0
2026-08-01,Whitefield,ITPL Main Road,52659,26.47,1.2053,13.99,13.88,0,Clear,No,24.34,77.2,2.54,0.07,10000.0,30.73,1.3993,0.9903
2026-08-01,Whitefield,Marathahalli Bridge,54492,24.53,1.1157,5.55,5.64,0,Clear,No,24.34,77.2,2.54,0.07,10000.0,26.0,0.5553,0.9993
2026-08-01,Yeshwanthpur,Tumkur Road,57696,18.87,1.0643,5.07,5.03,0,Clear,No,24.34,77.2,2.54,0.07,10000.0,19.87,0.5073,0.9935
2026-08-01,Yeshwanthpur,Yeshwanthpur Circle,71210,26.13,1.2385,17.29,17.47,0,Clear,No,24.34,77.2,2.54,0.07,10000.0,31.67,1.7293,0.9997
2026-08-02,Electronic City,Hosur Road,46800,31.0,1.0,0.0,0.0,0,Clear,No,23.54,78.88,4.34,0.69,10000.0,31.0,0.0,1.0
2026-08-02,Electronic City,Silk Board Junction,40711,27.82,1.0048,0.44,0.42,0,Clear,No,23.54,78.88,4.34,0.69,10000.0,27.94,0.0435,1.0
2026-08-02,Hebbal,Ballari Road,52150,34.18,1.0597,4.81,4.75,0,Clear,No,23.54,78.88,4.34,0.69,10000.0,35.88,0.4812,0.9709
2026-08-02,Hebbal,Hebbal Flyover,57582,44.76,1.0683,4.94,4.99,0,Clear,No,23.54,78.88,4.34,0.69,10000.0,47.12,0.4935,0.9985
2026-08-02,Indiranagar,100 Feet Road,54539,17.71,1.224,15.52,15.45,0,Clear,No,23.54,78.88,4.34,0.69,10000.0,20.94,1.5518,0.9984
2026-08-02,Indiranagar,CMH Road,39377,25.53,1.1078,8.47,8.44,0,Clear,No,23.54,78.88,4.34,0.69,10000.0,27.88,0.8471,1.0
2026-08-02,Jayanagar,Jayanagar 4th Block,50180,23.65,1.277,17.92,17.79,0,Clear,No,23.54,78.88,4.34,0.69,10000.0,28.76,1.7924,0.994
2026-08-02,Jayanagar,South End Circle,63934,26.06,1.178,12.69,12.62,0,Clear,No,23.54,78.88,4.34,0.69,10000.0,29.82,1.2694,0.9957
2026-08-02,Koramangala,Sarjapur Road,37807,35.82,1.0691,5.74,5.73,0,Clear,No,23.54,78.88,4.34,0.69,10000.0,38.0,0.5735,0.9995
2026-08-02,Koramangala,Sony World Junction,49814,23.06,1.1425,11.48,11.51,0,Clear,No,23.54,78.88,4.34,0.69,10000.0,26.06,1.1476,1.0
2026-08-02,M.G. Road,Anil Kumble Circle,59816,20.82,1.1526,9.8,9.92,0,Clear,No,23.54,78.88,4.34,0.69,10000.0,23.12,0.98,1.0
2026-08-02,M.G. Road,Trinity Circle,57781,31.82,1.1142,9.06,9.08,0,Clear,No,23.54,78.88,4.34,0.69,10000.0,35.0,0.9065,1.0
2026-08-02,Whitefield,ITPL Main Road,47487,27.82,1.1255,9.79,9.73,0,Clear,No,23.54,78.88,4.34,0.69,10000.0,30.82,0.9794,0.9887
2026-08-02,Whitefield,Marathahalli Bridge,39600,26.0,1.0,0.0,0.0,0,Clear,No,23.54,78.88,4.34,0.69,10000.0,26.0,0.0,1.0
2026-08-02,Yeshwanthpur,Tumkur Road,62057,18.47,1.0921,6.77,6.55,0,Clear,No,23.54,78.88,4.34,0.69,10000.0,19.76,0.6771,0.9888
2026-08-02,Yeshwanthpur,Yeshwanthpur Circle,59502,28.18,1.123,9.72,9.79,0,Clear,No,23.54,78.88,4.34,0.69,10000.0,31.24,0.9718,1.0
2026-08-03,Electronic City,Hosur Road,51401,30.36,1.0202,1.56,1.47,0,Clear,No,23.33,80.45,3.55,0.29,9417.64,30.82,0.1564,0.9991
2026-08-03,Electronic City,Silk Board Junction,47364,27.0,1.0387,3.03,2.94,0,Clear,No,23.33,80.45,3.55,0.29,9417.64,27.82,0.3027,1.0
2026-08-03,Hebbal,Ballari Road,61767,32.73,1.1165,8.53,8.4,0,Clear,No,23.33,80.45,3.55,0.29,9417.64,35.73,0.8527,0.9752
2026-08-03,Hebbal,Hebbal Flyover,66596,43.18,1.1103,8.12,8.12,0,Clear,No,23.33,80.45,3.55,0.29,9417.64,47.0,0.8118,0.9986
2026-08-03,Indiranagar,100 Feet Road,44592,19.27,1.1182,8.23,8.23,0,Clear,No,23.33,80.45,3.55,0.29,9417.64,21.0,0.8227,0.9993
2026-08-03,Indiranagar,CMH Road,42786,24.91,1.1622,10.77,10.75,0,Clear,No,23.33,80.45,3.55,0.29,9417.64,27.91,1.0773,1.0
2026-08-03,Jayanagar,Jayanagar 4th Block,46593,24.91,1.2372,14.31,14.37,0,Clear,No,23.33,80.45,3.55,0.29,9417.64,29.09,1.4309,0.9939
2026-08-03,Jayanagar,South End Circle,51272,28.09,1.0837,6.36,6.36,0,Clear,No,23.33,80.45,3.55,0.29,9417.64,30.0,0.6364,0.9973
2026-08-03,Koramangala,Sarjapur Road,38269,35.73,1.0772,5.98,5.98,0,Clear,No,23.33,80.45,3.55,0.29,9417.64,38.0,0.5982,1.0
2026-08-03,Koramangala,Sony World Junction,47466,23.64,1.1233,9.62,9.72,0,Clear,No,23.33,80.45,3.55,0.29,9417.64,26.18,0.9618,1.0
2026-08-03,M.G. Road,Anil Kumble Circle,63000,20.0,1.1926,12.25,12.0,0,Clear,No,23.33,80.45,3.55,0.29,9417.64,22.73,1.2255,0.9998
2026-08-03,M.G. Road,Trinity Circle,60584,31.36,1.139,10.38,10.39,0,Clear,No,23.33,80.45,3.55,0.29,9417.64,35.0,1.0382,1.0
2026-08-03,Whitefield,ITPL Main Road,44002,28.55,1.1189,7.92,7.92,0,Clear,No,23.33,80.45,3.55,0.29,9417.64,31.0,0.7918,0.9951
2026-08-03,Whitefield,Marathahalli Bridge,39600,26.0,1.0,0.0,0.0,0,Clear,No,23.33,80.45,3.55,0.29,9417.64,26.0,0.0,1.0
2026-08-03,Yeshwanthpur,Tumkur Road,61444,18.82,1.0839,6.21,6.33,0,Clear,No,23.33,80.45,3.55,0.29,9417.64,20.09,0.6209,0.9818
2026-08-03,Yeshwanthpur,Yeshwanthpur Circle,62291,27.91,1.1527,11.26,11.53,0,Clear,No,23.33,80.45,3.55,0.29,9417.64,31.55,1.1264,0.9998
2026-08-04,Electronic City,Hosur Road,60291,29.5,1.0667,4.45,4.32,0,Clear,No,23.37,79.75,5.45,0.5,9820.75,30.83,0.445,0.9944
2026-08-04,Electronic City,Silk Board Junction,53037,26.42,1.0677,5.18,5.09,0,Clear,No,23.37,79.75,5.45,0.5,9820.75,27.83,0.5175,1.0
2026-08-04,Hebbal,Ballari Road,58018,33.33,1.1028,7.06,6.98,0,Clear,No,23.37,79.75,5.45,0.5,9820.75,35.83,0.7058,0.9712
2026-08-04,Hebbal,Hebbal Flyover,75740,41.25,1.1949,12.13,12.08,0,Clear,No,23.37,79.75,5.45,0.5,9820.75,46.92,1.2125,0.9984
2026-08-04,Indiranagar,100 Feet Road,51238,18.33,1.1899,12.67,12.7,0,Clear,No,23.37,79.75,5.45,0.5,9820.75,21.0,1.2667,0.9986
2026-08-04,Indiranagar,CMH Road,49828,23.25,1.2764,17.24,17.46,0,Clear,No,23.37,79.75,5.45,0.5,9820.75,28.17,1.7242,1.0
2026-08-04,Jayanagar,Jayanagar 4th Block,50260,23.75,1.2896,17.92,17.87,0,Clear,No,23.37,79.75,5.45,0.5,9820.75,28.92,1.7917,0.9915
2026-08-04,Jayanagar,South End Circle,63854,26.08,1.185,12.67,12.57,0,Clear,No,23.37,79.75,5.45,0.5,9820.75,29.83,1.2667,0.9964
2026-08-04,Koramangala,Sarjapur Road,41791,34.92,1.0953,7.92,7.91,0,Clear,No,23.37,79.75,5.45,0.5,9820.75,37.92,0.7917,0.9993
2026-08-04,Koramangala,Sony World Junction,48815,23.0,1.1526,10.72,10.68,0,Clear,No,23.37,79.75,5.45,0.5,9820.75,25.75,1.0717,0.9939
2026-08-04,M.G. Road,Anil Kumble Circle,62741,20.5,1.1844,11.56,11.83,0,Clear,No,23.37,79.75,5.45,0.5,9820.75,23.25,1.1558,1.0
2026-08-04,M.G. Road,Trinity Circle,67195,29.75,1.2151,14.87,14.8,0,Clear,No,23.37,79.75,5.45,0.5,9820.75,34.92,1.4867,1.0
2026-08-04,Whitefield,ITPL Main Road,54337,26.33,1.2359,15.19,15.28,0,Clear,No,23.37,79.75,5.45,0.5,9820.75,31.08,1.5192,0.9899
2026-08-04,Whitefield,Marathahalli Bridge,48088,25.08,1.042,3.27,3.22,0,Clear,No,23.37,79.75,5.45,0.5,9820.75,25.92,0.3267,0.9975
2026-08-04,Yeshwanthpur,Tumkur Road,50430,19.42,1.0309,2.57,2.51,0,Clear,No,23.37,79.75,5.45,0.5,9820.75,19.92,0.2567,0.9955
2026-08-04,Yeshwanthpur,Yeshwanthpur Circle,63700,27.5,1.1723,12.24,12.47,0,Clear,No,23.37,79.75,5.45,0.5,9820.75,31.42,1.2242,0.9993
2026-08-05,Electronic City,Hosur Road,68694,28.54,1.1009,7.22,7.02,0,Clear,No,22.86,83.23,3.69,0.02,10000.0,30.69,0.7223,0.9924
2026-08-05,Electronic City,Silk Board Junction,49809,26.77,1.0507,3.95,3.87,0,Clear,No,22.86,83.23,3.69,0.02,10000.0,27.85,0.3954,1.0
2026-08-05,Hebbal,Ballari Road,53763,33.92,1.074,5.45,5.36,0,Clear,No,22.86,83.23,3.69,0.02,10000.0,35.85,0.5446,0.9853
2026-08-05,Hebbal,Hebbal Flyover,75176,41.54,1.1869,11.72,11.76,0,Clear,No,22.86,83.23,3.69,0.02,10000.0,47.08,1.1715,0.9978
2026-08-05,Indiranagar,100 Feet Road,51824,18.23,1.192,13.19,13.19,0,Clear,No,22.86,83.23,3.69,0.02,10000.0,21.0,1.3192,0.9979
2026-08-05,Indiranagar,CMH Road,48230,23.54,1.2331,15.86,15.93,0,Clear,No,22.86,83.23,3.69,0.02,10000.0,28.0,1.5862,1.0
2026-08-05,Jayanagar,Jayanagar 4th Block,48489,24.31,1.2438,16.17,16.18,0,Clear,No,22.86,83.23,3.69,0.02,10000.0,29.0,1.6169,0.993
2026-08-05,Jayanagar,South End Circle,55324,27.23,1.1198,8.31,8.05,0,Clear,No,22.86,83.23,3.69,0.02,10000.0,29.62,0.8308,0.998
2026-08-05,Koramangala,Sarjapur Road,44379,34.38,1.1162,9.33,9.33,0,Clear,No,22.86,83.23,3.69,0.02,10000.0,37.92,0.9331,0.9984
2026-08-05,Koramangala,Sony World Junction,51835,22.77,1.1755,13.07,13.2,0,Clear,No,22.86,83.23,3.69,0.02,10000.0,26.23,1.3069,1.0
2026-08-05,M.G. Road,Anil Kumble Circle,65066,19.92,1.1881,13.16,13.38,0,Clear,No,22.86,83.23,3.69,0.02,10000.0,23.0,1.3162,1.0
2026-08-05,M.G. Road,Trinity Circle,66710,30.0,1.2018,14.42,14.47,0,Clear,No,22.86,83.23,3.69,0.02,10000.0,35.08,1.4423,1.0
2026-08-05,Whitefield,ITPL Main Road,53955,26.23,1.2498,15.04,14.96,0,Clear,No,22.86,83.23,3.69,0.02,10000.0,30.85,1.5038,0.9908
2026-08-05,Whitefield,Marathahalli Bridge,39600,26.0,1.0,0.0,0.0,0,Clear,No,22.86,83.23,3.69,0.02,10000.0,26.0,0.0,1.0
2026-08-05,Yeshwanthpur,Tumkur Road,53169,19.31,1.0465,3.46,3.46,0,Clear,No,22.86,83.23,3.69,0.02,10000.0,20.0,0.3462,0.9908
2026-08-05,Yeshwanthpur,Yeshwanthpur Circle,66951,26.92,1.1983,14.39,14.63,0,Clear,No,22.86,83.23,3.69,0.02,10000.0,31.54,1.4392,0.9999
2026-08-06,Electronic City,Hosur Road,50470,30.55,1.0141,1.21,1.18,0,Clear,No,22.67,83.18,2.67,0.03,10000.0,30.91,0.1209,0.9991
2026-08-06,Electronic City,Silk Board Junction,60442,25.45,1.1107,8.07,7.89,0,Clear,No,22.67,83.18,2.67,0.03,10000.0,27.64,0.8073,1.0
2026-08-06,Hebbal,Ballari Road,71639,31.09,1.1916,13.47,13.42,0,Clear,No,22.67,83.18,2.67,0.03,10000.0,35.91,1.3473,0.9633
2026-08-06,Hebbal,Hebbal Flyover,86254,38.73,1.3508,17.83,17.92,0,Clear,No,22.67,83.18,2.67,0.03,10000.0,47.18,1.7827,0.9982
2026-08-06,Indiranagar,100 Feet Road,52034,18.27,1.1813,13.35,13.36,0,Clear,No,22.67,83.18,2.67,0.03,10000.0,21.09,1.3345,0.9979
2026-08-06,Indiranagar,CMH Road,53318,22.18,1.3539,20.7,20.78,0,Clear,No,22.67,83.18,2.67,0.03,10000.0,28.0,2.07,0.9987
2026-08-06,Jayanagar,Jayanagar 4th Block,55304,22.64,1.3991,22.45,22.67,0,Clear,No,22.67,83.18,2.67,0.03,10000.0,29.27,2.2455,0.9937
2026-08-06,Jayanagar,South End Circle,64749,25.18,1.1905,13.55,13.17,0,Clear,No,22.67,83.18,2.67,0.03,10000.0,29.0,1.3555,0.9969
2026-08-06,Koramangala,Sarjapur Road,47018,33.73,1.1438,11.25,11.24,0,Clear,No,22.67,83.18,2.67,0.03,10000.0,38.0,1.1255,0.999
2026-08-06,Koramangala,Sony World Junction,51944,22.55,1.1796,13.24,13.29,0,Clear,No,22.67,83.18,2.67,0.03,10000.0,26.0,1.3236,0.9955
2026-08-06,M.G. Road,Anil Kumble Circle,74051,18.55,1.3212,19.41,19.37,0,Clear,No,22.67,83.18,2.67,0.03,10000.0,23.0,1.9409,1.0
2026-08-06,M.G. Road,Trinity Circle,70324,29.09,1.2502,16.87,16.88,0,Clear,No,22.67,83.18,2.67,0.03,10000.0,35.0,1.6873,1.0
2026-08-06,Whitefield,ITPL Main Road,57818,25.36,1.3136,18.19,18.18,0,Clear,No,22.67,83.18,2.67,0.03,10000.0,31.0,1.8191,0.9886
2026-08-06,Whitefield,Marathahalli Bridge,48830,25.09,1.044,3.49,3.5,0,Clear,No,22.67,83.18,2.67,0.03,10000.0,26.0,0.3491,0.9991
2026-08-06,Yeshwanthpur,Tumkur Road,53768,19.09,1.0516,3.83,3.67,0,Clear,No,22.67,83.18,2.67,0.03,10000.0,19.82,0.3827,0.9988
2026-08-06,Yeshwanthpur,Yeshwanthpur Circle,70504,26.18,1.242,16.75,17.0,0,Clear,No,22.67,83.18,2.67,0.03,10000.0,31.55,1.6755,1.0
2026-08-07,Electronic City,Hosur Road,82447,26.67,1.1706,12.48,12.28,0,Rain,No,23.95,83.0,5.47,0.16,10000.0,30.4,1.248,0.9807
2026-08-07,Electronic City,Silk Board Junction,76202,23.13,1.2169,16.23,16.18,0,Rain,No,23.95,83.0,5.47,0.16,10000.0,27.6,1.6233,1.0
2026-08-07,Hebbal,Ballari Road,75455,30.0,1.2153,15.79,15.73,0,Rain,No,23.95,83.0,5.47,0.16,10000.0,35.6,1.5793,0.9382
2026-08-07,Hebbal,Hebbal Flyover,105864,33.6,1.4992,28.74,28.81,0,Rain,No,23.95,83.0,5.47,0.16,10000.0,47.2,2.874,0.9957
2026-08-07,Indiranagar,100 Feet Road,70339,15.13,1.4242,28.62,28.62,0,Rain,No,23.95,83.0,5.47,0.16,10000.0,21.2,2.862,0.9929
2026-08-07,Indiranagar,CMH Road,63904,19.27,1.4809,30.85,30.86,0,Rain,No,23.95,83.0,5.47,0.16,10000.0,27.87,3.0853,1.0
2026-08-07,Jayanagar,Jayanagar 4th Block,66580,19.27,1.5574,33.37,33.41,0,Rain,No,23.95,83.0,5.47,0.16,10000.0,28.93,3.3373,0.9882
2026-08-07,Jayanagar,South End Circle,79403,22.4,1.3322,23.11,22.94,0,Rain,No,23.95,83.0,5.47,0.16,10000.0,29.07,2.3107,0.9933
2026-08-07,Koramangala,Sarjapur Road,55675,30.73,1.2459,18.84,18.84,0,Rain,No,23.95,83.0,5.47,0.16,10000.0,37.87,1.884,0.9989
2026-08-07,Koramangala,Sony World Junction,65387,19.73,1.3575,24.34,24.49,0,Rain,No,23.95,83.0,5.47,0.16,10000.0,26.13,2.434,0.9974
2026-08-07,M.G. Road,Anil Kumble Circle,87550,16.67,1.4739,28.04,28.37,0,Rain,No,23.95,83.0,5.47,0.16,10000.0,23.27,2.804,1.0
2026-08-07,M.G. Road,Trinity Circle,87205,25.2,1.4402,28.16,28.14,0,Rain,No,23.95,83.0,5.47,0.16,10000.0,35.07,2.816,1.0
2026-08-07,Whitefield,ITPL Main Road,66715,22.87,1.4189,25.7,25.6,0,Rain,No,23.95,83.0,5.47,0.16,10000.0,30.73,2.57,0.9861
2026-08-07,Whitefield,Marathahalli Bridge,55887,24.33,1.122,6.27,6.17,0,Rain,No,23.95,83.0,5.47,0.16,10000.0,25.93,0.6267,0.9987
2026-08-07,Yeshwanthpur,Tumkur Road,71133,18.0,1.1527,9.77,9.7,0,Rain,No,23.95,83.0,5.47,0.16,10000.0,19.93,0.9773,0.9945
2026-08-07,Yeshwanthpur,Yeshwanthpur Circle,81792,24.0,1.3452,24.39,24.53,0,Rain,No,23.95,83.0,5.47,0.16,10000.0,31.8,2.4393,0.9997
2026-08-08,Electronic City,Hosur Road,79004,27.45,1.1573,10.73,10.52,0,Clear,No,23.65,82.9,3.59,0.1,10000.0,30.68,1.0726,0.988
2026-08-08,Electronic City,Silk Board Junction,63684,25.06,1.1226,9.3,9.12,0,Clear,No,23.65,82.9,3.59,0.1,10000.0,27.58,0.9303,1.0
2026-08-08,Hebbal,Ballari Road,68114,31.71,1.1569,11.38,11.28,0,Clear,No,23.65,82.9,3.59,0.1,10000.0,35.74,1.1384,0.9527
2026-08-08,Hebbal,Hebbal Flyover,91058,37.45,1.4208,20.47,20.59,0,Clear,No,23.65,82.9,3.59,0.1,10000.0,47.16,2.0468,0.9976
2026-08-08,Indiranagar,100 Feet Road,63975,16.13,1.3848,23.33,23.31,0,Clear,No,23.65,82.9,3.59,0.1,10000.0,21.03,2.3332,0.9929
2026-08-08,Indiranagar,CMH Road,50107,23.06,1.2527,17.64,17.72,0,Clear,No,23.65,82.9,3.59,0.1,10000.0,28.03,1.7639,1.0
2026-08-08,Jayanagar,Jayanagar 4th Block,58453,21.48,1.4267,25.67,25.67,0,Clear,No,23.65,82.9,3.59,0.1,10000.0,28.9,2.5671,0.9913
2026-08-08,Jayanagar,South End Circle,72783,23.84,1.2862,18.86,18.52,0,Clear,No,23.65,82.9,3.59,0.1,10000.0,29.26,1.8858,0.9966
2026-08-08,Koramangala,Sarjapur Road,51038,32.39,1.2055,14.77,14.77,0,Clear,No,23.65,82.9,3.59,0.1,10000.0,38.0,1.4774,0.999
2026-08-08,Koramangala,Sony World Junction,52823,22.35,1.1847,13.97,14.02,0,Clear,No,23.65,82.9,3.59,0.1,10000.0,26.0,1.3971,0.9983
2026-08-08,M.G. Road,Anil Kumble Circle,74621,18.48,1.3281,19.5,19.75,0,Clear,No,23.65,82.9,3.59,0.1,10000.0,23.03,1.9497,1.0
2026-08-08,M.G. Road,Trinity Circle,68756,29.48,1.2163,15.83,15.84,0,Clear,No,23.65,82.9,3.59,0.1,10000.0,35.03,1.5832,1.0
2026-08-08,Whitefield,ITPL Main Road,53250,26.32,1.2172,14.5,14.38,0,Clear,No,23.65,82.9,3.59,0.1,10000.0,30.74,1.4503,0.9894
2026-08-08,Whitefield,Marathahalli Bridge,56017,24.32,1.1071,6.26,6.22,0,Clear,No,23.65,82.9,3.59,0.1,10000.0,25.94,0.6265,0.999
2026-08-08,Yeshwanthpur,Tumkur Road,65281,18.26,1.097,7.77,7.67,0,Clear,No,23.65,82.9,3.59,0.1,10000.0,19.77,0.7771,0.9878
2026-08-08,Yeshwanthpur,Yeshwanthpur Circle,72732,25.74,1.2672,18.23,18.49,0,Clear,No,23.65,82.9,3.59,0.1,10000.0,31.58,1.8229,1.0
2026-08-09,Electronic City,Hosur Road,54133,30.21,1.0302,2.39,2.35,0,Clear,No,23.67,81.03,3.04,0.14,10000.0,30.94,0.2388,0.9953
2026-08-09,Electronic City,Silk Board Junction,50228,26.73,1.0496,4.08,4.03,0,Clear,No,23.67,81.03,3.04,0.14,10000.0,27.85,0.4082,1.0
2026-08-09,Hebbal,Ballari Road,52352,34.03,1.064,4.93,4.83,0,Clear,No,23.67,81.03,3.04,0.14,10000.0,35.76,0.4933,0.9745
2026-08-09,Hebbal,Hebbal Flyover,68388,43.0,1.1148,8.7,8.75,0,Clear,No,23.67,81.03,3.04,0.14,10000.0,47.12,0.8703,0.9984
2026-08-09,Indiranagar,100 Feet Road,57502,17.21,1.2716,17.97,17.92,0,Clear,No,23.67,81.03,3.04,0.14,10000.0,20.97,1.7973,0.9967
2026-08-09,Indiranagar,CMH Road,44008,24.42,1.1605,12.0,11.91,0,Clear,No,23.67,81.03,3.04,0.14,10000.0,27.73,1.2,1.0
2026-08-09,Jayanagar,Jayanagar 4th Block,52764,23.03,1.3262,20.28,20.25,0,Clear,No,23.67,81.03,3.04,0.14,10000.0,28.88,2.0276,0.9922
2026-08-09,Jayanagar,South End Circle,65854,25.33,1.2115,14.18,13.9,0,Clear,No,23.67,81.03,3.04,0.14,10000.0,29.42,1.4182,0.9963
2026-08-09,Koramangala,Sarjapur Road,43796,34.58,1.1128,9.02,9.01,0,Clear,No,23.67,81.03,3.04,0.14,10000.0,38.0,0.9018,0.9989
2026-08-09,Koramangala,Sony World Junction,48182,23.33,1.1274,10.11,10.15,0,Clear,No,23.67,81.03,3.04,0.14,10000.0,25.97,1.0112,0.9985
2026-08-09,M.G. Road,Anil Kumble Circle,61490,20.36,1.1667,11.02,10.99,0,Clear,No,23.67,81.03,3.04,0.14,10000.0,22.88,1.1015,1.0
2026-08-09,M.G. Road,Trinity Circle,62922,30.82,1.1539,11.95,11.95,0,Clear,No,23.67,81.03,3.04,0.14,10000.0,35.0,1.1948,1.0
2026-08-09,Whitefield,ITPL Main Road,43148,28.52,1.0963,7.54,7.47,0,Clear,No,23.67,81.03,3.04,0.14,10000.0,30.82,0.7536,0.9905
2026-08-09,Whitefield,Marathahalli Bridge,46069,25.33,1.0356,2.48,2.45,0,Clear,No,23.67,81.03,3.04,0.14,10000.0,25.97,0.2485,0.9997
2026-08-09,Yeshwanthpur,Tumkur Road,52405,19.27,1.0434,3.25,3.2,0,Clear,No,23.67,81.03,3.04,0.14,10000.0,19.91,0.3255,0.9865
2026-08-09,Yeshwanthpur,Yeshwanthpur Circle,62604,27.58,1.1507,11.64,11.74,0,Clear,No,23.67,81.03,3.04,0.14,10000.0,31.24,1.1642,1.0
2026-08-10,Electronic City,Hosur Road,62484,29.12,1.0685,5.19,5.03,0,Clear,No,23.44,83.46,4.11,0.11,10000.0,30.67,0.5192,0.9953
2026-08-10,Electronic City,Silk Board Junction,59390,25.71,1.1048,7.61,7.5,0,Clear,No,23.44,83.46,4.11,0.11,10000.0,27.79,0.7608,1.0
2026-08-10,Hebbal,Ballari Road,63488,32.67,1.1196,9.09,9.05,0,Clear,No,23.44,83.46,4.11,0.11,10000.0,35.92,0.9088,0.967
2026-08-10,Hebbal,Hebbal Flyover,78646,40.71,1.2677,13.6,13.69,0,Clear,No,23.44,83.46,4.11,0.11,10000.0,47.17,1.3596,0.9966
2026-08-10,Indiranagar,100 Feet Road,50047,18.54,1.1742,11.65,11.71,0,Clear,No,23.44,83.46,4.11,0.11,10000.0,21.0,1.1646,0.9973
2026-08-10,Indiranagar,CMH Road,46209,24.04,1.2027,13.97,14.01,0,Clear,No,23.44,83.46,4.11,0.11,10000.0,27.96,1.3975,0.9997
2026-08-10,Jayanagar,Jayanagar 4th Block,50563,23.67,1.3003,18.17,18.16,0,Clear,No,23.44,83.46,4.11,0.11,10000.0,28.92,1.8171,0.9913
2026-08-10,Jayanagar,South End Circle,60340,26.33,1.151,10.58,10.23,0,Clear,No,23.44,83.46,4.11,0.11,10000.0,29.33,1.0579,0.9967
2026-08-10,Koramangala,Sarjapur Road,45712,34.12,1.1294,10.11,10.1,0,Clear,No,23.44,83.46,4.11,0.11,10000.0,37.96,1.0113,0.999
2026-08-10,Koramangala,Sony World Junction,52102,22.58,1.1847,13.34,13.42,0,Clear,No,23.44,83.46,4.11,0.11,10000.0,26.08,1.3342,1.0
2026-08-10,M.G. Road,Anil Kumble Circle,63545,20.08,1.1849,12.43,12.36,0,Clear,No,23.44,83.46,4.11,0.11,10000.0,22.92,1.2433,1.0
2026-08-10,M.G. Road,Trinity Circle,66428,30.0,1.2139,14.28,14.29,0,Clear,No,23.44,83.46,4.11,0.11,10000.0,35.0,1.4275,0.9999
2026-08-10,Whitefield,ITPL Main Road,48374,27.54,1.1727,10.51,10.31,0,Clear,No,23.44,83.46,4.11,0.11,10000.0,30.71,1.0512,0.9928
2026-08-10,Whitefield,Marathahalli Bridge,55702,24.38,1.1074,6.17,6.1,0,Clear,No,23.44,83.46,4.11,0.11,10000.0,25.96,0.6167,0.9975
2026-08-10,Yeshwanthpur,Tumkur Road,50445,19.38,1.0321,2.59,2.52,0,Clear,No,23.44,83.46,4.11,0.11,10000.0,19.88,0.2588,0.9901
2026-08-10,Yeshwanthpur,Yeshwanthpur Circle,66000,26.88,1.2022,13.88,14.0,0,Clear,No,23.44,83.46,4.11,0.11,10000.0,31.25,1.3879,0.9973
2026-08-11,Electronic City,Hosur Road,67157,28.65,1.0956,6.73,6.52,0,Clear,No,24.12,79.96,3.76,0.44,10000.0,30.65,0.6735,0.9951
2026-08-11,Electronic City,Silk Board Junction,60289,25.57,1.1062,7.97,7.84,0,Clear,No,24.12,79.96,3.76,0.44,10000.0,27.74,0.797,1.0
2026-08-11,Hebbal,Ballari Road,64568,31.22,1.1196,9.48,9.46,0,Clear,No,24.12,79.96,3.76,0.44,10000.0,34.48,0.9478,0.9309
2026-08-11,Hebbal,Hebbal Flyover,75586,41.48,1.1791,11.94,11.99,0,Clear,No,24.12,79.96,3.76,0.44,10000.0,47.13,1.1943,0.9986
2026-08-11,Indiranagar,100 Feet Road,54726,17.87,1.2186,15.53,15.61,0,Clear,No,24.12,79.96,3.76,0.44,10000.0,21.17,1.553,0.9958
2026-08-11,Indiranagar,CMH Road,49875,22.96,1.2537,17.49,17.5,0,Clear,No,24.12,79.96,3.76,0.44,10000.0,27.83,1.7487,0.9997
2026-08-11,Jayanagar,Jayanagar 4th Block,54763,22.61,1.3601,22.12,22.16,0,Clear,No,24.12,79.96,3.76,0.44,10000.0,29.04,2.2122,0.9923
2026-08-11,Jayanagar,South End Circle,67991,24.74,1.2249,15.64,15.33,0,Clear,No,24.12,79.96,3.76,0.44,10000.0,29.22,1.5639,0.996
2026-08-11,Koramangala,Sarjapur Road,48939,33.09,1.1662,12.93,12.93,0,Clear,No,24.12,79.96,3.76,0.44,10000.0,38.0,1.293,0.9986
2026-08-11,Koramangala,Sony World Junction,54874,22.13,1.2166,15.58,15.73,0,Clear,No,24.12,79.96,3.76,0.44,10000.0,26.26,1.5583,1.0
2026-08-11,M.G. Road,Anil Kumble Circle,68207,19.48,1.2713,15.39,15.47,0,Clear,No,24.12,79.96,3.76,0.44,10000.0,23.04,1.5391,1.0
2026-08-11,M.G. Road,Trinity Circle,74068,28.22,1.2944,19.39,19.38,0,Clear,No,24.12,79.96,3.76,0.44,10000.0,35.0,1.9387,0.9999
2026-08-11,Whitefield,ITPL Main Road,60845,24.48,1.3457,20.77,20.7,0,Clear,No,24.12,79.96,3.76,0.44,10000.0,30.87,2.077,0.9878
2026-08-11,Whitefield,Marathahalli Bridge,52866,24.65,1.0682,5.06,5.03,0,Clear,No,24.12,79.96,3.76,0.44,10000.0,25.96,0.5057,0.9952
2026-08-11,Yeshwanthpur,Tumkur Road,51356,19.39,1.0364,2.85,2.83,0,Clear,No,24.12,79.96,3.76,0.44,10000.0,19.96,0.2848,0.9976
2026-08-11,Yeshwanthpur,Yeshwanthpur Circle,69586,26.39,1.2262,16.15,16.39,0,Clear,No,24.12,79.96,3.76,0.44,10000.0,31.57,1.6148,0.9982
2026-08-12,Electronic City,Hosur Road,63221,29.14,1.0723,5.4,5.26,0,Clear,No,24.54,77.05,4.52,0.03,9714.29,30.76,0.5395,0.9846
2026-08-12,Electronic City,Silk Board Junction,64591,25.05,1.1324,9.61,9.47,0,Clear,No,24.54,77.05,4.52,0.03,9714.29,27.67,0.9614,0.9994
2026-08-12,Hebbal,Ballari Road,60689,30.71,1.0967,7.69,7.99,0,Clear,No,24.54,77.05,4.52,0.03,9714.29,33.38,0.769,0.8933
2026-08-12,Hebbal,Hebbal Flyover,80052,40.24,1.2249,14.44,14.47,0,Clear,No,24.54,77.05,4.52,0.03,9714.29,47.05,1.4438,0.9976
2026-08-12,Indiranagar,100 Feet Road,54148,17.9,1.2073,15.1,15.12,0,Clear,No,24.54,77.05,4.52,0.03,9714.29,21.1,1.5095,0.9939
2026-08-12,Indiranagar,CMH Road,50460,22.9,1.2706,18.08,18.06,0,Clear,No,24.54,77.05,4.52,0.03,9714.29,27.95,1.8076,0.9987
2026-08-12,Jayanagar,Jayanagar 4th Block,53987,22.71,1.3424,21.43,21.42,0,Clear,No,24.54,77.05,4.52,0.03,9714.29,28.9,2.1429,0.9814
2026-08-12,Jayanagar,South End Circle,62475,26.0,1.1724,11.95,11.65,0,Clear,No,24.54,77.05,4.52,0.03,9714.29,29.43,1.1948,0.9972
2026-08-12,Koramangala,Sarjapur Road,48057,33.38,1.1552,12.16,12.16,0,Clear,No,24.54,77.05,4.52,0.03,9714.29,38.0,1.2157,0.9965
2026-08-12,Koramangala,Sony World Junction,53923,22.24,1.2064,14.86,14.94,0,Clear,No,24.54,77.05,4.52,0.03,9714.29,26.14,1.4862,0.9994
2026-08-12,M.G. Road,Anil Kumble Circle,62812,20.14,1.1887,12.0,11.88,0,Clear,No,24.54,77.05,4.52,0.03,9714.29,22.86,1.1995,1.0
2026-08-12,M.G. Road,Trinity Circle,75286,27.86,1.3158,20.2,20.19,0,Clear,No,24.54,77.05,4.52,0.03,9714.29,34.9,2.02,0.9992
2026-08-12,Whitefield,ITPL Main Road,60814,24.48,1.3816,20.72,20.68,0,Clear,No,24.54,77.05,4.52,0.03,9714.29,30.86,2.0724,0.9896
2026-08-12,Whitefield,Marathahalli Bridge,60353,24.0,1.1341,7.78,7.86,0,Clear,No,24.54,77.05,4.52,0.03,9714.29,26.05,0.7781,0.9967
2026-08-12,Yeshwanthpur,Tumkur Road,52845,19.24,1.0447,3.41,3.35,0,Clear,No,24.54,77.05,4.52,0.03,9714.29,19.9,0.341,0.9911
2026-08-12,Yeshwanthpur,Yeshwanthpur Circle,65713,27.05,1.1832,13.64,13.81,0,Clear,No,24.54,77.05,4.52,0.03,9714.29,31.38,1.3638,0.9984
2026-08-13,Electronic City,Hosur Road,62713,29.24,1.0679,5.2,5.1,0,Clear,No,24.31,78.62,4.55,0.07,9864.43,30.81,0.52,0.9834
2026-08-13,Electronic City,Silk Board Junction,45907,27.24,1.0349,2.47,2.39,0,Clear,No,24.31,78.62,4.55,0.07,9864.43,27.9,0.2467,0.9897
2026-08-13,Hebbal,Ballari Road,59610,33.1,1.0998,7.65,7.58,0,Clear,No,24.31,78.62,4.55,0.07,9864.43,35.81,0.7648,0.9602
2026-08-13,Hebbal,Hebbal Flyover,65913,43.38,1.1116,7.82,7.89,0,Clear,No,24.31,78.62,4.55,0.07,9864.43,47.1,0.7824,0.9969
2026-08-13,Indiranagar,100 Feet Road,45741,19.19,1.121,8.8,8.82,0,Clear,No,24.31,78.62,4.55,0.07,9864.43,21.05,0.8805,0.9861
2026-08-13,Indiranagar,CMH Road,42107,25.0,1.1302,10.17,10.1,0,Clear,No,24.31,78.62,4.55,0.07,9864.43,27.81,1.0167,0.9978
2026-08-13,Jayanagar,Jayanagar 4th Block,52047,23.1,1.3162,19.7,19.57,0,Clear,No,24.31,78.62,4.55,0.07,9864.43,28.71,1.9695,0.9623
2026-08-13,Jayanagar,South End Circle,64512,25.48,1.1835,13.3,13.01,0,Clear,No,24.31,78.62,4.55,0.07,9864.43,29.29,1.3295,0.982
2026-08-13,Koramangala,Sarjapur Road,35817,36.24,1.0577,4.64,4.64,0,Clear,No,24.31,78.62,4.55,0.07,9864.43,38.0,0.4638,0.9907
2026-08-13,Koramangala,Sony World Junction,39291,24.71,1.0672,5.37,5.46,0,Clear,No,24.31,78.62,4.55,0.07,9864.43,26.14,0.5367,0.9964
2026-08-13,M.G. Road,Anil Kumble Circle,67280,19.38,1.2222,14.97,14.85,0,Clear,No,24.31,78.62,4.55,0.07,9864.43,22.76,1.4971,0.9938
2026-08-13,M.G. Road,Trinity Circle,55265,32.19,1.1007,8.03,8.03,0,Clear,No,24.31,78.62,4.55,0.07,9864.43,35.0,0.8029,0.9971
2026-08-13,Whitefield,ITPL Main Road,38266,29.38,1.0684,5.0,4.93,0,Clear,No,24.31,78.62,4.55,0.07,9864.43,30.9,0.5005,0.9929
2026-08-13,Whitefield,Marathahalli Bridge,57038,24.24,1.1295,6.68,6.61,0,Clear,No,24.31,78.62,4.55,0.07,9864.43,25.95,0.6681,0.9924
2026-08-13,Yeshwanthpur,Tumkur Road,56228,19.1,1.0665,4.52,4.52,0,Clear,No,24.31,78.62,4.55,0.07,9864.43,20.0,0.4524,0.997
2026-08-13,Yeshwanthpur,Yeshwanthpur Circle,63091,27.43,1.1569,11.98,12.06,0,Clear,No,24.31,78.62,4.55,0.07,9864.43,31.19,1.1976,0.9905
2026-08-14,Electronic City,Hosur Road,82039,26.82,1.1831,12.33,12.07,0,Clear,No,23.91,79.64,4.41,0.07,10000.0,30.5,1.2332,0.9835
2026-08-14,Electronic City,Silk Board Junction,67198,24.59,1.1621,10.94,10.73,0,Clear,No,23.91,79.64,4.41,0.07,10000.0,27.55,1.0936,1.0
2026-08-14,Hebbal,Ballari Road,68020,31.64,1.147,11.31,11.22,0,Clear,No,23.91,79.64,4.41,0.07,10000.0,35.64,1.1314,0.9511
2026-08-14,Hebbal,Hebbal Flyover,84260,39.14,1.3105,16.77,16.81,0,Clear,No,23.91,79.64,4.41,0.07,10000.0,47.05,1.6773,0.9977
2026-08-14,Indiranagar,100 Feet Road,56779,17.36,1.2537,17.31,17.32,0,Clear,No,23.91,79.64,4.41,0.07,10000.0,21.0,1.7314,0.9964
2026-08-14,Indiranagar,CMH Road,50513,22.82,1.2626,18.1,18.11,0,Clear,No,23.91,79.64,4.41,0.07,10000.0,27.86,1.8095,0.9998
2026-08-14,Jayanagar,Jayanagar 4th Block,53518,22.95,1.3383,20.95,20.97,0,Clear,No,23.91,79.64,4.41,0.07,10000.0,29.05,2.0945,0.992
2026-08-14,Jayanagar,South End Circle,67127,24.95,1.2248,15.11,14.75,0,Clear,No,23.91,79.64,4.41,0.07,10000.0,29.27,1.5109,0.9961
2026-08-14,Koramangala,Sarjapur Road,51518,32.23,1.2033,15.2,15.19,0,Clear,No,23.91,79.64,4.41,0.07,10000.0,38.0,1.5195,0.9989
2026-08-14,Koramangala,Sony World Junction,56905,21.55,1.2479,17.39,17.42,0,Clear,No,23.91,79.64,4.41,0.07,10000.0,26.09,1.7386,1.0
2026-08-14,M.G. Road,Anil Kumble Circle,68168,19.41,1.2354,15.22,15.45,0,Clear,No,23.91,79.64,4.41,0.07,10000.0,22.95,1.5218,1.0
2026-08-14,M.G. Road,Trinity Circle,72979,28.55,1.2871,18.6,18.65,0,Clear,No,23.91,79.64,4.41,0.07,10000.0,35.09,1.86,1.0
2026-08-14,Whitefield,ITPL Main Road,55881,25.64,1.2628,16.66,16.57,0,Clear,No,23.91,79.64,4.41,0.07,10000.0,30.73,1.6664,0.9882
2026-08-14,Whitefield,Marathahalli Bridge,62757,23.64,1.1413,8.82,8.77,0,Clear,No,23.91,79.64,4.41,0.07,10000.0,25.91,0.8823,0.9955
2026-08-14,Yeshwanthpur,Tumkur Road,89586,15.86,1.4302,19.8,19.77,0,Clear,No,23.91,79.64,4.41,0.07,10000.0,19.77,1.9805,0.9903
2026-08-14,Yeshwanthpur,Yeshwanthpur Circle,69604,26.41,1.229,16.19,16.4,0,Clear,No,23.91,79.64,4.41,0.07,10000.0,31.59,1.6191,0.9978
2026-08-15,Electronic City,Hosur Road,58876,29.7,1.0501,3.93,3.87,0,Clear,No,24.48,73.41,5.3,0.0,10000.0,30.89,0.3926,0.9907
2026-08-15,Electronic City,Silk Board Junction,48248,26.96,1.0407,3.34,3.28,0,Clear,No,24.48,73.41,5.3,0.0,10000.0,27.87,0.3339,1.0
2026-08-15,Hebbal,Ballari Road,63993,32.46,1.1252,9.32,9.24,0,Clear,No,24.48,73.41,5.3,0.0,10000.0,35.76,0.9324,0.9461
2026-08-15,Hebbal,Hebbal Flyover,70229,42.61,1.1224,9.38,9.39,0,Clear,No,24.48,73.41,5.3,0.0,10000.0,47.02,0.938,0.9981
2026-08-15,Indiranagar,100 Feet Road,57183,17.54,1.2575,17.52,17.65,0,Clear,No,24.48,73.41,5.3,0.0,10000.0,21.3,1.7517,0.9949
2026-08-15,Indiranagar,CMH Road,44122,24.5,1.1561,12.06,12.02,0,Clear,No,24.48,73.41,5.3,0.0,10000.0,27.85,1.2057,1.0
2026-08-15,Jayanagar,Jayanagar 4th Block,55773,22.2,1.3651,23.14,23.12,0,Clear,No,24.48,73.41,5.3,0.0,10000.0,28.87,2.3137,0.99
2026-08-15,Jayanagar,South End Circle,69306,24.28,1.2558,16.7,16.2,0,Clear,No,24.48,73.41,5.3,0.0,10000.0,28.98,1.6696,0.9972
2026-08-15,Koramangala,Sarjapur Road,46127,34.04,1.1279,10.45,10.46,0,Clear,No,24.48,73.41,5.3,0.0,10000.0,38.02,1.0454,0.9979
2026-08-15,Koramangala,Sony World Junction,50472,22.83,1.1508,12.06,12.06,0,Clear,No,24.48,73.41,5.3,0.0,10000.0,25.96,1.2061,1.0
2026-08-15,M.G. Road,Anil Kumble Circle,97443,15.04,2.5932,34.71,34.96,0,Clear,No,24.48,73.41,5.3,0.0,10000.0,23.13,3.4707,0.9992
2026-08-15,M.G. Road,Trinity Circle,60725,31.37,1.1272,10.48,10.48,0,Clear,No,24.48,73.41,5.3,0.0,10000.0,35.04,1.0476,1.0
2026-08-15,Whitefield,ITPL Main Road,43954,28.41,1.1006,7.94,7.89,0,Clear,No,24.48,73.41,5.3,0.0,10000.0,30.85,0.7939,0.9913
2026-08-15,Whitefield,Marathahalli Bridge,56875,24.22,1.119,6.65,6.54,0,Clear,No,24.48,73.41,5.3,0.0,10000.0,25.91,0.6654,0.9987
2026-08-15,Yeshwanthpur,Tumkur Road,60215,18.7,1.081,6.02,5.91,0,Clear,No,24.48,73.41,5.3,0.0,10000.0,19.87,0.602,0.9882
2026-08-15,Yeshwanthpur,Yeshwanthpur Circle,66842,26.91,1.1879,14.44,14.56,0,Clear,No,24.48,73.41,5.3,0.0,10000.0,31.5,1.4441,0.9933
2026-08-16,Electronic City,Hosur Road,50918,30.51,1.017,1.36,1.32,0,Clear,No,24.65,73.8,4.94,0.06,10000.0,30.92,0.1357,0.9972
2026-08-16,Electronic City,Silk Board Junction,41528,27.73,1.009,0.76,0.73,0,Clear,No,24.65,73.8,4.94,0.06,10000.0,27.94,0.0755,1.0
2026-08-16,Hebbal,Ballari Road,52544,34.04,1.0667,5.01,4.9,0,Clear,No,24.65,73.8,4.94,0.06,10000.0,35.8,0.5008,0.9797
2026-08-16,Hebbal,Hebbal Flyover,60684,44.2,1.0759,6.05,6.07,0,Clear,No,24.65,73.8,4.94,0.06,10000.0,47.06,0.6049,0.9985
2026-08-16,Indiranagar,100 Feet Road,55190,17.8,1.2285,15.9,15.99,0,Clear,No,24.65,73.8,4.94,0.06,10000.0,21.18,1.5896,0.9968
2026-08-16,Indiranagar,CMH Road,41065,25.24,1.1205,9.49,9.44,0,Clear,No,24.65,73.8,4.94,0.06,10000.0,27.88,0.9494,1.0
2026-08-16,Jayanagar,Jayanagar 4th Block,51432,23.43,1.288,19.0,18.98,0,Clear,No,24.65,73.8,4.94,0.06,10000.0,28.92,1.9002,0.987
2026-08-16,Jayanagar,South End Circle,64050,25.53,1.1861,13.03,12.7,0,Clear,No,24.65,73.8,4.94,0.06,10000.0,29.24,1.3029,0.9968
2026-08-16,Koramangala,Sarjapur Road,41179,35.1,1.092,7.58,7.58,0,Clear,No,24.65,73.8,4.94,0.06,10000.0,37.98,0.7582,0.9989
2026-08-16,Koramangala,Sony World Junction,42654,24.14,1.0915,7.19,7.22,0,Clear,No,24.65,73.8,4.94,0.06,10000.0,26.02,0.7194,1.0
2026-08-16,M.G. Road,Anil Kumble Circle,60994,20.35,1.1549,10.83,10.66,0,Clear,No,24.65,73.8,4.94,0.06,10000.0,22.78,1.0835,1.0
2026-08-16,M.G. Road,Trinity Circle,55871,32.1,1.1003,8.28,8.28,0,Clear,No,24.65,73.8,4.94,0.06,10000.0,35.0,0.8282,1.0
2026-08-16,Whitefield,ITPL Main Road,37544,29.51,1.0551,4.58,4.55,0,Clear,No,24.65,73.8,4.94,0.06,10000.0,30.92,0.4576,0.9937
2026-08-16,Whitefield,Marathahalli Bridge,54970,24.43,1.1494,5.92,5.82,0,Clear,No,24.65,73.8,4.94,0.06,10000.0,25.94,0.5916,0.9988
2026-08-16,Yeshwanthpur,Tumkur Road,55261,19.14,1.058,4.19,4.19,0,Clear,No,24.65,73.8,4.94,0.06,10000.0,19.98,0.4188,0.9916
2026-08-16,Yeshwanthpur,Yeshwanthpur Circle,60676,27.98,1.1315,10.37,10.45,0,Clear,No,24.65,73.8,4.94,0.06,10000.0,31.24,1.0371,0.9996
2026-08-17,Electronic City,Hosur Road,71854,28.23,1.1101,8.16,8.03,0,Clear,No,24.14,76.12,4.81,0.01,10000.0,30.7,0.8156,0.9828
2026-08-17,Electronic City,Silk Board Junction,55246,26.21,1.0784,5.97,5.93,0,Clear,No,24.14,76.12,4.81,0.01,10000.0,27.86,0.597,1.0
2026-08-17,Hebbal,Ballari Road,64644,32.4,1.1276,9.55,9.49,0,Clear,No,24.14,76.12,4.81,0.01,10000.0,35.79,0.9553,0.9627
2026-08-17,Hebbal,Hebbal Flyover,79917,40.23,1.2873,14.4,14.4,0,Clear,No,24.14,76.12,4.81,0.01,10000.0,47.0,1.44,0.9974
2026-08-17,Indiranagar,100 Feet Road,49377,18.91,1.1489,11.13,11.15,0,Clear,No,24.14,76.12,4.81,0.01,10000.0,21.28,1.113,0.998
2026-08-17,Indiranagar,CMH Road,45535,24.12,1.1855,13.29,13.37,0,Clear,No,24.14,76.12,4.81,0.01,10000.0,27.84,1.3293,0.9999
2026-08-17,Jayanagar,Jayanagar 4th Block,51081,23.53,1.2976,18.68,18.65,0,Clear,No,24.14,76.12,4.81,0.01,10000.0,28.93,1.8684,0.9882
2026-08-17,Jayanagar,South End Circle,59790,26.42,1.1412,10.23,9.91,0,Clear,No,24.14,76.12,4.81,0.01,10000.0,29.33,1.0235,0.9974
2026-08-17,Koramangala,Sarjapur Road,47891,33.4,1.1575,12.01,12.01,0,Clear,No,24.14,76.12,4.81,0.01,10000.0,37.95,1.2007,0.9993
2026-08-17,Koramangala,Sony World Junction,50704,22.81,1.165,12.25,12.25,0,Clear,No,24.14,76.12,4.81,0.01,10000.0,26.0,1.2249,1.0
2026-08-17,M.G. Road,Anil Kumble Circle,64132,19.88,1.1869,12.67,12.76,0,Clear,No,24.14,76.12,4.81,0.01,10000.0,22.79,1.2674,1.0
2026-08-17,M.G. Road,Trinity Circle,64322,30.51,1.1783,12.88,12.88,0,Clear,No,24.14,76.12,4.81,0.01,10000.0,35.02,1.2879,1.0
2026-08-17,Whitefield,ITPL Main Road,49373,27.44,1.1639,11.2,11.14,0,Clear,No,24.14,76.12,4.81,0.01,10000.0,30.88,1.1205,0.9912
2026-08-17,Whitefield,Marathahalli Bridge,50708,24.88,1.0751,4.23,4.21,0,Clear,No,24.14,76.12,4.81,0.01,10000.0,25.98,0.4226,0.9986
2026-08-17,Yeshwanthpur,Tumkur Road,56689,18.93,1.0591,4.75,4.68,0,Clear,No,24.14,76.12,4.81,0.01,10000.0,19.86,0.4751,0.9907
2026-08-17,Yeshwanthpur,Yeshwanthpur Circle,64933,27.16,1.1776,13.13,13.29,0,Clear,No,24.14,76.12,4.81,0.01,10000.0,31.33,1.3135,0.9995
2026-08-18,Electronic City,Hosur Road,71404,28.15,1.11,8.07,7.89,0,Clear,No,24.98,72.74,4.46,0.2,9982.79,30.56,0.8074,0.9879
2026-08-18,Electronic City,Silk Board Junction,58526,25.9,1.0918,7.21,7.17,0,Clear,No,24.98,72.74,4.46,0.2,9982.79,27.9,0.7208,1.0
2026-08-18,Hebbal,Ballari Road,67267,31.87,1.149,10.87,10.77,0,Clear,No,24.98,72.74,4.46,0.2,9982.79,35.72,1.0872,0.9618
2026-08-18,Hebbal,Hebbal Flyover,81225,40.0,1.2385,15.06,15.13,0,Clear,No,24.98,72.74,4.46,0.2,9982.79,47.13,1.5056,0.9976
2026-08-18,Indiranagar,100 Feet Road,52028,18.79,1.1916,13.53,13.36,0,Clear,No,24.98,72.74,4.46,0.2,9982.79,21.69,1.3533,0.9971
2026-08-18,Indiranagar,CMH Road,50448,22.59,1.2601,17.75,18.05,0,Clear,No,24.98,72.74,4.46,0.2,9982.79,27.56,1.7746,0.9993
2026-08-18,Jayanagar,Jayanagar 4th Block,54988,22.51,1.3595,22.37,22.37,0,Clear,No,24.98,72.74,4.46,0.2,9982.79,29.0,2.2372,0.9869
2026-08-18,Jayanagar,South End Circle,67024,25.18,1.2123,14.91,14.68,0,Clear,No,24.98,72.74,4.46,0.2,9982.79,29.51,1.491,0.9945
2026-08-18,Koramangala,Sarjapur Road,48036,33.41,1.1543,12.15,12.14,0,Clear,No,24.98,72.74,4.46,0.2,9982.79,38.03,1.2146,0.9992
2026-08-18,Koramangala,Sony World Junction,53852,22.15,1.2007,14.83,14.88,0,Clear,No,24.98,72.74,4.46,0.2,9982.79,26.03,1.4828,1.0
2026-08-18,M.G. Road,Anil Kumble Circle,69110,18.74,1.2573,15.74,16.07,0,Clear,No,24.98,72.74,4.46,0.2,9982.79,22.33,1.5744,1.0
2026-08-18,M.G. Road,Trinity Circle,71077,29.0,1.2463,17.34,17.38,0,Clear,No,24.98,72.74,4.46,0.2,9982.79,35.1,1.7341,1.0
2026-08-18,Whitefield,ITPL Main Road,60059,24.64,1.3216,20.11,20.05,0,Clear,No,24.98,72.74,4.46,0.2,9982.79,30.82,2.0108,0.985
2026-08-18,Whitefield,Marathahalli Bridge,57878,24.13,1.1314,7.03,6.92,0,Clear,No,24.98,72.74,4.46,0.2,9982.79,25.92,0.7026,0.9979
2026-08-18,Yeshwanthpur,Tumkur Road,51364,19.33,1.0344,2.89,2.84,0,Clear,No,24.98,72.74,4.46,0.2,9982.79,19.9,0.2895,0.993
2026-08-18,Yeshwanthpur,Yeshwanthpur Circle,69390,26.41,1.2206,16.06,16.26,0,Clear,No,24.98,72.74,4.46,0.2,9982.79,31.54,1.6056,0.9994
2026-08-19,Electronic City,Hosur Road,72863,27.98,1.1134,8.55,8.35,0,Clear,No,24.16,78.42,3.92,0.03,10000.0,30.52,0.8555,0.9833
2026-08-19,Electronic City,Silk Board Junction,63277,25.38,1.1237,9.06,8.97,0,Clear,No,24.16,78.42,3.92,0.03,10000.0,27.88,0.9058,1.0
2026-08-19,Hebbal,Ballari Road,68179,31.72,1.1529,11.41,11.32,0,Clear,No,24.16,78.42,3.92,0.03,10000.0,35.78,1.141,0.9594
2026-08-19,Hebbal,Hebbal Flyover,88685,38.12,1.3175,19.19,19.27,0,Clear,No,24.16,78.42,3.92,0.03,10000.0,47.22,1.9193,0.9976
2026-08-19,Indiranagar,100 Feet Road,50305,19.02,1.1697,12.15,11.92,0,Clear,No,24.16,78.42,3.92,0.03,10000.0,21.6,1.215,0.9975
2026-08-19,Indiranagar,CMH Road,52404,22.02,1.3031,19.61,19.91,0,Clear,No,24.16,78.42,3.92,0.03,10000.0,27.5,1.9607,0.9998
2026-08-19,Jayanagar,Jayanagar 4th Block,54803,22.52,1.3524,22.18,22.19,0,Clear,No,24.16,78.42,3.92,0.03,10000.0,28.95,2.2178,0.9886
2026-08-19,Jayanagar,South End Circle,66501,25.25,1.2026,14.5,14.33,0,Clear,No,24.16,78.42,3.92,0.03,10000.0,29.48,1.4502,0.9922
2026-08-19,Koramangala,Sarjapur Road,49379,32.88,1.1771,13.34,13.32,0,Clear,No,24.16,78.42,3.92,0.03,10000.0,37.92,1.3338,0.9979
2026-08-19,Koramangala,Sony World Junction,56250,21.55,1.249,16.81,16.88,0,Clear,No,24.16,78.42,3.92,0.03,10000.0,25.92,1.6807,1.0
2026-08-19,M.G. Road,Anil Kumble Circle,70361,18.68,1.2723,16.38,16.91,0,Clear,No,24.16,78.42,3.92,0.03,10000.0,22.48,1.6375,1.0
2026-08-19,M.G. Road,Trinity Circle,73994,28.28,1.2898,19.31,19.33,0,Clear,No,24.16,78.42,3.92,0.03,10000.0,35.05,1.9312,0.9999
2026-08-19,Whitefield,ITPL Main Road,59630,24.78,1.321,19.74,19.69,0,Clear,No,24.16,78.42,3.92,0.03,10000.0,30.85,1.9742,0.986
2026-08-19,Whitefield,Marathahalli Bridge,55368,24.4,1.1001,6.01,5.97,0,Clear,No,24.16,78.42,3.92,0.03,10000.0,25.95,0.601,0.999
2026-08-19,Yeshwanthpur,Tumkur Road,61336,18.6,1.0854,6.39,6.3,0,Clear,No,24.16,78.42,3.92,0.03,10000.0,19.85,0.639,0.987
2026-08-19,Yeshwanthpur,Yeshwanthpur Circle,67684,26.8,1.2038,14.89,15.12,0,Clear,No,24.16,78.42,3.92,0.03,10000.0,31.58,1.4888,0.9985
2026-08-20,Electronic City,Hosur Road,71129,28.32,1.1101,7.96,7.8,0,Clear,No,24.36,80.89,4.5,0.04,10000.0,30.71,0.7958,0.9893
2026-08-20,Electronic City,Silk Board Junction,57033,26.05,1.0876,6.66,6.6,0,Clear,No,24.36,80.89,4.5,0.04,10000.0,27.89,0.6661,1.0
2026-08-20,Hebbal,Ballari Road,66170,32.08,1.1415,10.23,10.1,0,Clear,No,24.36,80.89,4.5,0.04,10000.0,35.68,1.0229,0.9649
2026-08-20,Hebbal,Hebbal Flyover,96589,36.0,1.497,23.58,23.66,0,Clear,No,24.36,80.89,4.5,0.04,10000.0,47.16,2.3584,0.9964
2026-08-20,Indiranagar,100 Feet Road,51347,18.84,1.181,13.04,12.79,0,Clear,No,24.36,80.89,4.5,0.04,10000.0,21.61,1.3037,0.9969
2026-08-20,Indiranagar,CMH Road,50755,22.5,1.269,18.04,18.34,0,Clear,No,24.36,80.89,4.5,0.04,10000.0,27.55,1.8037,0.9999
2026-08-20,Jayanagar,Jayanagar 4th Block,55920,22.32,1.3904,23.22,23.26,0,Clear,No,24.36,80.89,4.5,0.04,10000.0,29.08,2.3218,0.9932
2026-08-20,Jayanagar,South End Circle,68719,24.66,1.2442,16.19,15.81,0,Clear,No,24.36,80.89,4.5,0.04,10000.0,29.29,1.6187,0.9945
2026-08-20,Koramangala,Sarjapur Road,47946,33.39,1.1539,12.06,12.06,0,Clear,No,24.36,80.89,4.5,0.04,10000.0,37.97,1.2061,0.9991
2026-08-20,Koramangala,Sony World Junction,58159,21.26,1.2716,18.4,18.47,0,Clear,No,24.36,80.89,4.5,0.04,10000.0,26.08,1.8403,0.9986
2026-08-20,M.G. Road,Anil Kumble Circle,66959,19.03,1.2126,14.33,14.64,0,Clear,No,24.36,80.89,4.5,0.04,10000.0,22.29,1.4326,1.0
2026-08-20,M.G. Road,Trinity Circle,72927,28.53,1.2766,18.59,18.62,0,Clear,No,24.36,80.89,4.5,0.04,10000.0,35.05,1.8595,1.0
2026-08-20,Whitefield,ITPL Main Road,59794,24.68,1.3227,19.91,19.83,0,Clear,No,24.36,80.89,4.5,0.04,10000.0,30.79,1.9913,0.9874
2026-08-20,Whitefield,Marathahalli Bridge,51941,24.68,1.0737,4.77,4.67,0,Clear,No,24.36,80.89,4.5,0.04,10000.0,25.89,0.4774,0.9961
2026-08-20,Yeshwanthpur,Tumkur Road,72884,17.74,1.1622,10.64,10.49,0,Clear,No,24.36,80.89,4.5,0.04,10000.0,19.82,1.0639,0.9942
2026-08-20,Yeshwanthpur,Yeshwanthpur Circle,72352,25.84,1.2573,17.98,18.23,0,Clear,No,24.36,80.89,4.5,0.04,10000.0,31.61,1.7979,0.9979
2026-08-21,Electronic City,Hosur Road,60782,29.38,1.0612,4.62,4.48,0,Clear,No,23.73,78.49,4.36,0.05,10000.0,30.76,0.4622,0.9862
2026-08-21,Electronic City,Silk Board Junction,46231,27.27,1.0318,2.53,2.51,0,Clear,No,23.73,78.49,4.36,0.05,10000.0,27.97,0.2527,1.0
2026-08-21,Hebbal,Ballari Road,60321,33.0,1.1083,7.93,7.85,0,Clear,No,23.73,78.49,4.36,0.05,10000.0,35.81,0.793,0.9725
2026-08-21,Hebbal,Hebbal Flyover,74240,41.81,1.1606,11.21,11.24,0,Clear,No,23.73,78.49,4.36,0.05,10000.0,47.11,1.1214,0.9979
2026-08-21,Indiranagar,100 Feet Road,49316,19.27,1.1495,11.23,11.1,0,Clear,No,23.73,78.49,4.36,0.05,10000.0,21.68,1.1232,0.998
2026-08-21,Indiranagar,CMH Road,47047,23.32,1.1944,14.64,14.81,0,Clear,No,23.73,78.49,4.36,0.05,10000.0,27.38,1.4635,1.0
2026-08-21,Jayanagar,Jayanagar 4th Block,53915,22.7,1.3314,21.36,21.35,0,Clear,No,23.73,78.49,4.36,0.05,10000.0,28.86,2.1362,0.9826
2026-08-21,Jayanagar,South End Circle,63493,25.95,1.1698,12.51,12.33,0,Clear,No,23.73,78.49,4.36,0.05,10000.0,29.59,1.2505,0.9958
2026-08-21,Koramangala,Sarjapur Road,40880,35.11,1.091,7.42,7.41,0,Clear,No,23.73,78.49,4.36,0.05,10000.0,37.92,0.7422,0.9996
2026-08-21,Koramangala,Sony World Junction,50389,22.81,1.1637,12.01,11.99,0,Clear,No,23.73,78.49,4.36,0.05,10000.0,25.92,1.2014,0.9998
2026-08-21,M.G. Road,Anil Kumble Circle,58913,19.97,1.1295,9.5,9.55,0,Clear,No,23.73,78.49,4.36,0.05,10000.0,22.08,0.9497,1.0
2026-08-21,M.G. Road,Trinity Circle,60533,31.35,1.1298,10.36,10.36,0,Clear,No,23.73,78.49,4.36,0.05,10000.0,34.97,1.0362,1.0
2026-08-21,Whitefield,ITPL Main Road,48504,27.65,1.1447,10.48,10.42,0,Clear,No,23.73,78.49,4.36,0.05,10000.0,30.86,1.0484,0.9899
2026-08-21,Whitefield,Marathahalli Bridge,47291,25.22,1.0418,2.94,2.91,0,Clear,No,23.73,78.49,4.36,0.05,10000.0,25.97,0.2941,0.9989
2026-08-21,Yeshwanthpur,Tumkur Road,61591,18.62,1.0869,6.46,6.39,0,Clear,No,23.73,78.49,4.36,0.05,10000.0,19.89,0.6457,0.9939
2026-08-21,Yeshwanthpur,Yeshwanthpur Circle,62974,27.59,1.1522,11.86,11.98,0,Clear,No,23.73,78.49,4.36,0.05,10000.0,31.35,1.1859,0.9983
2026-08-22,Electronic City,Hosur Road,68247,28.6,1.097,7.02,6.87,0,Clear,No,23.31,81.51,4.4,0.01,10000.0,30.71,0.7024,0.9934
2026-08-22,Electronic City,Silk Board Junction,50294,26.84,1.0524,4.06,4.05,0,Clear,No,23.31,81.51,4.4,0.01,10000.0,27.98,0.406,1.0
2026-08-22,Hebbal,Ballari Road,65655,32.27,1.1269,9.93,9.87,0,Clear,No,23.31,81.51,4.4,0.01,10000.0,35.8,0.9931,0.96
2026-08-22,Hebbal,Hebbal Flyover,89103,38.07,1.2917,19.45,19.5,0,Clear,No,23.31,81.51,4.4,0.01,10000.0,47.29,1.9447,0.9978
2026-08-22,Indiranagar,100 Feet Road,59575,17.18,1.3089,20.02,19.65,0,Clear,No,23.31,81.51,4.4,0.01,10000.0,21.38,2.0016,0.9964
2026-08-22,Indiranagar,CMH Road,47752,23.18,1.204,15.32,15.48,0,Clear,No,23.31,81.51,4.4,0.01,10000.0,27.42,1.5324,1.0
2026-08-22,Jayanagar,Jayanagar 4th Block,57790,21.62,1.4133,25.09,25.04,0,Clear,No,23.31,81.51,4.4,0.01,10000.0,28.84,2.5087,0.9905
2026-08-22,Jayanagar,South End Circle,68553,24.93,1.223,15.85,15.7,0,Clear,No,23.31,81.51,4.4,0.01,10000.0,29.58,1.5847,0.9952
2026-08-22,Koramangala,Sarjapur Road,48533,33.22,1.1626,12.58,12.57,0,Clear,No,23.31,81.51,4.4,0.01,10000.0,38.0,1.258,0.9991
2026-08-22,Koramangala,Sony World Junction,52321,22.44,1.1779,13.58,13.6,0,Clear,No,23.31,81.51,4.4,0.01,10000.0,25.98,1.358,0.9999
2026-08-22,M.G. Road,Anil Kumble Circle,68042,18.73,1.2363,15.24,15.36,0,Clear,No,23.31,81.51,4.4,0.01,10000.0,22.13,1.5242,1.0
2026-08-22,M.G. Road,Trinity Circle,63666,30.64,1.1626,12.45,12.44,0,Clear,No,23.31,81.51,4.4,0.01,10000.0,35.0,1.2449,1.0
2026-08-22,Whitefield,ITPL Main Road,49131,27.49,1.1511,11.0,10.94,0,Clear,No,23.31,81.51,4.4,0.01,10000.0,30.87,1.1004,0.9905
2026-08-22,Whitefield,Marathahalli Bridge,48641,25.07,1.0546,3.47,3.42,0,Clear,No,23.31,81.51,4.4,0.01,10000.0,25.96,0.3473,0.9996
2026-08-22,Yeshwanthpur,Tumkur Road,72733,17.6,1.1417,10.53,10.41,0,Clear,No,23.31,81.51,4.4,0.01,10000.0,19.64,1.0531,0.993
2026-08-22,Yeshwanthpur,Yeshwanthpur Circle,71352,26.07,1.2387,17.36,17.57,0,Clear,No,23.31,81.51,4.4,0.01,10000.0,31.62,1.7362,0.9989
